mtllib CityPalette.mtl
o Brick
usemtl Brick
v -6.50000 0.00000 -5.50000
v 6.50000 0.00000 -5.50000
v 6.50000 9.30000 -5.50000
v -6.50000 9.30000 -5.50000
v -6.50000 0.00000 5.50000
v 6.50000 0.00000 5.50000
v 6.50000 9.30000 5.50000
v -6.50000 9.30000 5.50000
v -6.50000 9.30000 -5.50000
v 6.50000 9.30000 -5.50000
v 6.50000 9.43162 -5.50000
v -6.50000 9.43162 -5.50000
v -6.50000 9.30000 5.50000
v 6.50000 9.30000 5.50000
v 6.50000 9.43162 5.50000
v -6.50000 9.43162 5.50000
v -6.50000 9.43162 -5.50000
v -6.50000 9.43162 5.50000
v -6.50000 11.50000 0.00000
v -6.32000 9.43162 -5.50000
v -6.32000 9.43162 5.50000
v -6.32000 11.50000 0.00000
v 6.32000 9.43162 -5.50000
v 6.32000 9.43162 5.50000
v 6.32000 11.50000 0.00000
v 6.50000 9.43162 -5.50000
v 6.50000 9.43162 5.50000
v 6.50000 11.50000 0.00000
v -3.57500 9.90000 1.65500
v -2.92500 9.90000 1.65500
v -2.92500 12.10000 1.65500
v -3.57500 12.10000 1.65500
v -3.57500 9.90000 2.30500
v -2.92500 9.90000 2.30500
v -2.92500 12.10000 2.30500
v -3.57500 12.10000 2.30500
vt -1.62500 0.00000
vt -1.62500 2.32500
vt 1.62500 2.32500
vt 1.62500 0.00000
f 1/1 4/2 3/3 2/4
vt -1.62500 0.00000
vt 1.62500 0.00000
vt 1.62500 2.32500
vt -1.62500 2.32500
f 5/5 6/6 7/7 8/8
vt -1.37500 0.00000
vt 1.37500 0.00000
vt 1.37500 2.32500
vt -1.37500 2.32500
f 1/9 5/10 8/11 4/12
vt -1.37500 0.00000
vt -1.37500 2.32500
vt 1.37500 2.32500
vt 1.37500 0.00000
f 2/13 3/14 7/15 6/16
vt -1.62500 -1.37500
vt -1.62500 1.37500
vt 1.62500 1.37500
vt 1.62500 -1.37500
f 4/17 8/18 7/19 3/20
vt -1.62500 -1.37500
vt 1.62500 -1.37500
vt 1.62500 1.37500
vt -1.62500 1.37500
f 1/21 2/22 6/23 5/24
vt -1.62500 2.32500
vt -1.62500 2.35791
vt 1.62500 2.35791
vt 1.62500 2.32500
f 9/25 12/26 11/27 10/28
vt -1.62500 2.32500
vt 1.62500 2.32500
vt 1.62500 2.35791
vt -1.62500 2.35791
f 13/29 14/30 15/31 16/32
vt -1.37500 2.32500
vt 1.37500 2.32500
vt 1.37500 2.35791
vt -1.37500 2.35791
f 9/33 13/34 16/35 12/36
vt -1.37500 2.32500
vt -1.37500 2.35791
vt 1.37500 2.35791
vt 1.37500 2.32500
f 10/37 11/38 15/39 14/40
vt -1.62500 -1.37500
vt -1.62500 1.37500
vt 1.62500 1.37500
vt 1.62500 -1.37500
f 12/41 16/42 15/43 11/44
vt -1.62500 -1.37500
vt 1.62500 -1.37500
vt 1.62500 1.37500
vt -1.62500 1.37500
f 9/45 10/46 14/47 13/48
vt -1.37500 2.35791
vt 1.37500 2.35791
vt 0.00000 2.87500
f 17/49 18/50 19/51
vt -1.37500 2.35791
vt 0.00000 2.87500
vt 1.37500 2.35791
f 20/52 22/53 21/54
vt -1.37500 -1.62500
vt -1.37500 -1.58000
vt 1.37500 -1.58000
vt 1.37500 -1.62500
f 17/55 20/56 21/57 18/58
vt 1.37500 2.35791
vt 1.37500 2.35791
vt 0.00000 2.87500
vt 0.00000 2.87500
f 18/59 21/60 22/61 19/62
vt 0.00000 2.87500
vt 0.00000 2.87500
vt -1.37500 2.35791
vt -1.37500 2.35791
f 19/63 22/64 20/65 17/66
vt -1.37500 2.35791
vt 1.37500 2.35791
vt 0.00000 2.87500
f 23/67 24/68 25/69
vt -1.37500 2.35791
vt 0.00000 2.87500
vt 1.37500 2.35791
f 26/70 28/71 27/72
vt -1.37500 1.58000
vt -1.37500 1.62500
vt 1.37500 1.62500
vt 1.37500 1.58000
f 23/73 26/74 27/75 24/76
vt 1.37500 2.35791
vt 1.37500 2.35791
vt 0.00000 2.87500
vt 0.00000 2.87500
f 24/77 27/78 28/79 25/80
vt 0.00000 2.87500
vt 0.00000 2.87500
vt -1.37500 2.35791
vt -1.37500 2.35791
f 25/81 28/82 26/83 23/84
vt 2.47500 -0.89375
vt 3.02500 -0.89375
vt 3.02500 -0.73125
vt 2.47500 -0.73125
f 29/85 32/86 31/87 30/88
vt 2.47500 -0.89375
vt 2.47500 -0.73125
vt 3.02500 -0.73125
vt 3.02500 -0.89375
f 33/89 34/90 35/91 36/92
vt 2.47500 0.41375
vt 2.47500 0.57625
vt 3.02500 0.57625
vt 3.02500 0.41375
f 29/93 33/94 36/95 32/96
vt 2.47500 0.41375
vt 3.02500 0.41375
vt 3.02500 0.57625
vt 2.47500 0.57625
f 30/97 31/98 35/99 34/100
vt -0.89375 0.41375
vt -0.89375 0.57625
vt -0.73125 0.57625
vt -0.73125 0.41375
f 32/101 36/102 35/103 31/104
vt -0.89375 0.41375
vt -0.73125 0.41375
vt -0.73125 0.57625
vt -0.89375 0.57625
f 29/105 30/106 34/107 33/108
o Base
usemtl Base
v -6.57000 0.00000 -5.57000
v 6.57000 0.00000 -5.57000
v 6.57000 0.46000 -5.57000
v -6.57000 0.46000 -5.57000
v -6.57000 0.00000 5.57000
v 6.57000 0.00000 5.57000
v 6.57000 0.46000 5.57000
v -6.57000 0.46000 5.57000
v -5.41000 3.26000 -6.82500
v -2.91000 3.26000 -6.82500
v -2.91000 3.40000 -6.82500
v -5.41000 3.40000 -6.82500
v -5.41000 3.26000 -5.47500
v -2.91000 3.26000 -5.47500
v -2.91000 3.40000 -5.47500
v -5.41000 3.40000 -5.47500
v 2.91000 3.26000 -6.82500
v 5.41000 3.26000 -6.82500
v 5.41000 3.40000 -6.82500
v 2.91000 3.40000 -6.82500
v 2.91000 3.26000 -5.47500
v 5.41000 3.26000 -5.47500
v 5.41000 3.40000 -5.47500
v 2.91000 3.40000 -5.47500
vt -1.64250 0.00000
vt -1.64250 0.11500
vt 1.64250 0.11500
vt 1.64250 0.00000
f 37/109 40/110 39/111 38/112
vt -1.64250 0.00000
vt 1.64250 0.00000
vt 1.64250 0.11500
vt -1.64250 0.11500
f 41/113 42/114 43/115 44/116
vt -1.39250 0.00000
vt 1.39250 0.00000
vt 1.39250 0.11500
vt -1.39250 0.11500
f 37/117 41/118 44/119 40/120
vt -1.39250 0.00000
vt -1.39250 0.11500
vt 1.39250 0.11500
vt 1.39250 0.00000
f 38/121 39/122 43/123 42/124
vt -1.64250 -1.39250
vt -1.64250 1.39250
vt 1.64250 1.39250
vt 1.64250 -1.39250
f 40/125 44/126 43/127 39/128
vt -1.64250 -1.39250
vt 1.64250 -1.39250
vt 1.64250 1.39250
vt -1.64250 1.39250
f 37/129 38/130 42/131 41/132
vt -1.35250 0.81500
vt -1.35250 0.85000
vt -0.72750 0.85000
vt -0.72750 0.81500
f 45/133 48/134 47/135 46/136
vt -1.35250 0.81500
vt -0.72750 0.81500
vt -0.72750 0.85000
vt -1.35250 0.85000
f 49/137 50/138 51/139 52/140
vt -1.70625 0.81500
vt -1.36875 0.81500
vt -1.36875 0.85000
vt -1.70625 0.85000
f 45/141 49/142 52/143 48/144
vt -1.70625 0.81500
vt -1.70625 0.85000
vt -1.36875 0.85000
vt -1.36875 0.81500
f 46/145 47/146 51/147 50/148
vt -1.35250 -1.70625
vt -1.35250 -1.36875
vt -0.72750 -1.36875
vt -0.72750 -1.70625
f 48/149 52/150 51/151 47/152
vt -1.35250 -1.70625
vt -0.72750 -1.70625
vt -0.72750 -1.36875
vt -1.35250 -1.36875
f 45/153 46/154 50/155 49/156
vt 0.72750 0.81500
vt 0.72750 0.85000
vt 1.35250 0.85000
vt 1.35250 0.81500
f 53/157 56/158 55/159 54/160
vt 0.72750 0.81500
vt 1.35250 0.81500
vt 1.35250 0.85000
vt 0.72750 0.85000
f 57/161 58/162 59/163 60/164
vt -1.70625 0.81500
vt -1.36875 0.81500
vt -1.36875 0.85000
vt -1.70625 0.85000
f 53/165 57/166 60/167 56/168
vt -1.70625 0.81500
vt -1.70625 0.85000
vt -1.36875 0.85000
vt -1.36875 0.81500
f 54/169 55/170 59/171 58/172
vt 0.72750 -1.70625
vt 0.72750 -1.36875
vt 1.35250 -1.36875
vt 1.35250 -1.70625
f 56/173 60/174 59/175 55/176
vt 0.72750 -1.70625
vt 1.35250 -1.70625
vt 1.35250 -1.36875
vt 0.72750 -1.36875
f 53/177 54/178 58/179 57/180
o Trim
usemtl Trim
v -6.60000 3.03000 -5.60000
v 6.60000 3.03000 -5.60000
v 6.60000 3.17000 -5.60000
v -6.60000 3.17000 -5.60000
v -6.60000 3.03000 5.60000
v 6.60000 3.03000 5.60000
v 6.60000 3.17000 5.60000
v -6.60000 3.17000 5.60000
v -6.60000 6.13000 -5.60000
v 6.60000 6.13000 -5.60000
v 6.60000 6.27000 -5.60000
v -6.60000 6.27000 -5.60000
v -6.60000 6.13000 5.60000
v 6.60000 6.13000 5.60000
v 6.60000 6.27000 5.60000
v -6.60000 6.27000 5.60000
v -4.97000 0.84000 -5.63000
v -3.35000 0.84000 -5.63000
v -3.35000 2.76000 -5.63000
v -4.97000 2.76000 -5.63000
v -4.97000 0.84000 -5.43000
v -3.35000 0.84000 -5.43000
v -3.35000 2.76000 -5.43000
v -4.97000 2.76000 -5.43000
v -5.03500 0.81000 -5.88000
v -3.28500 0.81000 -5.88000
v -3.28500 0.91000 -5.88000
v -5.03500 0.91000 -5.88000
v -5.03500 0.81000 -5.48000
v -3.28500 0.81000 -5.48000
v -3.28500 0.91000 -5.48000
v -5.03500 0.91000 -5.48000
v -3.35000 0.84000 5.63000
v -4.97000 0.84000 5.63000
v -4.97000 2.76000 5.63000
v -3.35000 2.76000 5.63000
v -3.35000 0.84000 5.43000
v -4.97000 0.84000 5.43000
v -4.97000 2.76000 5.43000
v -3.35000 2.76000 5.43000
v -3.28500 0.81000 5.88000
v -5.03500 0.81000 5.88000
v -5.03500 0.91000 5.88000
v -3.28500 0.91000 5.88000
v -3.28500 0.81000 5.48000
v -5.03500 0.81000 5.48000
v -5.03500 0.91000 5.48000
v -3.28500 0.91000 5.48000
v 3.35000 0.84000 -5.63000
v 4.97000 0.84000 -5.63000
v 4.97000 2.76000 -5.63000
v 3.35000 2.76000 -5.63000
v 3.35000 0.84000 -5.43000
v 4.97000 0.84000 -5.43000
v 4.97000 2.76000 -5.43000
v 3.35000 2.76000 -5.43000
v 3.28500 0.81000 -5.88000
v 5.03500 0.81000 -5.88000
v 5.03500 0.91000 -5.88000
v 3.28500 0.91000 -5.88000
v 3.28500 0.81000 -5.48000
v 5.03500 0.81000 -5.48000
v 5.03500 0.91000 -5.48000
v 3.28500 0.91000 -5.48000
v 4.97000 0.84000 5.63000
v 3.35000 0.84000 5.63000
v 3.35000 2.76000 5.63000
v 4.97000 2.76000 5.63000
v 4.97000 0.84000 5.43000
v 3.35000 0.84000 5.43000
v 3.35000 2.76000 5.43000
v 4.97000 2.76000 5.43000
v 5.03500 0.81000 5.88000
v 3.28500 0.81000 5.88000
v 3.28500 0.91000 5.88000
v 5.03500 0.91000 5.88000
v 5.03500 0.81000 5.48000
v 3.28500 0.81000 5.48000
v 3.28500 0.91000 5.48000
v 5.03500 0.91000 5.48000
v -6.63000 0.84000 -2.16000
v -6.63000 0.84000 -3.78000
v -6.63000 2.76000 -3.78000
v -6.63000 2.76000 -2.16000
v -6.43000 0.84000 -2.16000
v -6.43000 0.84000 -3.78000
v -6.43000 2.76000 -3.78000
v -6.43000 2.76000 -2.16000
v -6.88000 0.81000 -2.09500
v -6.88000 0.81000 -3.84500
v -6.88000 0.91000 -3.84500
v -6.88000 0.91000 -2.09500
v -6.48000 0.81000 -2.09500
v -6.48000 0.81000 -3.84500
v -6.48000 0.91000 -3.84500
v -6.48000 0.91000 -2.09500
v -6.63000 0.84000 3.78000
v -6.63000 0.84000 2.16000
v -6.63000 2.76000 2.16000
v -6.63000 2.76000 3.78000
v -6.43000 0.84000 3.78000
v -6.43000 0.84000 2.16000
v -6.43000 2.76000 2.16000
v -6.43000 2.76000 3.78000
v -6.88000 0.81000 3.84500
v -6.88000 0.81000 2.09500
v -6.88000 0.91000 2.09500
v -6.88000 0.91000 3.84500
v -6.48000 0.81000 3.84500
v -6.48000 0.81000 2.09500
v -6.48000 0.91000 2.09500
v -6.48000 0.91000 3.84500
v 6.63000 0.84000 -3.78000
v 6.63000 0.84000 -2.16000
v 6.63000 2.76000 -2.16000
v 6.63000 2.76000 -3.78000
v 6.43000 0.84000 -3.78000
v 6.43000 0.84000 -2.16000
v 6.43000 2.76000 -2.16000
v 6.43000 2.76000 -3.78000
v 6.88000 0.81000 -3.84500
v 6.88000 0.81000 -2.09500
v 6.88000 0.91000 -2.09500
v 6.88000 0.91000 -3.84500
v 6.48000 0.81000 -3.84500
v 6.48000 0.81000 -2.09500
v 6.48000 0.91000 -2.09500
v 6.48000 0.91000 -3.84500
v 6.63000 0.84000 2.16000
v 6.63000 0.84000 3.78000
v 6.63000 2.76000 3.78000
v 6.63000 2.76000 2.16000
v 6.43000 0.84000 2.16000
v 6.43000 0.84000 3.78000
v 6.43000 2.76000 3.78000
v 6.43000 2.76000 2.16000
v 6.88000 0.81000 2.09500
v 6.88000 0.81000 3.84500
v 6.88000 0.91000 3.84500
v 6.88000 0.91000 2.09500
v 6.48000 0.81000 2.09500
v 6.48000 0.81000 3.84500
v 6.48000 0.91000 3.84500
v 6.48000 0.91000 2.09500
v -4.97000 3.94000 -5.63000
v -3.35000 3.94000 -5.63000
v -3.35000 5.86000 -5.63000
v -4.97000 5.86000 -5.63000
v -4.97000 3.94000 -5.43000
v -3.35000 3.94000 -5.43000
v -3.35000 5.86000 -5.43000
v -4.97000 5.86000 -5.43000
v -5.03500 3.91000 -5.88000
v -3.28500 3.91000 -5.88000
v -3.28500 4.01000 -5.88000
v -5.03500 4.01000 -5.88000
v -5.03500 3.91000 -5.48000
v -3.28500 3.91000 -5.48000
v -3.28500 4.01000 -5.48000
v -5.03500 4.01000 -5.48000
v -3.35000 3.94000 5.63000
v -4.97000 3.94000 5.63000
v -4.97000 5.86000 5.63000
v -3.35000 5.86000 5.63000
v -3.35000 3.94000 5.43000
v -4.97000 3.94000 5.43000
v -4.97000 5.86000 5.43000
v -3.35000 5.86000 5.43000
v -3.28500 3.91000 5.88000
v -5.03500 3.91000 5.88000
v -5.03500 4.01000 5.88000
v -3.28500 4.01000 5.88000
v -3.28500 3.91000 5.48000
v -5.03500 3.91000 5.48000
v -5.03500 4.01000 5.48000
v -3.28500 4.01000 5.48000
v -0.81000 3.94000 -5.63000
v 0.81000 3.94000 -5.63000
v 0.81000 5.86000 -5.63000
v -0.81000 5.86000 -5.63000
v -0.81000 3.94000 -5.43000
v 0.81000 3.94000 -5.43000
v 0.81000 5.86000 -5.43000
v -0.81000 5.86000 -5.43000
v -0.87500 3.91000 -5.88000
v 0.87500 3.91000 -5.88000
v 0.87500 4.01000 -5.88000
v -0.87500 4.01000 -5.88000
v -0.87500 3.91000 -5.48000
v 0.87500 3.91000 -5.48000
v 0.87500 4.01000 -5.48000
v -0.87500 4.01000 -5.48000
v 0.81000 3.94000 5.63000
v -0.81000 3.94000 5.63000
v -0.81000 5.86000 5.63000
v 0.81000 5.86000 5.63000
v 0.81000 3.94000 5.43000
v -0.81000 3.94000 5.43000
v -0.81000 5.86000 5.43000
v 0.81000 5.86000 5.43000
v 0.87500 3.91000 5.88000
v -0.87500 3.91000 5.88000
v -0.87500 4.01000 5.88000
v 0.87500 4.01000 5.88000
v 0.87500 3.91000 5.48000
v -0.87500 3.91000 5.48000
v -0.87500 4.01000 5.48000
v 0.87500 4.01000 5.48000
v 3.35000 3.94000 -5.63000
v 4.97000 3.94000 -5.63000
v 4.97000 5.86000 -5.63000
v 3.35000 5.86000 -5.63000
v 3.35000 3.94000 -5.43000
v 4.97000 3.94000 -5.43000
v 4.97000 5.86000 -5.43000
v 3.35000 5.86000 -5.43000
v 3.28500 3.91000 -5.88000
v 5.03500 3.91000 -5.88000
v 5.03500 4.01000 -5.88000
v 3.28500 4.01000 -5.88000
v 3.28500 3.91000 -5.48000
v 5.03500 3.91000 -5.48000
v 5.03500 4.01000 -5.48000
v 3.28500 4.01000 -5.48000
v 4.97000 3.94000 5.63000
v 3.35000 3.94000 5.63000
v 3.35000 5.86000 5.63000
v 4.97000 5.86000 5.63000
v 4.97000 3.94000 5.43000
v 3.35000 3.94000 5.43000
v 3.35000 5.86000 5.43000
v 4.97000 5.86000 5.43000
v 5.03500 3.91000 5.88000
v 3.28500 3.91000 5.88000
v 3.28500 4.01000 5.88000
v 5.03500 4.01000 5.88000
v 5.03500 3.91000 5.48000
v 3.28500 3.91000 5.48000
v 3.28500 4.01000 5.48000
v 5.03500 4.01000 5.48000
v -6.63000 3.94000 -2.16000
v -6.63000 3.94000 -3.78000
v -6.63000 5.86000 -3.78000
v -6.63000 5.86000 -2.16000
v -6.43000 3.94000 -2.16000
v -6.43000 3.94000 -3.78000
v -6.43000 5.86000 -3.78000
v -6.43000 5.86000 -2.16000
v -6.88000 3.91000 -2.09500
v -6.88000 3.91000 -3.84500
v -6.88000 4.01000 -3.84500
v -6.88000 4.01000 -2.09500
v -6.48000 3.91000 -2.09500
v -6.48000 3.91000 -3.84500
v -6.48000 4.01000 -3.84500
v -6.48000 4.01000 -2.09500
v -6.63000 3.94000 3.78000
v -6.63000 3.94000 2.16000
v -6.63000 5.86000 2.16000
v -6.63000 5.86000 3.78000
v -6.43000 3.94000 3.78000
v -6.43000 3.94000 2.16000
v -6.43000 5.86000 2.16000
v -6.43000 5.86000 3.78000
v -6.88000 3.91000 3.84500
v -6.88000 3.91000 2.09500
v -6.88000 4.01000 2.09500
v -6.88000 4.01000 3.84500
v -6.48000 3.91000 3.84500
v -6.48000 3.91000 2.09500
v -6.48000 4.01000 2.09500
v -6.48000 4.01000 3.84500
v 6.63000 3.94000 -3.78000
v 6.63000 3.94000 -2.16000
v 6.63000 5.86000 -2.16000
v 6.63000 5.86000 -3.78000
v 6.43000 3.94000 -3.78000
v 6.43000 3.94000 -2.16000
v 6.43000 5.86000 -2.16000
v 6.43000 5.86000 -3.78000
v 6.88000 3.91000 -3.84500
v 6.88000 3.91000 -2.09500
v 6.88000 4.01000 -2.09500
v 6.88000 4.01000 -3.84500
v 6.48000 3.91000 -3.84500
v 6.48000 3.91000 -2.09500
v 6.48000 4.01000 -2.09500
v 6.48000 4.01000 -3.84500
v 6.63000 3.94000 2.16000
v 6.63000 3.94000 3.78000
v 6.63000 5.86000 3.78000
v 6.63000 5.86000 2.16000
v 6.43000 3.94000 2.16000
v 6.43000 3.94000 3.78000
v 6.43000 5.86000 3.78000
v 6.43000 5.86000 2.16000
v 6.88000 3.91000 2.09500
v 6.88000 3.91000 3.84500
v 6.88000 4.01000 3.84500
v 6.88000 4.01000 2.09500
v 6.48000 3.91000 2.09500
v 6.48000 3.91000 3.84500
v 6.48000 4.01000 3.84500
v 6.48000 4.01000 2.09500
v -4.97000 7.04000 -5.63000
v -3.35000 7.04000 -5.63000
v -3.35000 8.96000 -5.63000
v -4.97000 8.96000 -5.63000
v -4.97000 7.04000 -5.43000
v -3.35000 7.04000 -5.43000
v -3.35000 8.96000 -5.43000
v -4.97000 8.96000 -5.43000
v -5.03500 7.01000 -5.88000
v -3.28500 7.01000 -5.88000
v -3.28500 7.11000 -5.88000
v -5.03500 7.11000 -5.88000
v -5.03500 7.01000 -5.48000
v -3.28500 7.01000 -5.48000
v -3.28500 7.11000 -5.48000
v -5.03500 7.11000 -5.48000
v -3.35000 7.04000 5.63000
v -4.97000 7.04000 5.63000
v -4.97000 8.96000 5.63000
v -3.35000 8.96000 5.63000
v -3.35000 7.04000 5.43000
v -4.97000 7.04000 5.43000
v -4.97000 8.96000 5.43000
v -3.35000 8.96000 5.43000
v -3.28500 7.01000 5.88000
v -5.03500 7.01000 5.88000
v -5.03500 7.11000 5.88000
v -3.28500 7.11000 5.88000
v -3.28500 7.01000 5.48000
v -5.03500 7.01000 5.48000
v -5.03500 7.11000 5.48000
v -3.28500 7.11000 5.48000
v -0.81000 7.04000 -5.63000
v 0.81000 7.04000 -5.63000
v 0.81000 8.96000 -5.63000
v -0.81000 8.96000 -5.63000
v -0.81000 7.04000 -5.43000
v 0.81000 7.04000 -5.43000
v 0.81000 8.96000 -5.43000
v -0.81000 8.96000 -5.43000
v -0.87500 7.01000 -5.88000
v 0.87500 7.01000 -5.88000
v 0.87500 7.11000 -5.88000
v -0.87500 7.11000 -5.88000
v -0.87500 7.01000 -5.48000
v 0.87500 7.01000 -5.48000
v 0.87500 7.11000 -5.48000
v -0.87500 7.11000 -5.48000
v 0.81000 7.04000 5.63000
v -0.81000 7.04000 5.63000
v -0.81000 8.96000 5.63000
v 0.81000 8.96000 5.63000
v 0.81000 7.04000 5.43000
v -0.81000 7.04000 5.43000
v -0.81000 8.96000 5.43000
v 0.81000 8.96000 5.43000
v 0.87500 7.01000 5.88000
v -0.87500 7.01000 5.88000
v -0.87500 7.11000 5.88000
v 0.87500 7.11000 5.88000
v 0.87500 7.01000 5.48000
v -0.87500 7.01000 5.48000
v -0.87500 7.11000 5.48000
v 0.87500 7.11000 5.48000
v 3.35000 7.04000 -5.63000
v 4.97000 7.04000 -5.63000
v 4.97000 8.96000 -5.63000
v 3.35000 8.96000 -5.63000
v 3.35000 7.04000 -5.43000
v 4.97000 7.04000 -5.43000
v 4.97000 8.96000 -5.43000
v 3.35000 8.96000 -5.43000
v 3.28500 7.01000 -5.88000
v 5.03500 7.01000 -5.88000
v 5.03500 7.11000 -5.88000
v 3.28500 7.11000 -5.88000
v 3.28500 7.01000 -5.48000
v 5.03500 7.01000 -5.48000
v 5.03500 7.11000 -5.48000
v 3.28500 7.11000 -5.48000
v 4.97000 7.04000 5.63000
v 3.35000 7.04000 5.63000
v 3.35000 8.96000 5.63000
v 4.97000 8.96000 5.63000
v 4.97000 7.04000 5.43000
v 3.35000 7.04000 5.43000
v 3.35000 8.96000 5.43000
v 4.97000 8.96000 5.43000
v 5.03500 7.01000 5.88000
v 3.28500 7.01000 5.88000
v 3.28500 7.11000 5.88000
v 5.03500 7.11000 5.88000
v 5.03500 7.01000 5.48000
v 3.28500 7.01000 5.48000
v 3.28500 7.11000 5.48000
v 5.03500 7.11000 5.48000
v -6.63000 7.04000 -2.16000
v -6.63000 7.04000 -3.78000
v -6.63000 8.96000 -3.78000
v -6.63000 8.96000 -2.16000
v -6.43000 7.04000 -2.16000
v -6.43000 7.04000 -3.78000
v -6.43000 8.96000 -3.78000
v -6.43000 8.96000 -2.16000
v -6.88000 7.01000 -2.09500
v -6.88000 7.01000 -3.84500
v -6.88000 7.11000 -3.84500
v -6.88000 7.11000 -2.09500
v -6.48000 7.01000 -2.09500
v -6.48000 7.01000 -3.84500
v -6.48000 7.11000 -3.84500
v -6.48000 7.11000 -2.09500
v -6.63000 7.04000 3.78000
v -6.63000 7.04000 2.16000
v -6.63000 8.96000 2.16000
v -6.63000 8.96000 3.78000
v -6.43000 7.04000 3.78000
v -6.43000 7.04000 2.16000
v -6.43000 8.96000 2.16000
v -6.43000 8.96000 3.78000
v -6.88000 7.01000 3.84500
v -6.88000 7.01000 2.09500
v -6.88000 7.11000 2.09500
v -6.88000 7.11000 3.84500
v -6.48000 7.01000 3.84500
v -6.48000 7.01000 2.09500
v -6.48000 7.11000 2.09500
v -6.48000 7.11000 3.84500
v 6.63000 7.04000 -3.78000
v 6.63000 7.04000 -2.16000
v 6.63000 8.96000 -2.16000
v 6.63000 8.96000 -3.78000
v 6.43000 7.04000 -3.78000
v 6.43000 7.04000 -2.16000
v 6.43000 8.96000 -2.16000
v 6.43000 8.96000 -3.78000
v 6.88000 7.01000 -3.84500
v 6.88000 7.01000 -2.09500
v 6.88000 7.11000 -2.09500
v 6.88000 7.11000 -3.84500
v 6.48000 7.01000 -3.84500
v 6.48000 7.01000 -2.09500
v 6.48000 7.11000 -2.09500
v 6.48000 7.11000 -3.84500
v 6.63000 7.04000 2.16000
v 6.63000 7.04000 3.78000
v 6.63000 8.96000 3.78000
v 6.63000 8.96000 2.16000
v 6.43000 7.04000 2.16000
v 6.43000 7.04000 3.78000
v 6.43000 8.96000 3.78000
v 6.43000 8.96000 2.16000
v 6.88000 7.01000 2.09500
v 6.88000 7.01000 3.84500
v 6.88000 7.11000 3.84500
v 6.88000 7.11000 2.09500
v 6.48000 7.01000 2.09500
v 6.48000 7.01000 3.84500
v 6.48000 7.11000 3.84500
v 6.48000 7.11000 2.09500
v -0.85000 0.00000 -5.71500
v 0.85000 0.00000 -5.71500
v 0.85000 2.70000 -5.71500
v -0.85000 2.70000 -5.71500
v -0.85000 0.00000 -5.46500
v 0.85000 0.00000 -5.46500
v 0.85000 2.70000 -5.46500
v -0.85000 2.70000 -5.46500
v 0.33250 1.00000 -5.86500
v 0.36750 1.00000 -5.86500
v 0.36750 1.40000 -5.86500
v 0.33250 1.40000 -5.86500
v 0.33250 1.00000 -5.81500
v 0.36750 1.00000 -5.81500
v 0.36750 1.40000 -5.81500
v 0.33250 1.40000 -5.81500
vt -1.65000 0.75750
vt -1.65000 0.79250
vt 1.65000 0.79250
vt 1.65000 0.75750
f 61/181 64/182 63/183 62/184
vt -1.65000 0.75750
vt 1.65000 0.75750
vt 1.65000 0.79250
vt -1.65000 0.79250
f 65/185 66/186 67/187 68/188
vt -1.40000 0.75750
vt 1.40000 0.75750
vt 1.40000 0.79250
vt -1.40000 0.79250
f 61/189 65/190 68/191 64/192
vt -1.40000 0.75750
vt -1.40000 0.79250
vt 1.40000 0.79250
vt 1.40000 0.75750
f 62/193 63/194 67/195 66/196
vt -1.65000 -1.40000
vt -1.65000 1.40000
vt 1.65000 1.40000
vt 1.65000 -1.40000
f 64/197 68/198 67/199 63/200
vt -1.65000 -1.40000
vt 1.65000 -1.40000
vt 1.65000 1.40000
vt -1.65000 1.40000
f 61/201 62/202 66/203 65/204
vt -1.65000 1.53250
vt -1.65000 1.56750
vt 1.65000 1.56750
vt 1.65000 1.53250
f 69/205 72/206 71/207 70/208
vt -1.65000 1.53250
vt 1.65000 1.53250
vt 1.65000 1.56750
vt -1.65000 1.56750
f 73/209 74/210 75/211 76/212
vt -1.40000 1.53250
vt 1.40000 1.53250
vt 1.40000 1.56750
vt -1.40000 1.56750
f 69/213 73/214 76/215 72/216
vt -1.40000 1.53250
vt -1.40000 1.56750
vt 1.40000 1.56750
vt 1.40000 1.53250
f 70/217 71/218 75/219 74/220
vt -1.65000 -1.40000
vt -1.65000 1.40000
vt 1.65000 1.40000
vt 1.65000 -1.40000
f 72/221 76/222 75/223 71/224
vt -1.65000 -1.40000
vt 1.65000 -1.40000
vt 1.65000 1.40000
vt -1.65000 1.40000
f 69/225 70/226 74/227 73/228
vt 0.21000 -1.24250
vt 0.69000 -1.24250
vt 0.69000 -0.83750
vt 0.21000 -0.83750
f 77/229 80/230 79/231 78/232
vt 0.21000 -1.24250
vt 0.21000 -0.83750
vt 0.69000 -0.83750
vt 0.69000 -1.24250
f 81/233 82/234 83/235 84/236
vt 0.21000 -1.40750
vt 0.21000 -1.35750
vt 0.69000 -1.35750
vt 0.69000 -1.40750
f 77/237 81/238 84/239 80/240
vt 0.21000 -1.40750
vt 0.69000 -1.40750
vt 0.69000 -1.35750
vt 0.21000 -1.35750
f 78/241 79/242 83/243 82/244
vt -1.24250 -1.40750
vt -1.24250 -1.35750
vt -0.83750 -1.35750
vt -0.83750 -1.40750
f 80/245 84/246 83/247 79/248
vt -1.24250 -1.40750
vt -0.83750 -1.40750
vt -0.83750 -1.35750
vt -1.24250 -1.35750
f 77/249 78/250 82/251 81/252
vt -1.25875 0.20250
vt -1.25875 0.22750
vt -0.82125 0.22750
vt -0.82125 0.20250
f 85/253 88/254 87/255 86/256
vt -1.25875 0.20250
vt -0.82125 0.20250
vt -0.82125 0.22750
vt -1.25875 0.22750
f 89/257 90/258 91/259 92/260
vt -1.47000 0.20250
vt -1.37000 0.20250
vt -1.37000 0.22750
vt -1.47000 0.22750
f 85/261 89/262 92/263 88/264
vt -1.47000 0.20250
vt -1.47000 0.22750
vt -1.37000 0.22750
vt -1.37000 0.20250
f 86/265 87/266 91/267 90/268
vt -1.25875 -1.47000
vt -1.25875 -1.37000
vt -0.82125 -1.37000
vt -0.82125 -1.47000
f 88/269 92/270 91/271 87/272
vt -1.25875 -1.47000
vt -0.82125 -1.47000
vt -0.82125 -1.37000
vt -1.25875 -1.37000
f 85/273 86/274 90/275 89/276
vt 0.21000 -0.83750
vt 0.69000 -0.83750
vt 0.69000 -1.24250
vt 0.21000 -1.24250
f 93/277 96/278 95/279 94/280
vt 0.21000 -0.83750
vt 0.21000 -1.24250
vt 0.69000 -1.24250
vt 0.69000 -0.83750
f 97/281 98/282 99/283 100/284
vt 0.21000 1.40750
vt 0.21000 1.35750
vt 0.69000 1.35750
vt 0.69000 1.40750
f 93/285 97/286 100/287 96/288
vt 0.21000 1.40750
vt 0.69000 1.40750
vt 0.69000 1.35750
vt 0.21000 1.35750
f 94/289 95/290 99/291 98/292
vt -0.83750 1.40750
vt -0.83750 1.35750
vt -1.24250 1.35750
vt -1.24250 1.40750
f 96/293 100/294 99/295 95/296
vt -0.83750 1.40750
vt -1.24250 1.40750
vt -1.24250 1.35750
vt -0.83750 1.35750
f 93/297 94/298 98/299 97/300
vt -0.82125 0.20250
vt -0.82125 0.22750
vt -1.25875 0.22750
vt -1.25875 0.20250
f 101/301 104/302 103/303 102/304
vt -0.82125 0.20250
vt -1.25875 0.20250
vt -1.25875 0.22750
vt -0.82125 0.22750
f 105/305 106/306 107/307 108/308
vt 1.47000 0.20250
vt 1.37000 0.20250
vt 1.37000 0.22750
vt 1.47000 0.22750
f 101/309 105/310 108/311 104/312
vt 1.47000 0.20250
vt 1.47000 0.22750
vt 1.37000 0.22750
vt 1.37000 0.20250
f 102/313 103/314 107/315 106/316
vt -0.82125 1.47000
vt -0.82125 1.37000
vt -1.25875 1.37000
vt -1.25875 1.47000
f 104/317 108/318 107/319 103/320
vt -0.82125 1.47000
vt -1.25875 1.47000
vt -1.25875 1.37000
vt -0.82125 1.37000
f 101/321 102/322 106/323 105/324
vt 0.21000 0.83750
vt 0.69000 0.83750
vt 0.69000 1.24250
vt 0.21000 1.24250
f 109/325 112/326 111/327 110/328
vt 0.21000 0.83750
vt 0.21000 1.24250
vt 0.69000 1.24250
vt 0.69000 0.83750
f 113/329 114/330 115/331 116/332
vt 0.21000 -1.40750
vt 0.21000 -1.35750
vt 0.69000 -1.35750
vt 0.69000 -1.40750
f 109/333 113/334 116/335 112/336
vt 0.21000 -1.40750
vt 0.69000 -1.40750
vt 0.69000 -1.35750
vt 0.21000 -1.35750
f 110/337 111/338 115/339 114/340
vt 0.83750 -1.40750
vt 0.83750 -1.35750
vt 1.24250 -1.35750
vt 1.24250 -1.40750
f 112/341 116/342 115/343 111/344
vt 0.83750 -1.40750
vt 1.24250 -1.40750
vt 1.24250 -1.35750
vt 0.83750 -1.35750
f 109/345 110/346 114/347 113/348
vt 0.82125 0.20250
vt 0.82125 0.22750
vt 1.25875 0.22750
vt 1.25875 0.20250
f 117/349 120/350 119/351 118/352
vt 0.82125 0.20250
vt 1.25875 0.20250
vt 1.25875 0.22750
vt 0.82125 0.22750
f 121/353 122/354 123/355 124/356
vt -1.47000 0.20250
vt -1.37000 0.20250
vt -1.37000 0.22750
vt -1.47000 0.22750
f 117/357 121/358 124/359 120/360
vt -1.47000 0.20250
vt -1.47000 0.22750
vt -1.37000 0.22750
vt -1.37000 0.20250
f 118/361 119/362 123/363 122/364
vt 0.82125 -1.47000
vt 0.82125 -1.37000
vt 1.25875 -1.37000
vt 1.25875 -1.47000
f 120/365 124/366 123/367 119/368
vt 0.82125 -1.47000
vt 1.25875 -1.47000
vt 1.25875 -1.37000
vt 0.82125 -1.37000
f 117/369 118/370 122/371 121/372
vt 0.21000 1.24250
vt 0.69000 1.24250
vt 0.69000 0.83750
vt 0.21000 0.83750
f 125/373 128/374 127/375 126/376
vt 0.21000 1.24250
vt 0.21000 0.83750
vt 0.69000 0.83750
vt 0.69000 1.24250
f 129/377 130/378 131/379 132/380
vt 0.21000 1.40750
vt 0.21000 1.35750
vt 0.69000 1.35750
vt 0.69000 1.40750
f 125/381 129/382 132/383 128/384
vt 0.21000 1.40750
vt 0.69000 1.40750
vt 0.69000 1.35750
vt 0.21000 1.35750
f 126/385 127/386 131/387 130/388
vt 1.24250 1.40750
vt 1.24250 1.35750
vt 0.83750 1.35750
vt 0.83750 1.40750
f 128/389 132/390 131/391 127/392
vt 1.24250 1.40750
vt 0.83750 1.40750
vt 0.83750 1.35750
vt 1.24250 1.35750
f 125/393 126/394 130/395 129/396
vt 1.25875 0.20250
vt 1.25875 0.22750
vt 0.82125 0.22750
vt 0.82125 0.20250
f 133/397 136/398 135/399 134/400
vt 1.25875 0.20250
vt 0.82125 0.20250
vt 0.82125 0.22750
vt 1.25875 0.22750
f 137/401 138/402 139/403 140/404
vt 1.47000 0.20250
vt 1.37000 0.20250
vt 1.37000 0.22750
vt 1.47000 0.22750
f 133/405 137/406 140/407 136/408
vt 1.47000 0.20250
vt 1.47000 0.22750
vt 1.37000 0.22750
vt 1.37000 0.20250
f 134/409 135/410 139/411 138/412
vt 1.25875 1.47000
vt 1.25875 1.37000
vt 0.82125 1.37000
vt 0.82125 1.47000
f 136/413 140/414 139/415 135/416
vt 1.25875 1.47000
vt 0.82125 1.47000
vt 0.82125 1.37000
vt 1.25875 1.37000
f 133/417 134/418 138/419 137/420
vt 0.21000 -0.54000
vt 0.69000 -0.54000
vt 0.69000 -0.94500
vt 0.21000 -0.94500
f 141/421 144/422 143/423 142/424
vt 0.21000 -0.54000
vt 0.21000 -0.94500
vt 0.69000 -0.94500
vt 0.69000 -0.54000
f 145/425 146/426 147/427 148/428
vt 0.21000 -1.65750
vt 0.21000 -1.60750
vt 0.69000 -1.60750
vt 0.69000 -1.65750
f 141/429 145/430 148/431 144/432
vt 0.21000 -1.65750
vt 0.69000 -1.65750
vt 0.69000 -1.60750
vt 0.21000 -1.60750
f 142/433 143/434 147/435 146/436
vt -0.54000 -1.65750
vt -0.54000 -1.60750
vt -0.94500 -1.60750
vt -0.94500 -1.65750
f 144/437 148/438 147/439 143/440
vt -0.54000 -1.65750
vt -0.94500 -1.65750
vt -0.94500 -1.60750
vt -0.54000 -1.60750
f 141/441 142/442 146/443 145/444
vt -0.52375 0.20250
vt -0.52375 0.22750
vt -0.96125 0.22750
vt -0.96125 0.20250
f 149/445 152/446 151/447 150/448
vt -0.52375 0.20250
vt -0.96125 0.20250
vt -0.96125 0.22750
vt -0.52375 0.22750
f 153/449 154/450 155/451 156/452
vt -1.72000 0.20250
vt -1.62000 0.20250
vt -1.62000 0.22750
vt -1.72000 0.22750
f 149/453 153/454 156/455 152/456
vt -1.72000 0.20250
vt -1.72000 0.22750
vt -1.62000 0.22750
vt -1.62000 0.20250
f 150/457 151/458 155/459 154/460
vt -0.52375 -1.72000
vt -0.52375 -1.62000
vt -0.96125 -1.62000
vt -0.96125 -1.72000
f 152/461 156/462 155/463 151/464
vt -0.52375 -1.72000
vt -0.96125 -1.72000
vt -0.96125 -1.62000
vt -0.52375 -1.62000
f 149/465 150/466 154/467 153/468
vt 0.21000 0.94500
vt 0.69000 0.94500
vt 0.69000 0.54000
vt 0.21000 0.54000
f 157/469 160/470 159/471 158/472
vt 0.21000 0.94500
vt 0.21000 0.54000
vt 0.69000 0.54000
vt 0.69000 0.94500
f 161/473 162/474 163/475 164/476
vt 0.21000 -1.65750
vt 0.21000 -1.60750
vt 0.69000 -1.60750
vt 0.69000 -1.65750
f 157/477 161/478 164/479 160/480
vt 0.21000 -1.65750
vt 0.69000 -1.65750
vt 0.69000 -1.60750
vt 0.21000 -1.60750
f 158/481 159/482 163/483 162/484
vt 0.94500 -1.65750
vt 0.94500 -1.60750
vt 0.54000 -1.60750
vt 0.54000 -1.65750
f 160/485 164/486 163/487 159/488
vt 0.94500 -1.65750
vt 0.54000 -1.65750
vt 0.54000 -1.60750
vt 0.94500 -1.60750
f 157/489 158/490 162/491 161/492
vt 0.96125 0.20250
vt 0.96125 0.22750
vt 0.52375 0.22750
vt 0.52375 0.20250
f 165/493 168/494 167/495 166/496
vt 0.96125 0.20250
vt 0.52375 0.20250
vt 0.52375 0.22750
vt 0.96125 0.22750
f 169/497 170/498 171/499 172/500
vt -1.72000 0.20250
vt -1.62000 0.20250
vt -1.62000 0.22750
vt -1.72000 0.22750
f 165/501 169/502 172/503 168/504
vt -1.72000 0.20250
vt -1.72000 0.22750
vt -1.62000 0.22750
vt -1.62000 0.20250
f 166/505 167/506 171/507 170/508
vt 0.96125 -1.72000
vt 0.96125 -1.62000
vt 0.52375 -1.62000
vt 0.52375 -1.72000
f 168/509 172/510 171/511 167/512
vt 0.96125 -1.72000
vt 0.52375 -1.72000
vt 0.52375 -1.62000
vt 0.96125 -1.62000
f 165/513 166/514 170/515 169/516
vt 0.21000 -0.94500
vt 0.69000 -0.94500
vt 0.69000 -0.54000
vt 0.21000 -0.54000
f 173/517 176/518 175/519 174/520
vt 0.21000 -0.94500
vt 0.21000 -0.54000
vt 0.69000 -0.54000
vt 0.69000 -0.94500
f 177/521 178/522 179/523 180/524
vt 0.21000 1.65750
vt 0.21000 1.60750
vt 0.69000 1.60750
vt 0.69000 1.65750
f 173/525 177/526 180/527 176/528
vt 0.21000 1.65750
vt 0.69000 1.65750
vt 0.69000 1.60750
vt 0.21000 1.60750
f 174/529 175/530 179/531 178/532
vt -0.94500 1.65750
vt -0.94500 1.60750
vt -0.54000 1.60750
vt -0.54000 1.65750
f 176/533 180/534 179/535 175/536
vt -0.94500 1.65750
vt -0.54000 1.65750
vt -0.54000 1.60750
vt -0.94500 1.60750
f 173/537 174/538 178/539 177/540
vt -0.96125 0.20250
vt -0.96125 0.22750
vt -0.52375 0.22750
vt -0.52375 0.20250
f 181/541 184/542 183/543 182/544
vt -0.96125 0.20250
vt -0.52375 0.20250
vt -0.52375 0.22750
vt -0.96125 0.22750
f 185/545 186/546 187/547 188/548
vt 1.72000 0.20250
vt 1.62000 0.20250
vt 1.62000 0.22750
vt 1.72000 0.22750
f 181/549 185/550 188/551 184/552
vt 1.72000 0.20250
vt 1.72000 0.22750
vt 1.62000 0.22750
vt 1.62000 0.20250
f 182/553 183/554 187/555 186/556
vt -0.96125 1.72000
vt -0.96125 1.62000
vt -0.52375 1.62000
vt -0.52375 1.72000
f 184/557 188/558 187/559 183/560
vt -0.96125 1.72000
vt -0.52375 1.72000
vt -0.52375 1.62000
vt -0.96125 1.62000
f 181/561 182/562 186/563 185/564
vt 0.21000 0.54000
vt 0.69000 0.54000
vt 0.69000 0.94500
vt 0.21000 0.94500
f 189/565 192/566 191/567 190/568
vt 0.21000 0.54000
vt 0.21000 0.94500
vt 0.69000 0.94500
vt 0.69000 0.54000
f 193/569 194/570 195/571 196/572
vt 0.21000 1.65750
vt 0.21000 1.60750
vt 0.69000 1.60750
vt 0.69000 1.65750
f 189/573 193/574 196/575 192/576
vt 0.21000 1.65750
vt 0.69000 1.65750
vt 0.69000 1.60750
vt 0.21000 1.60750
f 190/577 191/578 195/579 194/580
vt 0.54000 1.65750
vt 0.54000 1.60750
vt 0.94500 1.60750
vt 0.94500 1.65750
f 192/581 196/582 195/583 191/584
vt 0.54000 1.65750
vt 0.94500 1.65750
vt 0.94500 1.60750
vt 0.54000 1.60750
f 189/585 190/586 194/587 193/588
vt 0.52375 0.20250
vt 0.52375 0.22750
vt 0.96125 0.22750
vt 0.96125 0.20250
f 197/589 200/590 199/591 198/592
vt 0.52375 0.20250
vt 0.96125 0.20250
vt 0.96125 0.22750
vt 0.52375 0.22750
f 201/593 202/594 203/595 204/596
vt 1.72000 0.20250
vt 1.62000 0.20250
vt 1.62000 0.22750
vt 1.72000 0.22750
f 197/597 201/598 204/599 200/600
vt 1.72000 0.20250
vt 1.72000 0.22750
vt 1.62000 0.22750
vt 1.62000 0.20250
f 198/601 199/602 203/603 202/604
vt 0.52375 1.72000
vt 0.52375 1.62000
vt 0.96125 1.62000
vt 0.96125 1.72000
f 200/605 204/606 203/607 199/608
vt 0.52375 1.72000
vt 0.96125 1.72000
vt 0.96125 1.62000
vt 0.52375 1.62000
f 197/609 198/610 202/611 201/612
vt 0.98500 -1.24250
vt 1.46500 -1.24250
vt 1.46500 -0.83750
vt 0.98500 -0.83750
f 205/613 208/614 207/615 206/616
vt 0.98500 -1.24250
vt 0.98500 -0.83750
vt 1.46500 -0.83750
vt 1.46500 -1.24250
f 209/617 210/618 211/619 212/620
vt 0.98500 -1.40750
vt 0.98500 -1.35750
vt 1.46500 -1.35750
vt 1.46500 -1.40750
f 205/621 209/622 212/623 208/624
vt 0.98500 -1.40750
vt 1.46500 -1.40750
vt 1.46500 -1.35750
vt 0.98500 -1.35750
f 206/625 207/626 211/627 210/628
vt -1.24250 -1.40750
vt -1.24250 -1.35750
vt -0.83750 -1.35750
vt -0.83750 -1.40750
f 208/629 212/630 211/631 207/632
vt -1.24250 -1.40750
vt -0.83750 -1.40750
vt -0.83750 -1.35750
vt -1.24250 -1.35750
f 205/633 206/634 210/635 209/636
vt -1.25875 0.97750
vt -1.25875 1.00250
vt -0.82125 1.00250
vt -0.82125 0.97750
f 213/637 216/638 215/639 214/640
vt -1.25875 0.97750
vt -0.82125 0.97750
vt -0.82125 1.00250
vt -1.25875 1.00250
f 217/641 218/642 219/643 220/644
vt -1.47000 0.97750
vt -1.37000 0.97750
vt -1.37000 1.00250
vt -1.47000 1.00250
f 213/645 217/646 220/647 216/648
vt -1.47000 0.97750
vt -1.47000 1.00250
vt -1.37000 1.00250
vt -1.37000 0.97750
f 214/649 215/650 219/651 218/652
vt -1.25875 -1.47000
vt -1.25875 -1.37000
vt -0.82125 -1.37000
vt -0.82125 -1.47000
f 216/653 220/654 219/655 215/656
vt -1.25875 -1.47000
vt -0.82125 -1.47000
vt -0.82125 -1.37000
vt -1.25875 -1.37000
f 213/657 214/658 218/659 217/660
vt 0.98500 -0.83750
vt 1.46500 -0.83750
vt 1.46500 -1.24250
vt 0.98500 -1.24250
f 221/661 224/662 223/663 222/664
vt 0.98500 -0.83750
vt 0.98500 -1.24250
vt 1.46500 -1.24250
vt 1.46500 -0.83750
f 225/665 226/666 227/667 228/668
vt 0.98500 1.40750
vt 0.98500 1.35750
vt 1.46500 1.35750
vt 1.46500 1.40750
f 221/669 225/670 228/671 224/672
vt 0.98500 1.40750
vt 1.46500 1.40750
vt 1.46500 1.35750
vt 0.98500 1.35750
f 222/673 223/674 227/675 226/676
vt -0.83750 1.40750
vt -0.83750 1.35750
vt -1.24250 1.35750
vt -1.24250 1.40750
f 224/677 228/678 227/679 223/680
vt -0.83750 1.40750
vt -1.24250 1.40750
vt -1.24250 1.35750
vt -0.83750 1.35750
f 221/681 222/682 226/683 225/684
vt -0.82125 0.97750
vt -0.82125 1.00250
vt -1.25875 1.00250
vt -1.25875 0.97750
f 229/685 232/686 231/687 230/688
vt -0.82125 0.97750
vt -1.25875 0.97750
vt -1.25875 1.00250
vt -0.82125 1.00250
f 233/689 234/690 235/691 236/692
vt 1.47000 0.97750
vt 1.37000 0.97750
vt 1.37000 1.00250
vt 1.47000 1.00250
f 229/693 233/694 236/695 232/696
vt 1.47000 0.97750
vt 1.47000 1.00250
vt 1.37000 1.00250
vt 1.37000 0.97750
f 230/697 231/698 235/699 234/700
vt -0.82125 1.47000
vt -0.82125 1.37000
vt -1.25875 1.37000
vt -1.25875 1.47000
f 232/701 236/702 235/703 231/704
vt -0.82125 1.47000
vt -1.25875 1.47000
vt -1.25875 1.37000
vt -0.82125 1.37000
f 229/705 230/706 234/707 233/708
vt 0.98500 -0.20250
vt 1.46500 -0.20250
vt 1.46500 0.20250
vt 0.98500 0.20250
f 237/709 240/710 239/711 238/712
vt 0.98500 -0.20250
vt 0.98500 0.20250
vt 1.46500 0.20250
vt 1.46500 -0.20250
f 241/713 242/714 243/715 244/716
vt 0.98500 -1.40750
vt 0.98500 -1.35750
vt 1.46500 -1.35750
vt 1.46500 -1.40750
f 237/717 241/718 244/719 240/720
vt 0.98500 -1.40750
vt 1.46500 -1.40750
vt 1.46500 -1.35750
vt 0.98500 -1.35750
f 238/721 239/722 243/723 242/724
vt -0.20250 -1.40750
vt -0.20250 -1.35750
vt 0.20250 -1.35750
vt 0.20250 -1.40750
f 240/725 244/726 243/727 239/728
vt -0.20250 -1.40750
vt 0.20250 -1.40750
vt 0.20250 -1.35750
vt -0.20250 -1.35750
f 237/729 238/730 242/731 241/732
vt -0.21875 0.97750
vt -0.21875 1.00250
vt 0.21875 1.00250
vt 0.21875 0.97750
f 245/733 248/734 247/735 246/736
vt -0.21875 0.97750
vt 0.21875 0.97750
vt 0.21875 1.00250
vt -0.21875 1.00250
f 249/737 250/738 251/739 252/740
vt -1.47000 0.97750
vt -1.37000 0.97750
vt -1.37000 1.00250
vt -1.47000 1.00250
f 245/741 249/742 252/743 248/744
vt -1.47000 0.97750
vt -1.47000 1.00250
vt -1.37000 1.00250
vt -1.37000 0.97750
f 246/745 247/746 251/747 250/748
vt -0.21875 -1.47000
vt -0.21875 -1.37000
vt 0.21875 -1.37000
vt 0.21875 -1.47000
f 248/749 252/750 251/751 247/752
vt -0.21875 -1.47000
vt 0.21875 -1.47000
vt 0.21875 -1.37000
vt -0.21875 -1.37000
f 245/753 246/754 250/755 249/756
vt 0.98500 0.20250
vt 1.46500 0.20250
vt 1.46500 -0.20250
vt 0.98500 -0.20250
f 253/757 256/758 255/759 254/760
vt 0.98500 0.20250
vt 0.98500 -0.20250
vt 1.46500 -0.20250
vt 1.46500 0.20250
f 257/761 258/762 259/763 260/764
vt 0.98500 1.40750
vt 0.98500 1.35750
vt 1.46500 1.35750
vt 1.46500 1.40750
f 253/765 257/766 260/767 256/768
vt 0.98500 1.40750
vt 1.46500 1.40750
vt 1.46500 1.35750
vt 0.98500 1.35750
f 254/769 255/770 259/771 258/772
vt 0.20250 1.40750
vt 0.20250 1.35750
vt -0.20250 1.35750
vt -0.20250 1.40750
f 256/773 260/774 259/775 255/776
vt 0.20250 1.40750
vt -0.20250 1.40750
vt -0.20250 1.35750
vt 0.20250 1.35750
f 253/777 254/778 258/779 257/780
vt 0.21875 0.97750
vt 0.21875 1.00250
vt -0.21875 1.00250
vt -0.21875 0.97750
f 261/781 264/782 263/783 262/784
vt 0.21875 0.97750
vt -0.21875 0.97750
vt -0.21875 1.00250
vt 0.21875 1.00250
f 265/785 266/786 267/787 268/788
vt 1.47000 0.97750
vt 1.37000 0.97750
vt 1.37000 1.00250
vt 1.47000 1.00250
f 261/789 265/790 268/791 264/792
vt 1.47000 0.97750
vt 1.47000 1.00250
vt 1.37000 1.00250
vt 1.37000 0.97750
f 262/793 263/794 267/795 266/796
vt 0.21875 1.47000
vt 0.21875 1.37000
vt -0.21875 1.37000
vt -0.21875 1.47000
f 264/797 268/798 267/799 263/800
vt 0.21875 1.47000
vt -0.21875 1.47000
vt -0.21875 1.37000
vt 0.21875 1.37000
f 261/801 262/802 266/803 265/804
vt 0.98500 0.83750
vt 1.46500 0.83750
vt 1.46500 1.24250
vt 0.98500 1.24250
f 269/805 272/806 271/807 270/808
vt 0.98500 0.83750
vt 0.98500 1.24250
vt 1.46500 1.24250
vt 1.46500 0.83750
f 273/809 274/810 275/811 276/812
vt 0.98500 -1.40750
vt 0.98500 -1.35750
vt 1.46500 -1.35750
vt 1.46500 -1.40750
f 269/813 273/814 276/815 272/816
vt 0.98500 -1.40750
vt 1.46500 -1.40750
vt 1.46500 -1.35750
vt 0.98500 -1.35750
f 270/817 271/818 275/819 274/820
vt 0.83750 -1.40750
vt 0.83750 -1.35750
vt 1.24250 -1.35750
vt 1.24250 -1.40750
f 272/821 276/822 275/823 271/824
vt 0.83750 -1.40750
vt 1.24250 -1.40750
vt 1.24250 -1.35750
vt 0.83750 -1.35750
f 269/825 270/826 274/827 273/828
vt 0.82125 0.97750
vt 0.82125 1.00250
vt 1.25875 1.00250
vt 1.25875 0.97750
f 277/829 280/830 279/831 278/832
vt 0.82125 0.97750
vt 1.25875 0.97750
vt 1.25875 1.00250
vt 0.82125 1.00250
f 281/833 282/834 283/835 284/836
vt -1.47000 0.97750
vt -1.37000 0.97750
vt -1.37000 1.00250
vt -1.47000 1.00250
f 277/837 281/838 284/839 280/840
vt -1.47000 0.97750
vt -1.47000 1.00250
vt -1.37000 1.00250
vt -1.37000 0.97750
f 278/841 279/842 283/843 282/844
vt 0.82125 -1.47000
vt 0.82125 -1.37000
vt 1.25875 -1.37000
vt 1.25875 -1.47000
f 280/845 284/846 283/847 279/848
vt 0.82125 -1.47000
vt 1.25875 -1.47000
vt 1.25875 -1.37000
vt 0.82125 -1.37000
f 277/849 278/850 282/851 281/852
vt 0.98500 1.24250
vt 1.46500 1.24250
vt 1.46500 0.83750
vt 0.98500 0.83750
f 285/853 288/854 287/855 286/856
vt 0.98500 1.24250
vt 0.98500 0.83750
vt 1.46500 0.83750
vt 1.46500 1.24250
f 289/857 290/858 291/859 292/860
vt 0.98500 1.40750
vt 0.98500 1.35750
vt 1.46500 1.35750
vt 1.46500 1.40750
f 285/861 289/862 292/863 288/864
vt 0.98500 1.40750
vt 1.46500 1.40750
vt 1.46500 1.35750
vt 0.98500 1.35750
f 286/865 287/866 291/867 290/868
vt 1.24250 1.40750
vt 1.24250 1.35750
vt 0.83750 1.35750
vt 0.83750 1.40750
f 288/869 292/870 291/871 287/872
vt 1.24250 1.40750
vt 0.83750 1.40750
vt 0.83750 1.35750
vt 1.24250 1.35750
f 285/873 286/874 290/875 289/876
vt 1.25875 0.97750
vt 1.25875 1.00250
vt 0.82125 1.00250
vt 0.82125 0.97750
f 293/877 296/878 295/879 294/880
vt 1.25875 0.97750
vt 0.82125 0.97750
vt 0.82125 1.00250
vt 1.25875 1.00250
f 297/881 298/882 299/883 300/884
vt 1.47000 0.97750
vt 1.37000 0.97750
vt 1.37000 1.00250
vt 1.47000 1.00250
f 293/885 297/886 300/887 296/888
vt 1.47000 0.97750
vt 1.47000 1.00250
vt 1.37000 1.00250
vt 1.37000 0.97750
f 294/889 295/890 299/891 298/892
vt 1.25875 1.47000
vt 1.25875 1.37000
vt 0.82125 1.37000
vt 0.82125 1.47000
f 296/893 300/894 299/895 295/896
vt 1.25875 1.47000
vt 0.82125 1.47000
vt 0.82125 1.37000
vt 1.25875 1.37000
f 293/897 294/898 298/899 297/900
vt 0.98500 -0.54000
vt 1.46500 -0.54000
vt 1.46500 -0.94500
vt 0.98500 -0.94500
f 301/901 304/902 303/903 302/904
vt 0.98500 -0.54000
vt 0.98500 -0.94500
vt 1.46500 -0.94500
vt 1.46500 -0.54000
f 305/905 306/906 307/907 308/908
vt 0.98500 -1.65750
vt 0.98500 -1.60750
vt 1.46500 -1.60750
vt 1.46500 -1.65750
f 301/909 305/910 308/911 304/912
vt 0.98500 -1.65750
vt 1.46500 -1.65750
vt 1.46500 -1.60750
vt 0.98500 -1.60750
f 302/913 303/914 307/915 306/916
vt -0.54000 -1.65750
vt -0.54000 -1.60750
vt -0.94500 -1.60750
vt -0.94500 -1.65750
f 304/917 308/918 307/919 303/920
vt -0.54000 -1.65750
vt -0.94500 -1.65750
vt -0.94500 -1.60750
vt -0.54000 -1.60750
f 301/921 302/922 306/923 305/924
vt -0.52375 0.97750
vt -0.52375 1.00250
vt -0.96125 1.00250
vt -0.96125 0.97750
f 309/925 312/926 311/927 310/928
vt -0.52375 0.97750
vt -0.96125 0.97750
vt -0.96125 1.00250
vt -0.52375 1.00250
f 313/929 314/930 315/931 316/932
vt -1.72000 0.97750
vt -1.62000 0.97750
vt -1.62000 1.00250
vt -1.72000 1.00250
f 309/933 313/934 316/935 312/936
vt -1.72000 0.97750
vt -1.72000 1.00250
vt -1.62000 1.00250
vt -1.62000 0.97750
f 310/937 311/938 315/939 314/940
vt -0.52375 -1.72000
vt -0.52375 -1.62000
vt -0.96125 -1.62000
vt -0.96125 -1.72000
f 312/941 316/942 315/943 311/944
vt -0.52375 -1.72000
vt -0.96125 -1.72000
vt -0.96125 -1.62000
vt -0.52375 -1.62000
f 309/945 310/946 314/947 313/948
vt 0.98500 0.94500
vt 1.46500 0.94500
vt 1.46500 0.54000
vt 0.98500 0.54000
f 317/949 320/950 319/951 318/952
vt 0.98500 0.94500
vt 0.98500 0.54000
vt 1.46500 0.54000
vt 1.46500 0.94500
f 321/953 322/954 323/955 324/956
vt 0.98500 -1.65750
vt 0.98500 -1.60750
vt 1.46500 -1.60750
vt 1.46500 -1.65750
f 317/957 321/958 324/959 320/960
vt 0.98500 -1.65750
vt 1.46500 -1.65750
vt 1.46500 -1.60750
vt 0.98500 -1.60750
f 318/961 319/962 323/963 322/964
vt 0.94500 -1.65750
vt 0.94500 -1.60750
vt 0.54000 -1.60750
vt 0.54000 -1.65750
f 320/965 324/966 323/967 319/968
vt 0.94500 -1.65750
vt 0.54000 -1.65750
vt 0.54000 -1.60750
vt 0.94500 -1.60750
f 317/969 318/970 322/971 321/972
vt 0.96125 0.97750
vt 0.96125 1.00250
vt 0.52375 1.00250
vt 0.52375 0.97750
f 325/973 328/974 327/975 326/976
vt 0.96125 0.97750
vt 0.52375 0.97750
vt 0.52375 1.00250
vt 0.96125 1.00250
f 329/977 330/978 331/979 332/980
vt -1.72000 0.97750
vt -1.62000 0.97750
vt -1.62000 1.00250
vt -1.72000 1.00250
f 325/981 329/982 332/983 328/984
vt -1.72000 0.97750
vt -1.72000 1.00250
vt -1.62000 1.00250
vt -1.62000 0.97750
f 326/985 327/986 331/987 330/988
vt 0.96125 -1.72000
vt 0.96125 -1.62000
vt 0.52375 -1.62000
vt 0.52375 -1.72000
f 328/989 332/990 331/991 327/992
vt 0.96125 -1.72000
vt 0.52375 -1.72000
vt 0.52375 -1.62000
vt 0.96125 -1.62000
f 325/993 326/994 330/995 329/996
vt 0.98500 -0.94500
vt 1.46500 -0.94500
vt 1.46500 -0.54000
vt 0.98500 -0.54000
f 333/997 336/998 335/999 334/1000
vt 0.98500 -0.94500
vt 0.98500 -0.54000
vt 1.46500 -0.54000
vt 1.46500 -0.94500
f 337/1001 338/1002 339/1003 340/1004
vt 0.98500 1.65750
vt 0.98500 1.60750
vt 1.46500 1.60750
vt 1.46500 1.65750
f 333/1005 337/1006 340/1007 336/1008
vt 0.98500 1.65750
vt 1.46500 1.65750
vt 1.46500 1.60750
vt 0.98500 1.60750
f 334/1009 335/1010 339/1011 338/1012
vt -0.94500 1.65750
vt -0.94500 1.60750
vt -0.54000 1.60750
vt -0.54000 1.65750
f 336/1013 340/1014 339/1015 335/1016
vt -0.94500 1.65750
vt -0.54000 1.65750
vt -0.54000 1.60750
vt -0.94500 1.60750
f 333/1017 334/1018 338/1019 337/1020
vt -0.96125 0.97750
vt -0.96125 1.00250
vt -0.52375 1.00250
vt -0.52375 0.97750
f 341/1021 344/1022 343/1023 342/1024
vt -0.96125 0.97750
vt -0.52375 0.97750
vt -0.52375 1.00250
vt -0.96125 1.00250
f 345/1025 346/1026 347/1027 348/1028
vt 1.72000 0.97750
vt 1.62000 0.97750
vt 1.62000 1.00250
vt 1.72000 1.00250
f 341/1029 345/1030 348/1031 344/1032
vt 1.72000 0.97750
vt 1.72000 1.00250
vt 1.62000 1.00250
vt 1.62000 0.97750
f 342/1033 343/1034 347/1035 346/1036
vt -0.96125 1.72000
vt -0.96125 1.62000
vt -0.52375 1.62000
vt -0.52375 1.72000
f 344/1037 348/1038 347/1039 343/1040
vt -0.96125 1.72000
vt -0.52375 1.72000
vt -0.52375 1.62000
vt -0.96125 1.62000
f 341/1041 342/1042 346/1043 345/1044
vt 0.98500 0.54000
vt 1.46500 0.54000
vt 1.46500 0.94500
vt 0.98500 0.94500
f 349/1045 352/1046 351/1047 350/1048
vt 0.98500 0.54000
vt 0.98500 0.94500
vt 1.46500 0.94500
vt 1.46500 0.54000
f 353/1049 354/1050 355/1051 356/1052
vt 0.98500 1.65750
vt 0.98500 1.60750
vt 1.46500 1.60750
vt 1.46500 1.65750
f 349/1053 353/1054 356/1055 352/1056
vt 0.98500 1.65750
vt 1.46500 1.65750
vt 1.46500 1.60750
vt 0.98500 1.60750
f 350/1057 351/1058 355/1059 354/1060
vt 0.54000 1.65750
vt 0.54000 1.60750
vt 0.94500 1.60750
vt 0.94500 1.65750
f 352/1061 356/1062 355/1063 351/1064
vt 0.54000 1.65750
vt 0.94500 1.65750
vt 0.94500 1.60750
vt 0.54000 1.60750
f 349/1065 350/1066 354/1067 353/1068
vt 0.52375 0.97750
vt 0.52375 1.00250
vt 0.96125 1.00250
vt 0.96125 0.97750
f 357/1069 360/1070 359/1071 358/1072
vt 0.52375 0.97750
vt 0.96125 0.97750
vt 0.96125 1.00250
vt 0.52375 1.00250
f 361/1073 362/1074 363/1075 364/1076
vt 1.72000 0.97750
vt 1.62000 0.97750
vt 1.62000 1.00250
vt 1.72000 1.00250
f 357/1077 361/1078 364/1079 360/1080
vt 1.72000 0.97750
vt 1.72000 1.00250
vt 1.62000 1.00250
vt 1.62000 0.97750
f 358/1081 359/1082 363/1083 362/1084
vt 0.52375 1.72000
vt 0.52375 1.62000
vt 0.96125 1.62000
vt 0.96125 1.72000
f 360/1085 364/1086 363/1087 359/1088
vt 0.52375 1.72000
vt 0.96125 1.72000
vt 0.96125 1.62000
vt 0.52375 1.62000
f 357/1089 358/1090 362/1091 361/1092
vt 1.76000 -1.24250
vt 2.24000 -1.24250
vt 2.24000 -0.83750
vt 1.76000 -0.83750
f 365/1093 368/1094 367/1095 366/1096
vt 1.76000 -1.24250
vt 1.76000 -0.83750
vt 2.24000 -0.83750
vt 2.24000 -1.24250
f 369/1097 370/1098 371/1099 372/1100
vt 1.76000 -1.40750
vt 1.76000 -1.35750
vt 2.24000 -1.35750
vt 2.24000 -1.40750
f 365/1101 369/1102 372/1103 368/1104
vt 1.76000 -1.40750
vt 2.24000 -1.40750
vt 2.24000 -1.35750
vt 1.76000 -1.35750
f 366/1105 367/1106 371/1107 370/1108
vt -1.24250 -1.40750
vt -1.24250 -1.35750
vt -0.83750 -1.35750
vt -0.83750 -1.40750
f 368/1109 372/1110 371/1111 367/1112
vt -1.24250 -1.40750
vt -0.83750 -1.40750
vt -0.83750 -1.35750
vt -1.24250 -1.35750
f 365/1113 366/1114 370/1115 369/1116
vt -1.25875 1.75250
vt -1.25875 1.77750
vt -0.82125 1.77750
vt -0.82125 1.75250
f 373/1117 376/1118 375/1119 374/1120
vt -1.25875 1.75250
vt -0.82125 1.75250
vt -0.82125 1.77750
vt -1.25875 1.77750
f 377/1121 378/1122 379/1123 380/1124
vt -1.47000 1.75250
vt -1.37000 1.75250
vt -1.37000 1.77750
vt -1.47000 1.77750
f 373/1125 377/1126 380/1127 376/1128
vt -1.47000 1.75250
vt -1.47000 1.77750
vt -1.37000 1.77750
vt -1.37000 1.75250
f 374/1129 375/1130 379/1131 378/1132
vt -1.25875 -1.47000
vt -1.25875 -1.37000
vt -0.82125 -1.37000
vt -0.82125 -1.47000
f 376/1133 380/1134 379/1135 375/1136
vt -1.25875 -1.47000
vt -0.82125 -1.47000
vt -0.82125 -1.37000
vt -1.25875 -1.37000
f 373/1137 374/1138 378/1139 377/1140
vt 1.76000 -0.83750
vt 2.24000 -0.83750
vt 2.24000 -1.24250
vt 1.76000 -1.24250
f 381/1141 384/1142 383/1143 382/1144
vt 1.76000 -0.83750
vt 1.76000 -1.24250
vt 2.24000 -1.24250
vt 2.24000 -0.83750
f 385/1145 386/1146 387/1147 388/1148
vt 1.76000 1.40750
vt 1.76000 1.35750
vt 2.24000 1.35750
vt 2.24000 1.40750
f 381/1149 385/1150 388/1151 384/1152
vt 1.76000 1.40750
vt 2.24000 1.40750
vt 2.24000 1.35750
vt 1.76000 1.35750
f 382/1153 383/1154 387/1155 386/1156
vt -0.83750 1.40750
vt -0.83750 1.35750
vt -1.24250 1.35750
vt -1.24250 1.40750
f 384/1157 388/1158 387/1159 383/1160
vt -0.83750 1.40750
vt -1.24250 1.40750
vt -1.24250 1.35750
vt -0.83750 1.35750
f 381/1161 382/1162 386/1163 385/1164
vt -0.82125 1.75250
vt -0.82125 1.77750
vt -1.25875 1.77750
vt -1.25875 1.75250
f 389/1165 392/1166 391/1167 390/1168
vt -0.82125 1.75250
vt -1.25875 1.75250
vt -1.25875 1.77750
vt -0.82125 1.77750
f 393/1169 394/1170 395/1171 396/1172
vt 1.47000 1.75250
vt 1.37000 1.75250
vt 1.37000 1.77750
vt 1.47000 1.77750
f 389/1173 393/1174 396/1175 392/1176
vt 1.47000 1.75250
vt 1.47000 1.77750
vt 1.37000 1.77750
vt 1.37000 1.75250
f 390/1177 391/1178 395/1179 394/1180
vt -0.82125 1.47000
vt -0.82125 1.37000
vt -1.25875 1.37000
vt -1.25875 1.47000
f 392/1181 396/1182 395/1183 391/1184
vt -0.82125 1.47000
vt -1.25875 1.47000
vt -1.25875 1.37000
vt -0.82125 1.37000
f 389/1185 390/1186 394/1187 393/1188
vt 1.76000 -0.20250
vt 2.24000 -0.20250
vt 2.24000 0.20250
vt 1.76000 0.20250
f 397/1189 400/1190 399/1191 398/1192
vt 1.76000 -0.20250
vt 1.76000 0.20250
vt 2.24000 0.20250
vt 2.24000 -0.20250
f 401/1193 402/1194 403/1195 404/1196
vt 1.76000 -1.40750
vt 1.76000 -1.35750
vt 2.24000 -1.35750
vt 2.24000 -1.40750
f 397/1197 401/1198 404/1199 400/1200
vt 1.76000 -1.40750
vt 2.24000 -1.40750
vt 2.24000 -1.35750
vt 1.76000 -1.35750
f 398/1201 399/1202 403/1203 402/1204
vt -0.20250 -1.40750
vt -0.20250 -1.35750
vt 0.20250 -1.35750
vt 0.20250 -1.40750
f 400/1205 404/1206 403/1207 399/1208
vt -0.20250 -1.40750
vt 0.20250 -1.40750
vt 0.20250 -1.35750
vt -0.20250 -1.35750
f 397/1209 398/1210 402/1211 401/1212
vt -0.21875 1.75250
vt -0.21875 1.77750
vt 0.21875 1.77750
vt 0.21875 1.75250
f 405/1213 408/1214 407/1215 406/1216
vt -0.21875 1.75250
vt 0.21875 1.75250
vt 0.21875 1.77750
vt -0.21875 1.77750
f 409/1217 410/1218 411/1219 412/1220
vt -1.47000 1.75250
vt -1.37000 1.75250
vt -1.37000 1.77750
vt -1.47000 1.77750
f 405/1221 409/1222 412/1223 408/1224
vt -1.47000 1.75250
vt -1.47000 1.77750
vt -1.37000 1.77750
vt -1.37000 1.75250
f 406/1225 407/1226 411/1227 410/1228
vt -0.21875 -1.47000
vt -0.21875 -1.37000
vt 0.21875 -1.37000
vt 0.21875 -1.47000
f 408/1229 412/1230 411/1231 407/1232
vt -0.21875 -1.47000
vt 0.21875 -1.47000
vt 0.21875 -1.37000
vt -0.21875 -1.37000
f 405/1233 406/1234 410/1235 409/1236
vt 1.76000 0.20250
vt 2.24000 0.20250
vt 2.24000 -0.20250
vt 1.76000 -0.20250
f 413/1237 416/1238 415/1239 414/1240
vt 1.76000 0.20250
vt 1.76000 -0.20250
vt 2.24000 -0.20250
vt 2.24000 0.20250
f 417/1241 418/1242 419/1243 420/1244
vt 1.76000 1.40750
vt 1.76000 1.35750
vt 2.24000 1.35750
vt 2.24000 1.40750
f 413/1245 417/1246 420/1247 416/1248
vt 1.76000 1.40750
vt 2.24000 1.40750
vt 2.24000 1.35750
vt 1.76000 1.35750
f 414/1249 415/1250 419/1251 418/1252
vt 0.20250 1.40750
vt 0.20250 1.35750
vt -0.20250 1.35750
vt -0.20250 1.40750
f 416/1253 420/1254 419/1255 415/1256
vt 0.20250 1.40750
vt -0.20250 1.40750
vt -0.20250 1.35750
vt 0.20250 1.35750
f 413/1257 414/1258 418/1259 417/1260
vt 0.21875 1.75250
vt 0.21875 1.77750
vt -0.21875 1.77750
vt -0.21875 1.75250
f 421/1261 424/1262 423/1263 422/1264
vt 0.21875 1.75250
vt -0.21875 1.75250
vt -0.21875 1.77750
vt 0.21875 1.77750
f 425/1265 426/1266 427/1267 428/1268
vt 1.47000 1.75250
vt 1.37000 1.75250
vt 1.37000 1.77750
vt 1.47000 1.77750
f 421/1269 425/1270 428/1271 424/1272
vt 1.47000 1.75250
vt 1.47000 1.77750
vt 1.37000 1.77750
vt 1.37000 1.75250
f 422/1273 423/1274 427/1275 426/1276
vt 0.21875 1.47000
vt 0.21875 1.37000
vt -0.21875 1.37000
vt -0.21875 1.47000
f 424/1277 428/1278 427/1279 423/1280
vt 0.21875 1.47000
vt -0.21875 1.47000
vt -0.21875 1.37000
vt 0.21875 1.37000
f 421/1281 422/1282 426/1283 425/1284
vt 1.76000 0.83750
vt 2.24000 0.83750
vt 2.24000 1.24250
vt 1.76000 1.24250
f 429/1285 432/1286 431/1287 430/1288
vt 1.76000 0.83750
vt 1.76000 1.24250
vt 2.24000 1.24250
vt 2.24000 0.83750
f 433/1289 434/1290 435/1291 436/1292
vt 1.76000 -1.40750
vt 1.76000 -1.35750
vt 2.24000 -1.35750
vt 2.24000 -1.40750
f 429/1293 433/1294 436/1295 432/1296
vt 1.76000 -1.40750
vt 2.24000 -1.40750
vt 2.24000 -1.35750
vt 1.76000 -1.35750
f 430/1297 431/1298 435/1299 434/1300
vt 0.83750 -1.40750
vt 0.83750 -1.35750
vt 1.24250 -1.35750
vt 1.24250 -1.40750
f 432/1301 436/1302 435/1303 431/1304
vt 0.83750 -1.40750
vt 1.24250 -1.40750
vt 1.24250 -1.35750
vt 0.83750 -1.35750
f 429/1305 430/1306 434/1307 433/1308
vt 0.82125 1.75250
vt 0.82125 1.77750
vt 1.25875 1.77750
vt 1.25875 1.75250
f 437/1309 440/1310 439/1311 438/1312
vt 0.82125 1.75250
vt 1.25875 1.75250
vt 1.25875 1.77750
vt 0.82125 1.77750
f 441/1313 442/1314 443/1315 444/1316
vt -1.47000 1.75250
vt -1.37000 1.75250
vt -1.37000 1.77750
vt -1.47000 1.77750
f 437/1317 441/1318 444/1319 440/1320
vt -1.47000 1.75250
vt -1.47000 1.77750
vt -1.37000 1.77750
vt -1.37000 1.75250
f 438/1321 439/1322 443/1323 442/1324
vt 0.82125 -1.47000
vt 0.82125 -1.37000
vt 1.25875 -1.37000
vt 1.25875 -1.47000
f 440/1325 444/1326 443/1327 439/1328
vt 0.82125 -1.47000
vt 1.25875 -1.47000
vt 1.25875 -1.37000
vt 0.82125 -1.37000
f 437/1329 438/1330 442/1331 441/1332
vt 1.76000 1.24250
vt 2.24000 1.24250
vt 2.24000 0.83750
vt 1.76000 0.83750
f 445/1333 448/1334 447/1335 446/1336
vt 1.76000 1.24250
vt 1.76000 0.83750
vt 2.24000 0.83750
vt 2.24000 1.24250
f 449/1337 450/1338 451/1339 452/1340
vt 1.76000 1.40750
vt 1.76000 1.35750
vt 2.24000 1.35750
vt 2.24000 1.40750
f 445/1341 449/1342 452/1343 448/1344
vt 1.76000 1.40750
vt 2.24000 1.40750
vt 2.24000 1.35750
vt 1.76000 1.35750
f 446/1345 447/1346 451/1347 450/1348
vt 1.24250 1.40750
vt 1.24250 1.35750
vt 0.83750 1.35750
vt 0.83750 1.40750
f 448/1349 452/1350 451/1351 447/1352
vt 1.24250 1.40750
vt 0.83750 1.40750
vt 0.83750 1.35750
vt 1.24250 1.35750
f 445/1353 446/1354 450/1355 449/1356
vt 1.25875 1.75250
vt 1.25875 1.77750
vt 0.82125 1.77750
vt 0.82125 1.75250
f 453/1357 456/1358 455/1359 454/1360
vt 1.25875 1.75250
vt 0.82125 1.75250
vt 0.82125 1.77750
vt 1.25875 1.77750
f 457/1361 458/1362 459/1363 460/1364
vt 1.47000 1.75250
vt 1.37000 1.75250
vt 1.37000 1.77750
vt 1.47000 1.77750
f 453/1365 457/1366 460/1367 456/1368
vt 1.47000 1.75250
vt 1.47000 1.77750
vt 1.37000 1.77750
vt 1.37000 1.75250
f 454/1369 455/1370 459/1371 458/1372
vt 1.25875 1.47000
vt 1.25875 1.37000
vt 0.82125 1.37000
vt 0.82125 1.47000
f 456/1373 460/1374 459/1375 455/1376
vt 1.25875 1.47000
vt 0.82125 1.47000
vt 0.82125 1.37000
vt 1.25875 1.37000
f 453/1377 454/1378 458/1379 457/1380
vt 1.76000 -0.54000
vt 2.24000 -0.54000
vt 2.24000 -0.94500
vt 1.76000 -0.94500
f 461/1381 464/1382 463/1383 462/1384
vt 1.76000 -0.54000
vt 1.76000 -0.94500
vt 2.24000 -0.94500
vt 2.24000 -0.54000
f 465/1385 466/1386 467/1387 468/1388
vt 1.76000 -1.65750
vt 1.76000 -1.60750
vt 2.24000 -1.60750
vt 2.24000 -1.65750
f 461/1389 465/1390 468/1391 464/1392
vt 1.76000 -1.65750
vt 2.24000 -1.65750
vt 2.24000 -1.60750
vt 1.76000 -1.60750
f 462/1393 463/1394 467/1395 466/1396
vt -0.54000 -1.65750
vt -0.54000 -1.60750
vt -0.94500 -1.60750
vt -0.94500 -1.65750
f 464/1397 468/1398 467/1399 463/1400
vt -0.54000 -1.65750
vt -0.94500 -1.65750
vt -0.94500 -1.60750
vt -0.54000 -1.60750
f 461/1401 462/1402 466/1403 465/1404
vt -0.52375 1.75250
vt -0.52375 1.77750
vt -0.96125 1.77750
vt -0.96125 1.75250
f 469/1405 472/1406 471/1407 470/1408
vt -0.52375 1.75250
vt -0.96125 1.75250
vt -0.96125 1.77750
vt -0.52375 1.77750
f 473/1409 474/1410 475/1411 476/1412
vt -1.72000 1.75250
vt -1.62000 1.75250
vt -1.62000 1.77750
vt -1.72000 1.77750
f 469/1413 473/1414 476/1415 472/1416
vt -1.72000 1.75250
vt -1.72000 1.77750
vt -1.62000 1.77750
vt -1.62000 1.75250
f 470/1417 471/1418 475/1419 474/1420
vt -0.52375 -1.72000
vt -0.52375 -1.62000
vt -0.96125 -1.62000
vt -0.96125 -1.72000
f 472/1421 476/1422 475/1423 471/1424
vt -0.52375 -1.72000
vt -0.96125 -1.72000
vt -0.96125 -1.62000
vt -0.52375 -1.62000
f 469/1425 470/1426 474/1427 473/1428
vt 1.76000 0.94500
vt 2.24000 0.94500
vt 2.24000 0.54000
vt 1.76000 0.54000
f 477/1429 480/1430 479/1431 478/1432
vt 1.76000 0.94500
vt 1.76000 0.54000
vt 2.24000 0.54000
vt 2.24000 0.94500
f 481/1433 482/1434 483/1435 484/1436
vt 1.76000 -1.65750
vt 1.76000 -1.60750
vt 2.24000 -1.60750
vt 2.24000 -1.65750
f 477/1437 481/1438 484/1439 480/1440
vt 1.76000 -1.65750
vt 2.24000 -1.65750
vt 2.24000 -1.60750
vt 1.76000 -1.60750
f 478/1441 479/1442 483/1443 482/1444
vt 0.94500 -1.65750
vt 0.94500 -1.60750
vt 0.54000 -1.60750
vt 0.54000 -1.65750
f 480/1445 484/1446 483/1447 479/1448
vt 0.94500 -1.65750
vt 0.54000 -1.65750
vt 0.54000 -1.60750
vt 0.94500 -1.60750
f 477/1449 478/1450 482/1451 481/1452
vt 0.96125 1.75250
vt 0.96125 1.77750
vt 0.52375 1.77750
vt 0.52375 1.75250
f 485/1453 488/1454 487/1455 486/1456
vt 0.96125 1.75250
vt 0.52375 1.75250
vt 0.52375 1.77750
vt 0.96125 1.77750
f 489/1457 490/1458 491/1459 492/1460
vt -1.72000 1.75250
vt -1.62000 1.75250
vt -1.62000 1.77750
vt -1.72000 1.77750
f 485/1461 489/1462 492/1463 488/1464
vt -1.72000 1.75250
vt -1.72000 1.77750
vt -1.62000 1.77750
vt -1.62000 1.75250
f 486/1465 487/1466 491/1467 490/1468
vt 0.96125 -1.72000
vt 0.96125 -1.62000
vt 0.52375 -1.62000
vt 0.52375 -1.72000
f 488/1469 492/1470 491/1471 487/1472
vt 0.96125 -1.72000
vt 0.52375 -1.72000
vt 0.52375 -1.62000
vt 0.96125 -1.62000
f 485/1473 486/1474 490/1475 489/1476
vt 1.76000 -0.94500
vt 2.24000 -0.94500
vt 2.24000 -0.54000
vt 1.76000 -0.54000
f 493/1477 496/1478 495/1479 494/1480
vt 1.76000 -0.94500
vt 1.76000 -0.54000
vt 2.24000 -0.54000
vt 2.24000 -0.94500
f 497/1481 498/1482 499/1483 500/1484
vt 1.76000 1.65750
vt 1.76000 1.60750
vt 2.24000 1.60750
vt 2.24000 1.65750
f 493/1485 497/1486 500/1487 496/1488
vt 1.76000 1.65750
vt 2.24000 1.65750
vt 2.24000 1.60750
vt 1.76000 1.60750
f 494/1489 495/1490 499/1491 498/1492
vt -0.94500 1.65750
vt -0.94500 1.60750
vt -0.54000 1.60750
vt -0.54000 1.65750
f 496/1493 500/1494 499/1495 495/1496
vt -0.94500 1.65750
vt -0.54000 1.65750
vt -0.54000 1.60750
vt -0.94500 1.60750
f 493/1497 494/1498 498/1499 497/1500
vt -0.96125 1.75250
vt -0.96125 1.77750
vt -0.52375 1.77750
vt -0.52375 1.75250
f 501/1501 504/1502 503/1503 502/1504
vt -0.96125 1.75250
vt -0.52375 1.75250
vt -0.52375 1.77750
vt -0.96125 1.77750
f 505/1505 506/1506 507/1507 508/1508
vt 1.72000 1.75250
vt 1.62000 1.75250
vt 1.62000 1.77750
vt 1.72000 1.77750
f 501/1509 505/1510 508/1511 504/1512
vt 1.72000 1.75250
vt 1.72000 1.77750
vt 1.62000 1.77750
vt 1.62000 1.75250
f 502/1513 503/1514 507/1515 506/1516
vt -0.96125 1.72000
vt -0.96125 1.62000
vt -0.52375 1.62000
vt -0.52375 1.72000
f 504/1517 508/1518 507/1519 503/1520
vt -0.96125 1.72000
vt -0.52375 1.72000
vt -0.52375 1.62000
vt -0.96125 1.62000
f 501/1521 502/1522 506/1523 505/1524
vt 1.76000 0.54000
vt 2.24000 0.54000
vt 2.24000 0.94500
vt 1.76000 0.94500
f 509/1525 512/1526 511/1527 510/1528
vt 1.76000 0.54000
vt 1.76000 0.94500
vt 2.24000 0.94500
vt 2.24000 0.54000
f 513/1529 514/1530 515/1531 516/1532
vt 1.76000 1.65750
vt 1.76000 1.60750
vt 2.24000 1.60750
vt 2.24000 1.65750
f 509/1533 513/1534 516/1535 512/1536
vt 1.76000 1.65750
vt 2.24000 1.65750
vt 2.24000 1.60750
vt 1.76000 1.60750
f 510/1537 511/1538 515/1539 514/1540
vt 0.54000 1.65750
vt 0.54000 1.60750
vt 0.94500 1.60750
vt 0.94500 1.65750
f 512/1541 516/1542 515/1543 511/1544
vt 0.54000 1.65750
vt 0.94500 1.65750
vt 0.94500 1.60750
vt 0.54000 1.60750
f 509/1545 510/1546 514/1547 513/1548
vt 0.52375 1.75250
vt 0.52375 1.77750
vt 0.96125 1.77750
vt 0.96125 1.75250
f 517/1549 520/1550 519/1551 518/1552
vt 0.52375 1.75250
vt 0.96125 1.75250
vt 0.96125 1.77750
vt 0.52375 1.77750
f 521/1553 522/1554 523/1555 524/1556
vt 1.72000 1.75250
vt 1.62000 1.75250
vt 1.62000 1.77750
vt 1.72000 1.77750
f 517/1557 521/1558 524/1559 520/1560
vt 1.72000 1.75250
vt 1.72000 1.77750
vt 1.62000 1.77750
vt 1.62000 1.75250
f 518/1561 519/1562 523/1563 522/1564
vt 0.52375 1.72000
vt 0.52375 1.62000
vt 0.96125 1.62000
vt 0.96125 1.72000
f 520/1565 524/1566 523/1567 519/1568
vt 0.52375 1.72000
vt 0.96125 1.72000
vt 0.96125 1.62000
vt 0.52375 1.62000
f 517/1569 518/1570 522/1571 521/1572
vt 0.00000 -0.21250
vt 0.67500 -0.21250
vt 0.67500 0.21250
vt 0.00000 0.21250
f 525/1573 528/1574 527/1575 526/1576
vt 0.00000 -0.21250
vt 0.00000 0.21250
vt 0.67500 0.21250
vt 0.67500 -0.21250
f 529/1577 530/1578 531/1579 532/1580
vt 0.00000 -1.42875
vt 0.00000 -1.36625
vt 0.67500 -1.36625
vt 0.67500 -1.42875
f 525/1581 529/1582 532/1583 528/1584
vt 0.00000 -1.42875
vt 0.67500 -1.42875
vt 0.67500 -1.36625
vt 0.00000 -1.36625
f 526/1585 527/1586 531/1587 530/1588
vt -0.21250 -1.42875
vt -0.21250 -1.36625
vt 0.21250 -1.36625
vt 0.21250 -1.42875
f 528/1589 532/1590 531/1591 527/1592
vt -0.21250 -1.42875
vt 0.21250 -1.42875
vt 0.21250 -1.36625
vt -0.21250 -1.36625
f 525/1593 526/1594 530/1595 529/1596
vt 0.25000 0.08312
vt 0.35000 0.08312
vt 0.35000 0.09187
vt 0.25000 0.09187
f 533/1597 536/1598 535/1599 534/1600
vt 0.25000 0.08312
vt 0.25000 0.09187
vt 0.35000 0.09187
vt 0.35000 0.08312
f 537/1601 538/1602 539/1603 540/1604
vt 0.25000 -1.46625
vt 0.25000 -1.45375
vt 0.35000 -1.45375
vt 0.35000 -1.46625
f 533/1605 537/1606 540/1607 536/1608
vt 0.25000 -1.46625
vt 0.35000 -1.46625
vt 0.35000 -1.45375
vt 0.25000 -1.45375
f 534/1609 535/1610 539/1611 538/1612
vt -1.46625 0.08312
vt -1.45375 0.08312
vt -1.45375 0.09187
vt -1.46625 0.09187
f 536/1613 540/1614 539/1615 535/1616
vt -1.46625 0.08312
vt -1.46625 0.09187
vt -1.45375 0.09187
vt -1.45375 0.08312
f 533/1617 534/1618 538/1619 537/1620
o Glass
usemtl Glass
v -4.86000 0.95000 -5.66500
v -3.46000 0.95000 -5.66500
v -3.46000 2.65000 -5.66500
v -4.86000 2.65000 -5.66500
v -4.86000 0.95000 -5.62500
v -3.46000 0.95000 -5.62500
v -3.46000 2.65000 -5.62500
v -4.86000 2.65000 -5.62500
v -3.46000 0.95000 5.66500
v -4.86000 0.95000 5.66500
v -4.86000 2.65000 5.66500
v -3.46000 2.65000 5.66500
v -3.46000 0.95000 5.62500
v -4.86000 0.95000 5.62500
v -4.86000 2.65000 5.62500
v -3.46000 2.65000 5.62500
v 3.46000 0.95000 -5.66500
v 4.86000 0.95000 -5.66500
v 4.86000 2.65000 -5.66500
v 3.46000 2.65000 -5.66500
v 3.46000 0.95000 -5.62500
v 4.86000 0.95000 -5.62500
v 4.86000 2.65000 -5.62500
v 3.46000 2.65000 -5.62500
v 4.86000 0.95000 5.66500
v 3.46000 0.95000 5.66500
v 3.46000 2.65000 5.66500
v 4.86000 2.65000 5.66500
v 4.86000 0.95000 5.62500
v 3.46000 0.95000 5.62500
v 3.46000 2.65000 5.62500
v 4.86000 2.65000 5.62500
v -6.66500 0.95000 -2.27000
v -6.66500 0.95000 -3.67000
v -6.66500 2.65000 -3.67000
v -6.66500 2.65000 -2.27000
v -6.62500 0.95000 -2.27000
v -6.62500 0.95000 -3.67000
v -6.62500 2.65000 -3.67000
v -6.62500 2.65000 -2.27000
v -6.66500 0.95000 3.67000
v -6.66500 0.95000 2.27000
v -6.66500 2.65000 2.27000
v -6.66500 2.65000 3.67000
v -6.62500 0.95000 3.67000
v -6.62500 0.95000 2.27000
v -6.62500 2.65000 2.27000
v -6.62500 2.65000 3.67000
v 6.66500 0.95000 -3.67000
v 6.66500 0.95000 -2.27000
v 6.66500 2.65000 -2.27000
v 6.66500 2.65000 -3.67000
v 6.62500 0.95000 -3.67000
v 6.62500 0.95000 -2.27000
v 6.62500 2.65000 -2.27000
v 6.62500 2.65000 -3.67000
v 6.66500 0.95000 2.27000
v 6.66500 0.95000 3.67000
v 6.66500 2.65000 3.67000
v 6.66500 2.65000 2.27000
v 6.62500 0.95000 2.27000
v 6.62500 0.95000 3.67000
v 6.62500 2.65000 3.67000
v 6.62500 2.65000 2.27000
v -4.86000 4.05000 -5.66500
v -3.46000 4.05000 -5.66500
v -3.46000 5.75000 -5.66500
v -4.86000 5.75000 -5.66500
v -4.86000 4.05000 -5.62500
v -3.46000 4.05000 -5.62500
v -3.46000 5.75000 -5.62500
v -4.86000 5.75000 -5.62500
v -3.46000 4.05000 5.66500
v -4.86000 4.05000 5.66500
v -4.86000 5.75000 5.66500
v -3.46000 5.75000 5.66500
v -3.46000 4.05000 5.62500
v -4.86000 4.05000 5.62500
v -4.86000 5.75000 5.62500
v -3.46000 5.75000 5.62500
v -0.70000 4.05000 -5.66500
v 0.70000 4.05000 -5.66500
v 0.70000 5.75000 -5.66500
v -0.70000 5.75000 -5.66500
v -0.70000 4.05000 -5.62500
v 0.70000 4.05000 -5.62500
v 0.70000 5.75000 -5.62500
v -0.70000 5.75000 -5.62500
v 0.70000 4.05000 5.66500
v -0.70000 4.05000 5.66500
v -0.70000 5.75000 5.66500
v 0.70000 5.75000 5.66500
v 0.70000 4.05000 5.62500
v -0.70000 4.05000 5.62500
v -0.70000 5.75000 5.62500
v 0.70000 5.75000 5.62500
v 3.46000 4.05000 -5.66500
v 4.86000 4.05000 -5.66500
v 4.86000 5.75000 -5.66500
v 3.46000 5.75000 -5.66500
v 3.46000 4.05000 -5.62500
v 4.86000 4.05000 -5.62500
v 4.86000 5.75000 -5.62500
v 3.46000 5.75000 -5.62500
v 4.86000 4.05000 5.66500
v 3.46000 4.05000 5.66500
v 3.46000 5.75000 5.66500
v 4.86000 5.75000 5.66500
v 4.86000 4.05000 5.62500
v 3.46000 4.05000 5.62500
v 3.46000 5.75000 5.62500
v 4.86000 5.75000 5.62500
v -6.66500 4.05000 -2.27000
v -6.66500 4.05000 -3.67000
v -6.66500 5.75000 -3.67000
v -6.66500 5.75000 -2.27000
v -6.62500 4.05000 -2.27000
v -6.62500 4.05000 -3.67000
v -6.62500 5.75000 -3.67000
v -6.62500 5.75000 -2.27000
v -6.66500 4.05000 3.67000
v -6.66500 4.05000 2.27000
v -6.66500 5.75000 2.27000
v -6.66500 5.75000 3.67000
v -6.62500 4.05000 3.67000
v -6.62500 4.05000 2.27000
v -6.62500 5.75000 2.27000
v -6.62500 5.75000 3.67000
v 6.66500 4.05000 -3.67000
v 6.66500 4.05000 -2.27000
v 6.66500 5.75000 -2.27000
v 6.66500 5.75000 -3.67000
v 6.62500 4.05000 -3.67000
v 6.62500 4.05000 -2.27000
v 6.62500 5.75000 -2.27000
v 6.62500 5.75000 -3.67000
v 6.66500 4.05000 2.27000
v 6.66500 4.05000 3.67000
v 6.66500 5.75000 3.67000
v 6.66500 5.75000 2.27000
v 6.62500 4.05000 2.27000
v 6.62500 4.05000 3.67000
v 6.62500 5.75000 3.67000
v 6.62500 5.75000 2.27000
v -4.86000 7.15000 -5.66500
v -3.46000 7.15000 -5.66500
v -3.46000 8.85000 -5.66500
v -4.86000 8.85000 -5.66500
v -4.86000 7.15000 -5.62500
v -3.46000 7.15000 -5.62500
v -3.46000 8.85000 -5.62500
v -4.86000 8.85000 -5.62500
v -3.46000 7.15000 5.66500
v -4.86000 7.15000 5.66500
v -4.86000 8.85000 5.66500
v -3.46000 8.85000 5.66500
v -3.46000 7.15000 5.62500
v -4.86000 7.15000 5.62500
v -4.86000 8.85000 5.62500
v -3.46000 8.85000 5.62500
v -0.70000 7.15000 -5.66500
v 0.70000 7.15000 -5.66500
v 0.70000 8.85000 -5.66500
v -0.70000 8.85000 -5.66500
v -0.70000 7.15000 -5.62500
v 0.70000 7.15000 -5.62500
v 0.70000 8.85000 -5.62500
v -0.70000 8.85000 -5.62500
v 0.70000 7.15000 5.66500
v -0.70000 7.15000 5.66500
v -0.70000 8.85000 5.66500
v 0.70000 8.85000 5.66500
v 0.70000 7.15000 5.62500
v -0.70000 7.15000 5.62500
v -0.70000 8.85000 5.62500
v 0.70000 8.85000 5.62500
v 3.46000 7.15000 -5.66500
v 4.86000 7.15000 -5.66500
v 4.86000 8.85000 -5.66500
v 3.46000 8.85000 -5.66500
v 3.46000 7.15000 -5.62500
v 4.86000 7.15000 -5.62500
v 4.86000 8.85000 -5.62500
v 3.46000 8.85000 -5.62500
v 4.86000 7.15000 5.66500
v 3.46000 7.15000 5.66500
v 3.46000 8.85000 5.66500
v 4.86000 8.85000 5.66500
v 4.86000 7.15000 5.62500
v 3.46000 7.15000 5.62500
v 3.46000 8.85000 5.62500
v 4.86000 8.85000 5.62500
v -6.66500 7.15000 -2.27000
v -6.66500 7.15000 -3.67000
v -6.66500 8.85000 -3.67000
v -6.66500 8.85000 -2.27000
v -6.62500 7.15000 -2.27000
v -6.62500 7.15000 -3.67000
v -6.62500 8.85000 -3.67000
v -6.62500 8.85000 -2.27000
v -6.66500 7.15000 3.67000
v -6.66500 7.15000 2.27000
v -6.66500 8.85000 2.27000
v -6.66500 8.85000 3.67000
v -6.62500 7.15000 3.67000
v -6.62500 7.15000 2.27000
v -6.62500 8.85000 2.27000
v -6.62500 8.85000 3.67000
v 6.66500 7.15000 -3.67000
v 6.66500 7.15000 -2.27000
v 6.66500 8.85000 -2.27000
v 6.66500 8.85000 -3.67000
v 6.62500 7.15000 -3.67000
v 6.62500 7.15000 -2.27000
v 6.62500 8.85000 -2.27000
v 6.62500 8.85000 -3.67000
v 6.66500 7.15000 2.27000
v 6.66500 7.15000 3.67000
v 6.66500 8.85000 3.67000
v 6.66500 8.85000 2.27000
v 6.62500 7.15000 2.27000
v 6.62500 7.15000 3.67000
v 6.62500 8.85000 3.67000
v 6.62500 8.85000 2.27000
v -0.70000 0.00000 -5.76000
v 0.70000 0.00000 -5.76000
v 0.70000 2.50000 -5.76000
v -0.70000 2.50000 -5.76000
v -0.70000 0.00000 -5.70000
v 0.70000 0.00000 -5.70000
v 0.70000 2.50000 -5.70000
v -0.70000 2.50000 -5.70000
vt 0.23750 -1.21500
vt 0.66250 -1.21500
vt 0.66250 -0.86500
vt 0.23750 -0.86500
f 541/1621 544/1622 543/1623 542/1624
vt 0.23750 -1.21500
vt 0.23750 -0.86500
vt 0.66250 -0.86500
vt 0.66250 -1.21500
f 545/1625 546/1626 547/1627 548/1628
vt 0.23750 -1.41625
vt 0.23750 -1.40625
vt 0.66250 -1.40625
vt 0.66250 -1.41625
f 541/1629 545/1630 548/1631 544/1632
vt 0.23750 -1.41625
vt 0.66250 -1.41625
vt 0.66250 -1.40625
vt 0.23750 -1.40625
f 542/1633 543/1634 547/1635 546/1636
vt -1.21500 -1.41625
vt -1.21500 -1.40625
vt -0.86500 -1.40625
vt -0.86500 -1.41625
f 544/1637 548/1638 547/1639 543/1640
vt -1.21500 -1.41625
vt -0.86500 -1.41625
vt -0.86500 -1.40625
vt -1.21500 -1.40625
f 541/1641 542/1642 546/1643 545/1644
vt 0.23750 -0.86500
vt 0.66250 -0.86500
vt 0.66250 -1.21500
vt 0.23750 -1.21500
f 549/1645 552/1646 551/1647 550/1648
vt 0.23750 -0.86500
vt 0.23750 -1.21500
vt 0.66250 -1.21500
vt 0.66250 -0.86500
f 553/1649 554/1650 555/1651 556/1652
vt 0.23750 1.41625
vt 0.23750 1.40625
vt 0.66250 1.40625
vt 0.66250 1.41625
f 549/1653 553/1654 556/1655 552/1656
vt 0.23750 1.41625
vt 0.66250 1.41625
vt 0.66250 1.40625
vt 0.23750 1.40625
f 550/1657 551/1658 555/1659 554/1660
vt -0.86500 1.41625
vt -0.86500 1.40625
vt -1.21500 1.40625
vt -1.21500 1.41625
f 552/1661 556/1662 555/1663 551/1664
vt -0.86500 1.41625
vt -1.21500 1.41625
vt -1.21500 1.40625
vt -0.86500 1.40625
f 549/1665 550/1666 554/1667 553/1668
vt 0.23750 0.86500
vt 0.66250 0.86500
vt 0.66250 1.21500
vt 0.23750 1.21500
f 557/1669 560/1670 559/1671 558/1672
vt 0.23750 0.86500
vt 0.23750 1.21500
vt 0.66250 1.21500
vt 0.66250 0.86500
f 561/1673 562/1674 563/1675 564/1676
vt 0.23750 -1.41625
vt 0.23750 -1.40625
vt 0.66250 -1.40625
vt 0.66250 -1.41625
f 557/1677 561/1678 564/1679 560/1680
vt 0.23750 -1.41625
vt 0.66250 -1.41625
vt 0.66250 -1.40625
vt 0.23750 -1.40625
f 558/1681 559/1682 563/1683 562/1684
vt 0.86500 -1.41625
vt 0.86500 -1.40625
vt 1.21500 -1.40625
vt 1.21500 -1.41625
f 560/1685 564/1686 563/1687 559/1688
vt 0.86500 -1.41625
vt 1.21500 -1.41625
vt 1.21500 -1.40625
vt 0.86500 -1.40625
f 557/1689 558/1690 562/1691 561/1692
vt 0.23750 1.21500
vt 0.66250 1.21500
vt 0.66250 0.86500
vt 0.23750 0.86500
f 565/1693 568/1694 567/1695 566/1696
vt 0.23750 1.21500
vt 0.23750 0.86500
vt 0.66250 0.86500
vt 0.66250 1.21500
f 569/1697 570/1698 571/1699 572/1700
vt 0.23750 1.41625
vt 0.23750 1.40625
vt 0.66250 1.40625
vt 0.66250 1.41625
f 565/1701 569/1702 572/1703 568/1704
vt 0.23750 1.41625
vt 0.66250 1.41625
vt 0.66250 1.40625
vt 0.23750 1.40625
f 566/1705 567/1706 571/1707 570/1708
vt 1.21500 1.41625
vt 1.21500 1.40625
vt 0.86500 1.40625
vt 0.86500 1.41625
f 568/1709 572/1710 571/1711 567/1712
vt 1.21500 1.41625
vt 0.86500 1.41625
vt 0.86500 1.40625
vt 1.21500 1.40625
f 565/1713 566/1714 570/1715 569/1716
vt 0.23750 -0.56750
vt 0.66250 -0.56750
vt 0.66250 -0.91750
vt 0.23750 -0.91750
f 573/1717 576/1718 575/1719 574/1720
vt 0.23750 -0.56750
vt 0.23750 -0.91750
vt 0.66250 -0.91750
vt 0.66250 -0.56750
f 577/1721 578/1722 579/1723 580/1724
vt 0.23750 -1.66625
vt 0.23750 -1.65625
vt 0.66250 -1.65625
vt 0.66250 -1.66625
f 573/1725 577/1726 580/1727 576/1728
vt 0.23750 -1.66625
vt 0.66250 -1.66625
vt 0.66250 -1.65625
vt 0.23750 -1.65625
f 574/1729 575/1730 579/1731 578/1732
vt -0.56750 -1.66625
vt -0.56750 -1.65625
vt -0.91750 -1.65625
vt -0.91750 -1.66625
f 576/1733 580/1734 579/1735 575/1736
vt -0.56750 -1.66625
vt -0.91750 -1.66625
vt -0.91750 -1.65625
vt -0.56750 -1.65625
f 573/1737 574/1738 578/1739 577/1740
vt 0.23750 0.91750
vt 0.66250 0.91750
vt 0.66250 0.56750
vt 0.23750 0.56750
f 581/1741 584/1742 583/1743 582/1744
vt 0.23750 0.91750
vt 0.23750 0.56750
vt 0.66250 0.56750
vt 0.66250 0.91750
f 585/1745 586/1746 587/1747 588/1748
vt 0.23750 -1.66625
vt 0.23750 -1.65625
vt 0.66250 -1.65625
vt 0.66250 -1.66625
f 581/1749 585/1750 588/1751 584/1752
vt 0.23750 -1.66625
vt 0.66250 -1.66625
vt 0.66250 -1.65625
vt 0.23750 -1.65625
f 582/1753 583/1754 587/1755 586/1756
vt 0.91750 -1.66625
vt 0.91750 -1.65625
vt 0.56750 -1.65625
vt 0.56750 -1.66625
f 584/1757 588/1758 587/1759 583/1760
vt 0.91750 -1.66625
vt 0.56750 -1.66625
vt 0.56750 -1.65625
vt 0.91750 -1.65625
f 581/1761 582/1762 586/1763 585/1764
vt 0.23750 -0.91750
vt 0.66250 -0.91750
vt 0.66250 -0.56750
vt 0.23750 -0.56750
f 589/1765 592/1766 591/1767 590/1768
vt 0.23750 -0.91750
vt 0.23750 -0.56750
vt 0.66250 -0.56750
vt 0.66250 -0.91750
f 593/1769 594/1770 595/1771 596/1772
vt 0.23750 1.66625
vt 0.23750 1.65625
vt 0.66250 1.65625
vt 0.66250 1.66625
f 589/1773 593/1774 596/1775 592/1776
vt 0.23750 1.66625
vt 0.66250 1.66625
vt 0.66250 1.65625
vt 0.23750 1.65625
f 590/1777 591/1778 595/1779 594/1780
vt -0.91750 1.66625
vt -0.91750 1.65625
vt -0.56750 1.65625
vt -0.56750 1.66625
f 592/1781 596/1782 595/1783 591/1784
vt -0.91750 1.66625
vt -0.56750 1.66625
vt -0.56750 1.65625
vt -0.91750 1.65625
f 589/1785 590/1786 594/1787 593/1788
vt 0.23750 0.56750
vt 0.66250 0.56750
vt 0.66250 0.91750
vt 0.23750 0.91750
f 597/1789 600/1790 599/1791 598/1792
vt 0.23750 0.56750
vt 0.23750 0.91750
vt 0.66250 0.91750
vt 0.66250 0.56750
f 601/1793 602/1794 603/1795 604/1796
vt 0.23750 1.66625
vt 0.23750 1.65625
vt 0.66250 1.65625
vt 0.66250 1.66625
f 597/1797 601/1798 604/1799 600/1800
vt 0.23750 1.66625
vt 0.66250 1.66625
vt 0.66250 1.65625
vt 0.23750 1.65625
f 598/1801 599/1802 603/1803 602/1804
vt 0.56750 1.66625
vt 0.56750 1.65625
vt 0.91750 1.65625
vt 0.91750 1.66625
f 600/1805 604/1806 603/1807 599/1808
vt 0.56750 1.66625
vt 0.91750 1.66625
vt 0.91750 1.65625
vt 0.56750 1.65625
f 597/1809 598/1810 602/1811 601/1812
vt 1.01250 -1.21500
vt 1.43750 -1.21500
vt 1.43750 -0.86500
vt 1.01250 -0.86500
f 605/1813 608/1814 607/1815 606/1816
vt 1.01250 -1.21500
vt 1.01250 -0.86500
vt 1.43750 -0.86500
vt 1.43750 -1.21500
f 609/1817 610/1818 611/1819 612/1820
vt 1.01250 -1.41625
vt 1.01250 -1.40625
vt 1.43750 -1.40625
vt 1.43750 -1.41625
f 605/1821 609/1822 612/1823 608/1824
vt 1.01250 -1.41625
vt 1.43750 -1.41625
vt 1.43750 -1.40625
vt 1.01250 -1.40625
f 606/1825 607/1826 611/1827 610/1828
vt -1.21500 -1.41625
vt -1.21500 -1.40625
vt -0.86500 -1.40625
vt -0.86500 -1.41625
f 608/1829 612/1830 611/1831 607/1832
vt -1.21500 -1.41625
vt -0.86500 -1.41625
vt -0.86500 -1.40625
vt -1.21500 -1.40625
f 605/1833 606/1834 610/1835 609/1836
vt 1.01250 -0.86500
vt 1.43750 -0.86500
vt 1.43750 -1.21500
vt 1.01250 -1.21500
f 613/1837 616/1838 615/1839 614/1840
vt 1.01250 -0.86500
vt 1.01250 -1.21500
vt 1.43750 -1.21500
vt 1.43750 -0.86500
f 617/1841 618/1842 619/1843 620/1844
vt 1.01250 1.41625
vt 1.01250 1.40625
vt 1.43750 1.40625
vt 1.43750 1.41625
f 613/1845 617/1846 620/1847 616/1848
vt 1.01250 1.41625
vt 1.43750 1.41625
vt 1.43750 1.40625
vt 1.01250 1.40625
f 614/1849 615/1850 619/1851 618/1852
vt -0.86500 1.41625
vt -0.86500 1.40625
vt -1.21500 1.40625
vt -1.21500 1.41625
f 616/1853 620/1854 619/1855 615/1856
vt -0.86500 1.41625
vt -1.21500 1.41625
vt -1.21500 1.40625
vt -0.86500 1.40625
f 613/1857 614/1858 618/1859 617/1860
vt 1.01250 -0.17500
vt 1.43750 -0.17500
vt 1.43750 0.17500
vt 1.01250 0.17500
f 621/1861 624/1862 623/1863 622/1864
vt 1.01250 -0.17500
vt 1.01250 0.17500
vt 1.43750 0.17500
vt 1.43750 -0.17500
f 625/1865 626/1866 627/1867 628/1868
vt 1.01250 -1.41625
vt 1.01250 -1.40625
vt 1.43750 -1.40625
vt 1.43750 -1.41625
f 621/1869 625/1870 628/1871 624/1872
vt 1.01250 -1.41625
vt 1.43750 -1.41625
vt 1.43750 -1.40625
vt 1.01250 -1.40625
f 622/1873 623/1874 627/1875 626/1876
vt -0.17500 -1.41625
vt -0.17500 -1.40625
vt 0.17500 -1.40625
vt 0.17500 -1.41625
f 624/1877 628/1878 627/1879 623/1880
vt -0.17500 -1.41625
vt 0.17500 -1.41625
vt 0.17500 -1.40625
vt -0.17500 -1.40625
f 621/1881 622/1882 626/1883 625/1884
vt 1.01250 0.17500
vt 1.43750 0.17500
vt 1.43750 -0.17500
vt 1.01250 -0.17500
f 629/1885 632/1886 631/1887 630/1888
vt 1.01250 0.17500
vt 1.01250 -0.17500
vt 1.43750 -0.17500
vt 1.43750 0.17500
f 633/1889 634/1890 635/1891 636/1892
vt 1.01250 1.41625
vt 1.01250 1.40625
vt 1.43750 1.40625
vt 1.43750 1.41625
f 629/1893 633/1894 636/1895 632/1896
vt 1.01250 1.41625
vt 1.43750 1.41625
vt 1.43750 1.40625
vt 1.01250 1.40625
f 630/1897 631/1898 635/1899 634/1900
vt 0.17500 1.41625
vt 0.17500 1.40625
vt -0.17500 1.40625
vt -0.17500 1.41625
f 632/1901 636/1902 635/1903 631/1904
vt 0.17500 1.41625
vt -0.17500 1.41625
vt -0.17500 1.40625
vt 0.17500 1.40625
f 629/1905 630/1906 634/1907 633/1908
vt 1.01250 0.86500
vt 1.43750 0.86500
vt 1.43750 1.21500
vt 1.01250 1.21500
f 637/1909 640/1910 639/1911 638/1912
vt 1.01250 0.86500
vt 1.01250 1.21500
vt 1.43750 1.21500
vt 1.43750 0.86500
f 641/1913 642/1914 643/1915 644/1916
vt 1.01250 -1.41625
vt 1.01250 -1.40625
vt 1.43750 -1.40625
vt 1.43750 -1.41625
f 637/1917 641/1918 644/1919 640/1920
vt 1.01250 -1.41625
vt 1.43750 -1.41625
vt 1.43750 -1.40625
vt 1.01250 -1.40625
f 638/1921 639/1922 643/1923 642/1924
vt 0.86500 -1.41625
vt 0.86500 -1.40625
vt 1.21500 -1.40625
vt 1.21500 -1.41625
f 640/1925 644/1926 643/1927 639/1928
vt 0.86500 -1.41625
vt 1.21500 -1.41625
vt 1.21500 -1.40625
vt 0.86500 -1.40625
f 637/1929 638/1930 642/1931 641/1932
vt 1.01250 1.21500
vt 1.43750 1.21500
vt 1.43750 0.86500
vt 1.01250 0.86500
f 645/1933 648/1934 647/1935 646/1936
vt 1.01250 1.21500
vt 1.01250 0.86500
vt 1.43750 0.86500
vt 1.43750 1.21500
f 649/1937 650/1938 651/1939 652/1940
vt 1.01250 1.41625
vt 1.01250 1.40625
vt 1.43750 1.40625
vt 1.43750 1.41625
f 645/1941 649/1942 652/1943 648/1944
vt 1.01250 1.41625
vt 1.43750 1.41625
vt 1.43750 1.40625
vt 1.01250 1.40625
f 646/1945 647/1946 651/1947 650/1948
vt 1.21500 1.41625
vt 1.21500 1.40625
vt 0.86500 1.40625
vt 0.86500 1.41625
f 648/1949 652/1950 651/1951 647/1952
vt 1.21500 1.41625
vt 0.86500 1.41625
vt 0.86500 1.40625
vt 1.21500 1.40625
f 645/1953 646/1954 650/1955 649/1956
vt 1.01250 -0.56750
vt 1.43750 -0.56750
vt 1.43750 -0.91750
vt 1.01250 -0.91750
f 653/1957 656/1958 655/1959 654/1960
vt 1.01250 -0.56750
vt 1.01250 -0.91750
vt 1.43750 -0.91750
vt 1.43750 -0.56750
f 657/1961 658/1962 659/1963 660/1964
vt 1.01250 -1.66625
vt 1.01250 -1.65625
vt 1.43750 -1.65625
vt 1.43750 -1.66625
f 653/1965 657/1966 660/1967 656/1968
vt 1.01250 -1.66625
vt 1.43750 -1.66625
vt 1.43750 -1.65625
vt 1.01250 -1.65625
f 654/1969 655/1970 659/1971 658/1972
vt -0.56750 -1.66625
vt -0.56750 -1.65625
vt -0.91750 -1.65625
vt -0.91750 -1.66625
f 656/1973 660/1974 659/1975 655/1976
vt -0.56750 -1.66625
vt -0.91750 -1.66625
vt -0.91750 -1.65625
vt -0.56750 -1.65625
f 653/1977 654/1978 658/1979 657/1980
vt 1.01250 0.91750
vt 1.43750 0.91750
vt 1.43750 0.56750
vt 1.01250 0.56750
f 661/1981 664/1982 663/1983 662/1984
vt 1.01250 0.91750
vt 1.01250 0.56750
vt 1.43750 0.56750
vt 1.43750 0.91750
f 665/1985 666/1986 667/1987 668/1988
vt 1.01250 -1.66625
vt 1.01250 -1.65625
vt 1.43750 -1.65625
vt 1.43750 -1.66625
f 661/1989 665/1990 668/1991 664/1992
vt 1.01250 -1.66625
vt 1.43750 -1.66625
vt 1.43750 -1.65625
vt 1.01250 -1.65625
f 662/1993 663/1994 667/1995 666/1996
vt 0.91750 -1.66625
vt 0.91750 -1.65625
vt 0.56750 -1.65625
vt 0.56750 -1.66625
f 664/1997 668/1998 667/1999 663/2000
vt 0.91750 -1.66625
vt 0.56750 -1.66625
vt 0.56750 -1.65625
vt 0.91750 -1.65625
f 661/2001 662/2002 666/2003 665/2004
vt 1.01250 -0.91750
vt 1.43750 -0.91750
vt 1.43750 -0.56750
vt 1.01250 -0.56750
f 669/2005 672/2006 671/2007 670/2008
vt 1.01250 -0.91750
vt 1.01250 -0.56750
vt 1.43750 -0.56750
vt 1.43750 -0.91750
f 673/2009 674/2010 675/2011 676/2012
vt 1.01250 1.66625
vt 1.01250 1.65625
vt 1.43750 1.65625
vt 1.43750 1.66625
f 669/2013 673/2014 676/2015 672/2016
vt 1.01250 1.66625
vt 1.43750 1.66625
vt 1.43750 1.65625
vt 1.01250 1.65625
f 670/2017 671/2018 675/2019 674/2020
vt -0.91750 1.66625
vt -0.91750 1.65625
vt -0.56750 1.65625
vt -0.56750 1.66625
f 672/2021 676/2022 675/2023 671/2024
vt -0.91750 1.66625
vt -0.56750 1.66625
vt -0.56750 1.65625
vt -0.91750 1.65625
f 669/2025 670/2026 674/2027 673/2028
vt 1.01250 0.56750
vt 1.43750 0.56750
vt 1.43750 0.91750
vt 1.01250 0.91750
f 677/2029 680/2030 679/2031 678/2032
vt 1.01250 0.56750
vt 1.01250 0.91750
vt 1.43750 0.91750
vt 1.43750 0.56750
f 681/2033 682/2034 683/2035 684/2036
vt 1.01250 1.66625
vt 1.01250 1.65625
vt 1.43750 1.65625
vt 1.43750 1.66625
f 677/2037 681/2038 684/2039 680/2040
vt 1.01250 1.66625
vt 1.43750 1.66625
vt 1.43750 1.65625
vt 1.01250 1.65625
f 678/2041 679/2042 683/2043 682/2044
vt 0.56750 1.66625
vt 0.56750 1.65625
vt 0.91750 1.65625
vt 0.91750 1.66625
f 680/2045 684/2046 683/2047 679/2048
vt 0.56750 1.66625
vt 0.91750 1.66625
vt 0.91750 1.65625
vt 0.56750 1.65625
f 677/2049 678/2050 682/2051 681/2052
vt 1.78750 -1.21500
vt 2.21250 -1.21500
vt 2.21250 -0.86500
vt 1.78750 -0.86500
f 685/2053 688/2054 687/2055 686/2056
vt 1.78750 -1.21500
vt 1.78750 -0.86500
vt 2.21250 -0.86500
vt 2.21250 -1.21500
f 689/2057 690/2058 691/2059 692/2060
vt 1.78750 -1.41625
vt 1.78750 -1.40625
vt 2.21250 -1.40625
vt 2.21250 -1.41625
f 685/2061 689/2062 692/2063 688/2064
vt 1.78750 -1.41625
vt 2.21250 -1.41625
vt 2.21250 -1.40625
vt 1.78750 -1.40625
f 686/2065 687/2066 691/2067 690/2068
vt -1.21500 -1.41625
vt -1.21500 -1.40625
vt -0.86500 -1.40625
vt -0.86500 -1.41625
f 688/2069 692/2070 691/2071 687/2072
vt -1.21500 -1.41625
vt -0.86500 -1.41625
vt -0.86500 -1.40625
vt -1.21500 -1.40625
f 685/2073 686/2074 690/2075 689/2076
vt 1.78750 -0.86500
vt 2.21250 -0.86500
vt 2.21250 -1.21500
vt 1.78750 -1.21500
f 693/2077 696/2078 695/2079 694/2080
vt 1.78750 -0.86500
vt 1.78750 -1.21500
vt 2.21250 -1.21500
vt 2.21250 -0.86500
f 697/2081 698/2082 699/2083 700/2084
vt 1.78750 1.41625
vt 1.78750 1.40625
vt 2.21250 1.40625
vt 2.21250 1.41625
f 693/2085 697/2086 700/2087 696/2088
vt 1.78750 1.41625
vt 2.21250 1.41625
vt 2.21250 1.40625
vt 1.78750 1.40625
f 694/2089 695/2090 699/2091 698/2092
vt -0.86500 1.41625
vt -0.86500 1.40625
vt -1.21500 1.40625
vt -1.21500 1.41625
f 696/2093 700/2094 699/2095 695/2096
vt -0.86500 1.41625
vt -1.21500 1.41625
vt -1.21500 1.40625
vt -0.86500 1.40625
f 693/2097 694/2098 698/2099 697/2100
vt 1.78750 -0.17500
vt 2.21250 -0.17500
vt 2.21250 0.17500
vt 1.78750 0.17500
f 701/2101 704/2102 703/2103 702/2104
vt 1.78750 -0.17500
vt 1.78750 0.17500
vt 2.21250 0.17500
vt 2.21250 -0.17500
f 705/2105 706/2106 707/2107 708/2108
vt 1.78750 -1.41625
vt 1.78750 -1.40625
vt 2.21250 -1.40625
vt 2.21250 -1.41625
f 701/2109 705/2110 708/2111 704/2112
vt 1.78750 -1.41625
vt 2.21250 -1.41625
vt 2.21250 -1.40625
vt 1.78750 -1.40625
f 702/2113 703/2114 707/2115 706/2116
vt -0.17500 -1.41625
vt -0.17500 -1.40625
vt 0.17500 -1.40625
vt 0.17500 -1.41625
f 704/2117 708/2118 707/2119 703/2120
vt -0.17500 -1.41625
vt 0.17500 -1.41625
vt 0.17500 -1.40625
vt -0.17500 -1.40625
f 701/2121 702/2122 706/2123 705/2124
vt 1.78750 0.17500
vt 2.21250 0.17500
vt 2.21250 -0.17500
vt 1.78750 -0.17500
f 709/2125 712/2126 711/2127 710/2128
vt 1.78750 0.17500
vt 1.78750 -0.17500
vt 2.21250 -0.17500
vt 2.21250 0.17500
f 713/2129 714/2130 715/2131 716/2132
vt 1.78750 1.41625
vt 1.78750 1.40625
vt 2.21250 1.40625
vt 2.21250 1.41625
f 709/2133 713/2134 716/2135 712/2136
vt 1.78750 1.41625
vt 2.21250 1.41625
vt 2.21250 1.40625
vt 1.78750 1.40625
f 710/2137 711/2138 715/2139 714/2140
vt 0.17500 1.41625
vt 0.17500 1.40625
vt -0.17500 1.40625
vt -0.17500 1.41625
f 712/2141 716/2142 715/2143 711/2144
vt 0.17500 1.41625
vt -0.17500 1.41625
vt -0.17500 1.40625
vt 0.17500 1.40625
f 709/2145 710/2146 714/2147 713/2148
vt 1.78750 0.86500
vt 2.21250 0.86500
vt 2.21250 1.21500
vt 1.78750 1.21500
f 717/2149 720/2150 719/2151 718/2152
vt 1.78750 0.86500
vt 1.78750 1.21500
vt 2.21250 1.21500
vt 2.21250 0.86500
f 721/2153 722/2154 723/2155 724/2156
vt 1.78750 -1.41625
vt 1.78750 -1.40625
vt 2.21250 -1.40625
vt 2.21250 -1.41625
f 717/2157 721/2158 724/2159 720/2160
vt 1.78750 -1.41625
vt 2.21250 -1.41625
vt 2.21250 -1.40625
vt 1.78750 -1.40625
f 718/2161 719/2162 723/2163 722/2164
vt 0.86500 -1.41625
vt 0.86500 -1.40625
vt 1.21500 -1.40625
vt 1.21500 -1.41625
f 720/2165 724/2166 723/2167 719/2168
vt 0.86500 -1.41625
vt 1.21500 -1.41625
vt 1.21500 -1.40625
vt 0.86500 -1.40625
f 717/2169 718/2170 722/2171 721/2172
vt 1.78750 1.21500
vt 2.21250 1.21500
vt 2.21250 0.86500
vt 1.78750 0.86500
f 725/2173 728/2174 727/2175 726/2176
vt 1.78750 1.21500
vt 1.78750 0.86500
vt 2.21250 0.86500
vt 2.21250 1.21500
f 729/2177 730/2178 731/2179 732/2180
vt 1.78750 1.41625
vt 1.78750 1.40625
vt 2.21250 1.40625
vt 2.21250 1.41625
f 725/2181 729/2182 732/2183 728/2184
vt 1.78750 1.41625
vt 2.21250 1.41625
vt 2.21250 1.40625
vt 1.78750 1.40625
f 726/2185 727/2186 731/2187 730/2188
vt 1.21500 1.41625
vt 1.21500 1.40625
vt 0.86500 1.40625
vt 0.86500 1.41625
f 728/2189 732/2190 731/2191 727/2192
vt 1.21500 1.41625
vt 0.86500 1.41625
vt 0.86500 1.40625
vt 1.21500 1.40625
f 725/2193 726/2194 730/2195 729/2196
vt 1.78750 -0.56750
vt 2.21250 -0.56750
vt 2.21250 -0.91750
vt 1.78750 -0.91750
f 733/2197 736/2198 735/2199 734/2200
vt 1.78750 -0.56750
vt 1.78750 -0.91750
vt 2.21250 -0.91750
vt 2.21250 -0.56750
f 737/2201 738/2202 739/2203 740/2204
vt 1.78750 -1.66625
vt 1.78750 -1.65625
vt 2.21250 -1.65625
vt 2.21250 -1.66625
f 733/2205 737/2206 740/2207 736/2208
vt 1.78750 -1.66625
vt 2.21250 -1.66625
vt 2.21250 -1.65625
vt 1.78750 -1.65625
f 734/2209 735/2210 739/2211 738/2212
vt -0.56750 -1.66625
vt -0.56750 -1.65625
vt -0.91750 -1.65625
vt -0.91750 -1.66625
f 736/2213 740/2214 739/2215 735/2216
vt -0.56750 -1.66625
vt -0.91750 -1.66625
vt -0.91750 -1.65625
vt -0.56750 -1.65625
f 733/2217 734/2218 738/2219 737/2220
vt 1.78750 0.91750
vt 2.21250 0.91750
vt 2.21250 0.56750
vt 1.78750 0.56750
f 741/2221 744/2222 743/2223 742/2224
vt 1.78750 0.91750
vt 1.78750 0.56750
vt 2.21250 0.56750
vt 2.21250 0.91750
f 745/2225 746/2226 747/2227 748/2228
vt 1.78750 -1.66625
vt 1.78750 -1.65625
vt 2.21250 -1.65625
vt 2.21250 -1.66625
f 741/2229 745/2230 748/2231 744/2232
vt 1.78750 -1.66625
vt 2.21250 -1.66625
vt 2.21250 -1.65625
vt 1.78750 -1.65625
f 742/2233 743/2234 747/2235 746/2236
vt 0.91750 -1.66625
vt 0.91750 -1.65625
vt 0.56750 -1.65625
vt 0.56750 -1.66625
f 744/2237 748/2238 747/2239 743/2240
vt 0.91750 -1.66625
vt 0.56750 -1.66625
vt 0.56750 -1.65625
vt 0.91750 -1.65625
f 741/2241 742/2242 746/2243 745/2244
vt 1.78750 -0.91750
vt 2.21250 -0.91750
vt 2.21250 -0.56750
vt 1.78750 -0.56750
f 749/2245 752/2246 751/2247 750/2248
vt 1.78750 -0.91750
vt 1.78750 -0.56750
vt 2.21250 -0.56750
vt 2.21250 -0.91750
f 753/2249 754/2250 755/2251 756/2252
vt 1.78750 1.66625
vt 1.78750 1.65625
vt 2.21250 1.65625
vt 2.21250 1.66625
f 749/2253 753/2254 756/2255 752/2256
vt 1.78750 1.66625
vt 2.21250 1.66625
vt 2.21250 1.65625
vt 1.78750 1.65625
f 750/2257 751/2258 755/2259 754/2260
vt -0.91750 1.66625
vt -0.91750 1.65625
vt -0.56750 1.65625
vt -0.56750 1.66625
f 752/2261 756/2262 755/2263 751/2264
vt -0.91750 1.66625
vt -0.56750 1.66625
vt -0.56750 1.65625
vt -0.91750 1.65625
f 749/2265 750/2266 754/2267 753/2268
vt 1.78750 0.56750
vt 2.21250 0.56750
vt 2.21250 0.91750
vt 1.78750 0.91750
f 757/2269 760/2270 759/2271 758/2272
vt 1.78750 0.56750
vt 1.78750 0.91750
vt 2.21250 0.91750
vt 2.21250 0.56750
f 761/2273 762/2274 763/2275 764/2276
vt 1.78750 1.66625
vt 1.78750 1.65625
vt 2.21250 1.65625
vt 2.21250 1.66625
f 757/2277 761/2278 764/2279 760/2280
vt 1.78750 1.66625
vt 2.21250 1.66625
vt 2.21250 1.65625
vt 1.78750 1.65625
f 758/2281 759/2282 763/2283 762/2284
vt 0.56750 1.66625
vt 0.56750 1.65625
vt 0.91750 1.65625
vt 0.91750 1.66625
f 760/2285 764/2286 763/2287 759/2288
vt 0.56750 1.66625
vt 0.91750 1.66625
vt 0.91750 1.65625
vt 0.56750 1.65625
f 757/2289 758/2290 762/2291 761/2292
vt 0.00000 -0.17500
vt 0.62500 -0.17500
vt 0.62500 0.17500
vt 0.00000 0.17500
f 765/2293 768/2294 767/2295 766/2296
vt 0.00000 -0.17500
vt 0.00000 0.17500
vt 0.62500 0.17500
vt 0.62500 -0.17500
f 769/2297 770/2298 771/2299 772/2300
vt 0.00000 -1.44000
vt 0.00000 -1.42500
vt 0.62500 -1.42500
vt 0.62500 -1.44000
f 765/2301 769/2302 772/2303 768/2304
vt 0.00000 -1.44000
vt 0.62500 -1.44000
vt 0.62500 -1.42500
vt 0.00000 -1.42500
f 766/2305 767/2306 771/2307 770/2308
vt -0.17500 -1.44000
vt -0.17500 -1.42500
vt 0.17500 -1.42500
vt 0.17500 -1.44000
f 768/2309 772/2310 771/2311 767/2312
vt -0.17500 -1.44000
vt 0.17500 -1.44000
vt 0.17500 -1.42500
vt -0.17500 -1.42500
f 765/2313 766/2314 770/2315 769/2316
o Metal
usemtl Metal
v -4.18750 0.95000 -5.70500
v -4.13250 0.95000 -5.70500
v -4.13250 2.65000 -5.70500
v -4.18750 2.65000 -5.70500
v -4.18750 0.95000 -5.65500
v -4.13250 0.95000 -5.65500
v -4.13250 2.65000 -5.65500
v -4.18750 2.65000 -5.65500
v -4.13250 0.95000 5.70500
v -4.18750 0.95000 5.70500
v -4.18750 2.65000 5.70500
v -4.13250 2.65000 5.70500
v -4.13250 0.95000 5.65500
v -4.18750 0.95000 5.65500
v -4.18750 2.65000 5.65500
v -4.13250 2.65000 5.65500
v 4.13250 0.95000 -5.70500
v 4.18750 0.95000 -5.70500
v 4.18750 2.65000 -5.70500
v 4.13250 2.65000 -5.70500
v 4.13250 0.95000 -5.65500
v 4.18750 0.95000 -5.65500
v 4.18750 2.65000 -5.65500
v 4.13250 2.65000 -5.65500
v 4.18750 0.95000 5.70500
v 4.13250 0.95000 5.70500
v 4.13250 2.65000 5.70500
v 4.18750 2.65000 5.70500
v 4.18750 0.95000 5.65500
v 4.13250 0.95000 5.65500
v 4.13250 2.65000 5.65500
v 4.18750 2.65000 5.65500
v -6.70500 0.95000 -2.94250
v -6.70500 0.95000 -2.99750
v -6.70500 2.65000 -2.99750
v -6.70500 2.65000 -2.94250
v -6.65500 0.95000 -2.94250
v -6.65500 0.95000 -2.99750
v -6.65500 2.65000 -2.99750
v -6.65500 2.65000 -2.94250
v -6.70500 0.95000 2.99750
v -6.70500 0.95000 2.94250
v -6.70500 2.65000 2.94250
v -6.70500 2.65000 2.99750
v -6.65500 0.95000 2.99750
v -6.65500 0.95000 2.94250
v -6.65500 2.65000 2.94250
v -6.65500 2.65000 2.99750
v 6.70500 0.95000 -2.99750
v 6.70500 0.95000 -2.94250
v 6.70500 2.65000 -2.94250
v 6.70500 2.65000 -2.99750
v 6.65500 0.95000 -2.99750
v 6.65500 0.95000 -2.94250
v 6.65500 2.65000 -2.94250
v 6.65500 2.65000 -2.99750
v 6.70500 0.95000 2.94250
v 6.70500 0.95000 2.99750
v 6.70500 2.65000 2.99750
v 6.70500 2.65000 2.94250
v 6.65500 0.95000 2.94250
v 6.65500 0.95000 2.99750
v 6.65500 2.65000 2.99750
v 6.65500 2.65000 2.94250
v -4.18750 4.05000 -5.70500
v -4.13250 4.05000 -5.70500
v -4.13250 5.75000 -5.70500
v -4.18750 5.75000 -5.70500
v -4.18750 4.05000 -5.65500
v -4.13250 4.05000 -5.65500
v -4.13250 5.75000 -5.65500
v -4.18750 5.75000 -5.65500
v -4.13250 4.05000 5.70500
v -4.18750 4.05000 5.70500
v -4.18750 5.75000 5.70500
v -4.13250 5.75000 5.70500
v -4.13250 4.05000 5.65500
v -4.18750 4.05000 5.65500
v -4.18750 5.75000 5.65500
v -4.13250 5.75000 5.65500
v -0.02750 4.05000 -5.70500
v 0.02750 4.05000 -5.70500
v 0.02750 5.75000 -5.70500
v -0.02750 5.75000 -5.70500
v -0.02750 4.05000 -5.65500
v 0.02750 4.05000 -5.65500
v 0.02750 5.75000 -5.65500
v -0.02750 5.75000 -5.65500
v 0.02750 4.05000 5.70500
v -0.02750 4.05000 5.70500
v -0.02750 5.75000 5.70500
v 0.02750 5.75000 5.70500
v 0.02750 4.05000 5.65500
v -0.02750 4.05000 5.65500
v -0.02750 5.75000 5.65500
v 0.02750 5.75000 5.65500
v 4.13250 4.05000 -5.70500
v 4.18750 4.05000 -5.70500
v 4.18750 5.75000 -5.70500
v 4.13250 5.75000 -5.70500
v 4.13250 4.05000 -5.65500
v 4.18750 4.05000 -5.65500
v 4.18750 5.75000 -5.65500
v 4.13250 5.75000 -5.65500
v 4.18750 4.05000 5.70500
v 4.13250 4.05000 5.70500
v 4.13250 5.75000 5.70500
v 4.18750 5.75000 5.70500
v 4.18750 4.05000 5.65500
v 4.13250 4.05000 5.65500
v 4.13250 5.75000 5.65500
v 4.18750 5.75000 5.65500
v -6.70500 4.05000 -2.94250
v -6.70500 4.05000 -2.99750
v -6.70500 5.75000 -2.99750
v -6.70500 5.75000 -2.94250
v -6.65500 4.05000 -2.94250
v -6.65500 4.05000 -2.99750
v -6.65500 5.75000 -2.99750
v -6.65500 5.75000 -2.94250
v -6.70500 4.05000 2.99750
v -6.70500 4.05000 2.94250
v -6.70500 5.75000 2.94250
v -6.70500 5.75000 2.99750
v -6.65500 4.05000 2.99750
v -6.65500 4.05000 2.94250
v -6.65500 5.75000 2.94250
v -6.65500 5.75000 2.99750
v 6.70500 4.05000 -2.99750
v 6.70500 4.05000 -2.94250
v 6.70500 5.75000 -2.94250
v 6.70500 5.75000 -2.99750
v 6.65500 4.05000 -2.99750
v 6.65500 4.05000 -2.94250
v 6.65500 5.75000 -2.94250
v 6.65500 5.75000 -2.99750
v 6.70500 4.05000 2.94250
v 6.70500 4.05000 2.99750
v 6.70500 5.75000 2.99750
v 6.70500 5.75000 2.94250
v 6.65500 4.05000 2.94250
v 6.65500 4.05000 2.99750
v 6.65500 5.75000 2.99750
v 6.65500 5.75000 2.94250
v -4.18750 7.15000 -5.70500
v -4.13250 7.15000 -5.70500
v -4.13250 8.85000 -5.70500
v -4.18750 8.85000 -5.70500
v -4.18750 7.15000 -5.65500
v -4.13250 7.15000 -5.65500
v -4.13250 8.85000 -5.65500
v -4.18750 8.85000 -5.65500
v -4.13250 7.15000 5.70500
v -4.18750 7.15000 5.70500
v -4.18750 8.85000 5.70500
v -4.13250 8.85000 5.70500
v -4.13250 7.15000 5.65500
v -4.18750 7.15000 5.65500
v -4.18750 8.85000 5.65500
v -4.13250 8.85000 5.65500
v -0.02750 7.15000 -5.70500
v 0.02750 7.15000 -5.70500
v 0.02750 8.85000 -5.70500
v -0.02750 8.85000 -5.70500
v -0.02750 7.15000 -5.65500
v 0.02750 7.15000 -5.65500
v 0.02750 8.85000 -5.65500
v -0.02750 8.85000 -5.65500
v 0.02750 7.15000 5.70500
v -0.02750 7.15000 5.70500
v -0.02750 8.85000 5.70500
v 0.02750 8.85000 5.70500
v 0.02750 7.15000 5.65500
v -0.02750 7.15000 5.65500
v -0.02750 8.85000 5.65500
v 0.02750 8.85000 5.65500
v 4.13250 7.15000 -5.70500
v 4.18750 7.15000 -5.70500
v 4.18750 8.85000 -5.70500
v 4.13250 8.85000 -5.70500
v 4.13250 7.15000 -5.65500
v 4.18750 7.15000 -5.65500
v 4.18750 8.85000 -5.65500
v 4.13250 8.85000 -5.65500
v 4.18750 7.15000 5.70500
v 4.13250 7.15000 5.70500
v 4.13250 8.85000 5.70500
v 4.18750 8.85000 5.70500
v 4.18750 7.15000 5.65500
v 4.13250 7.15000 5.65500
v 4.13250 8.85000 5.65500
v 4.18750 8.85000 5.65500
v -6.70500 7.15000 -2.94250
v -6.70500 7.15000 -2.99750
v -6.70500 8.85000 -2.99750
v -6.70500 8.85000 -2.94250
v -6.65500 7.15000 -2.94250
v -6.65500 7.15000 -2.99750
v -6.65500 8.85000 -2.99750
v -6.65500 8.85000 -2.94250
v -6.70500 7.15000 2.99750
v -6.70500 7.15000 2.94250
v -6.70500 8.85000 2.94250
v -6.70500 8.85000 2.99750
v -6.65500 7.15000 2.99750
v -6.65500 7.15000 2.94250
v -6.65500 8.85000 2.94250
v -6.65500 8.85000 2.99750
v 6.70500 7.15000 -2.99750
v 6.70500 7.15000 -2.94250
v 6.70500 8.85000 -2.94250
v 6.70500 8.85000 -2.99750
v 6.65500 7.15000 -2.99750
v 6.65500 7.15000 -2.94250
v 6.65500 8.85000 -2.94250
v 6.65500 8.85000 -2.99750
v 6.70500 7.15000 2.94250
v 6.70500 7.15000 2.99750
v 6.70500 8.85000 2.99750
v 6.70500 8.85000 2.94250
v 6.65500 7.15000 2.94250
v 6.65500 7.15000 2.99750
v 6.65500 8.85000 2.99750
v 6.65500 8.85000 2.94250
v -0.02750 0.00000 -5.80500
v 0.02750 0.00000 -5.80500
v 0.02750 2.50000 -5.80500
v -0.02750 2.50000 -5.80500
v -0.02750 0.00000 -5.75500
v 0.02750 0.00000 -5.75500
v 0.02750 2.50000 -5.75500
v -0.02750 2.50000 -5.75500
v -1.30000 2.79000 -6.95000
v 1.30000 2.79000 -6.95000
v 1.30000 2.91000 -6.95000
v -1.30000 2.91000 -6.95000
v -1.30000 2.79000 -5.45000
v 1.30000 2.79000 -5.45000
v 1.30000 2.91000 -5.45000
v -1.30000 2.91000 -5.45000
v -5.41000 4.32000 -6.78000
v -2.91000 4.32000 -6.78000
v -2.91000 4.38000 -6.78000
v -5.41000 4.38000 -6.78000
v -5.41000 4.32000 -6.72000
v -2.91000 4.32000 -6.72000
v -2.91000 4.38000 -6.72000
v -5.41000 4.38000 -6.72000
v -5.37750 3.35000 -6.76750
v -5.34250 3.35000 -6.76750
v -5.34250 4.35000 -6.76750
v -5.37750 4.35000 -6.76750
v -5.37750 3.35000 -6.73250
v -5.34250 3.35000 -6.73250
v -5.34250 4.35000 -6.73250
v -5.37750 4.35000 -6.73250
v -5.07750 3.35000 -6.76750
v -5.04250 3.35000 -6.76750
v -5.04250 4.35000 -6.76750
v -5.07750 4.35000 -6.76750
v -5.07750 3.35000 -6.73250
v -5.04250 3.35000 -6.73250
v -5.04250 4.35000 -6.73250
v -5.07750 4.35000 -6.73250
v -4.77750 3.35000 -6.76750
v -4.74250 3.35000 -6.76750
v -4.74250 4.35000 -6.76750
v -4.77750 4.35000 -6.76750
v -4.77750 3.35000 -6.73250
v -4.74250 3.35000 -6.73250
v -4.74250 4.35000 -6.73250
v -4.77750 4.35000 -6.73250
v -4.47750 3.35000 -6.76750
v -4.44250 3.35000 -6.76750
v -4.44250 4.35000 -6.76750
v -4.47750 4.35000 -6.76750
v -4.47750 3.35000 -6.73250
v -4.44250 3.35000 -6.73250
v -4.44250 4.35000 -6.73250
v -4.47750 4.35000 -6.73250
v -4.17750 3.35000 -6.76750
v -4.14250 3.35000 -6.76750
v -4.14250 4.35000 -6.76750
v -4.17750 4.35000 -6.76750
v -4.17750 3.35000 -6.73250
v -4.14250 3.35000 -6.73250
v -4.14250 4.35000 -6.73250
v -4.17750 4.35000 -6.73250
v -3.87750 3.35000 -6.76750
v -3.84250 3.35000 -6.76750
v -3.84250 4.35000 -6.76750
v -3.87750 4.35000 -6.76750
v -3.87750 3.35000 -6.73250
v -3.84250 3.35000 -6.73250
v -3.84250 4.35000 -6.73250
v -3.87750 4.35000 -6.73250
v -3.57750 3.35000 -6.76750
v -3.54250 3.35000 -6.76750
v -3.54250 4.35000 -6.76750
v -3.57750 4.35000 -6.76750
v -3.57750 3.35000 -6.73250
v -3.54250 3.35000 -6.73250
v -3.54250 4.35000 -6.73250
v -3.57750 4.35000 -6.73250
v -3.27750 3.35000 -6.76750
v -3.24250 3.35000 -6.76750
v -3.24250 4.35000 -6.76750
v -3.27750 4.35000 -6.76750
v -3.27750 3.35000 -6.73250
v -3.24250 3.35000 -6.73250
v -3.24250 4.35000 -6.73250
v -3.27750 4.35000 -6.73250
v -2.97750 3.35000 -6.76750
v -2.94250 3.35000 -6.76750
v -2.94250 4.35000 -6.76750
v -2.97750 4.35000 -6.76750
v -2.97750 3.35000 -6.73250
v -2.94250 3.35000 -6.73250
v -2.94250 4.35000 -6.73250
v -2.97750 4.35000 -6.73250
v -5.40750 4.32250 -6.77500
v -5.35250 4.32250 -6.77500
v -5.35250 4.37750 -6.77500
v -5.40750 4.37750 -6.77500
v -5.40750 4.32250 -5.52500
v -5.35250 4.32250 -5.52500
v -5.35250 4.37750 -5.52500
v -5.40750 4.37750 -5.52500
v -2.96750 4.32250 -6.77500
v -2.91250 4.32250 -6.77500
v -2.91250 4.37750 -6.77500
v -2.96750 4.37750 -6.77500
v -2.96750 4.32250 -5.52500
v -2.91250 4.32250 -5.52500
v -2.91250 4.37750 -5.52500
v -2.96750 4.37750 -5.52500
v 2.91000 4.32000 -6.78000
v 5.41000 4.32000 -6.78000
v 5.41000 4.38000 -6.78000
v 2.91000 4.38000 -6.78000
v 2.91000 4.32000 -6.72000
v 5.41000 4.32000 -6.72000
v 5.41000 4.38000 -6.72000
v 2.91000 4.38000 -6.72000
v 2.94250 3.35000 -6.76750
v 2.97750 3.35000 -6.76750
v 2.97750 4.35000 -6.76750
v 2.94250 4.35000 -6.76750
v 2.94250 3.35000 -6.73250
v 2.97750 3.35000 -6.73250
v 2.97750 4.35000 -6.73250
v 2.94250 4.35000 -6.73250
v 3.24250 3.35000 -6.76750
v 3.27750 3.35000 -6.76750
v 3.27750 4.35000 -6.76750
v 3.24250 4.35000 -6.76750
v 3.24250 3.35000 -6.73250
v 3.27750 3.35000 -6.73250
v 3.27750 4.35000 -6.73250
v 3.24250 4.35000 -6.73250
v 3.54250 3.35000 -6.76750
v 3.57750 3.35000 -6.76750
v 3.57750 4.35000 -6.76750
v 3.54250 4.35000 -6.76750
v 3.54250 3.35000 -6.73250
v 3.57750 3.35000 -6.73250
v 3.57750 4.35000 -6.73250
v 3.54250 4.35000 -6.73250
v 3.84250 3.35000 -6.76750
v 3.87750 3.35000 -6.76750
v 3.87750 4.35000 -6.76750
v 3.84250 4.35000 -6.76750
v 3.84250 3.35000 -6.73250
v 3.87750 3.35000 -6.73250
v 3.87750 4.35000 -6.73250
v 3.84250 4.35000 -6.73250
v 4.14250 3.35000 -6.76750
v 4.17750 3.35000 -6.76750
v 4.17750 4.35000 -6.76750
v 4.14250 4.35000 -6.76750
v 4.14250 3.35000 -6.73250
v 4.17750 3.35000 -6.73250
v 4.17750 4.35000 -6.73250
v 4.14250 4.35000 -6.73250
v 4.44250 3.35000 -6.76750
v 4.47750 3.35000 -6.76750
v 4.47750 4.35000 -6.76750
v 4.44250 4.35000 -6.76750
v 4.44250 3.35000 -6.73250
v 4.47750 3.35000 -6.73250
v 4.47750 4.35000 -6.73250
v 4.44250 4.35000 -6.73250
v 4.74250 3.35000 -6.76750
v 4.77750 3.35000 -6.76750
v 4.77750 4.35000 -6.76750
v 4.74250 4.35000 -6.76750
v 4.74250 3.35000 -6.73250
v 4.77750 3.35000 -6.73250
v 4.77750 4.35000 -6.73250
v 4.74250 4.35000 -6.73250
v 5.04250 3.35000 -6.76750
v 5.07750 3.35000 -6.76750
v 5.07750 4.35000 -6.76750
v 5.04250 4.35000 -6.76750
v 5.04250 3.35000 -6.73250
v 5.07750 3.35000 -6.73250
v 5.07750 4.35000 -6.73250
v 5.04250 4.35000 -6.73250
v 5.34250 3.35000 -6.76750
v 5.37750 3.35000 -6.76750
v 5.37750 4.35000 -6.76750
v 5.34250 4.35000 -6.76750
v 5.34250 3.35000 -6.73250
v 5.37750 3.35000 -6.73250
v 5.37750 4.35000 -6.73250
v 5.34250 4.35000 -6.73250
v 2.91250 4.32250 -6.77500
v 2.96750 4.32250 -6.77500
v 2.96750 4.37750 -6.77500
v 2.91250 4.37750 -6.77500
v 2.91250 4.32250 -5.52500
v 2.96750 4.32250 -5.52500
v 2.96750 4.37750 -5.52500
v 2.91250 4.37750 -5.52500
v 5.35250 4.32250 -6.77500
v 5.40750 4.32250 -6.77500
v 5.40750 4.37750 -6.77500
v 5.35250 4.37750 -6.77500
v 5.35250 4.32250 -5.52500
v 5.40750 4.32250 -5.52500
v 5.40750 4.37750 -5.52500
v 5.35250 4.37750 -5.52500
v -6.41750 0.00000 -5.65750
v -6.34250 0.00000 -5.65750
v -6.34250 9.30000 -5.65750
v -6.41750 9.30000 -5.65750
v -6.41750 0.00000 -5.58250
v -6.34250 0.00000 -5.58250
v -6.34250 9.30000 -5.58250
v -6.41750 9.30000 -5.58250
v 6.34250 0.00000 -5.65750
v 6.41750 0.00000 -5.65750
v 6.41750 9.30000 -5.65750
v 6.34250 9.30000 -5.65750
v 6.34250 0.00000 -5.58250
v 6.41750 0.00000 -5.58250
v 6.41750 9.30000 -5.58250
v 6.34250 9.30000 -5.58250
v -6.01250 9.38830 -5.84560
v -5.98750 9.38830 -5.84560
v -5.98750 9.41170 -5.85440
v -6.01250 9.41170 -5.85440
v -6.01250 11.58830 0.00440
v -5.98750 11.58830 0.00440
v -5.98750 11.61170 -0.00440
v -6.01250 11.61170 -0.00440
v -5.01250 9.38830 -5.84560
v -4.98750 9.38830 -5.84560
v -4.98750 9.41170 -5.85440
v -5.01250 9.41170 -5.85440
v -5.01250 11.58830 0.00440
v -4.98750 11.58830 0.00440
v -4.98750 11.61170 -0.00440
v -5.01250 11.61170 -0.00440
v -4.01250 9.38830 -5.84560
v -3.98750 9.38830 -5.84560
v -3.98750 9.41170 -5.85440
v -4.01250 9.41170 -5.85440
v -4.01250 11.58830 0.00440
v -3.98750 11.58830 0.00440
v -3.98750 11.61170 -0.00440
v -4.01250 11.61170 -0.00440
v -3.01250 9.38830 -5.84560
v -2.98750 9.38830 -5.84560
v -2.98750 9.41170 -5.85440
v -3.01250 9.41170 -5.85440
v -3.01250 11.58830 0.00440
v -2.98750 11.58830 0.00440
v -2.98750 11.61170 -0.00440
v -3.01250 11.61170 -0.00440
v -2.01250 9.38830 -5.84560
v -1.98750 9.38830 -5.84560
v -1.98750 9.41170 -5.85440
v -2.01250 9.41170 -5.85440
v -2.01250 11.58830 0.00440
v -1.98750 11.58830 0.00440
v -1.98750 11.61170 -0.00440
v -2.01250 11.61170 -0.00440
v -1.01250 9.38830 -5.84560
v -0.98750 9.38830 -5.84560
v -0.98750 9.41170 -5.85440
v -1.01250 9.41170 -5.85440
v -1.01250 11.58830 0.00440
v -0.98750 11.58830 0.00440
v -0.98750 11.61170 -0.00440
v -1.01250 11.61170 -0.00440
v -0.01250 9.38830 -5.84560
v 0.01250 9.38830 -5.84560
v 0.01250 9.41170 -5.85440
v -0.01250 9.41170 -5.85440
v -0.01250 11.58830 0.00440
v 0.01250 11.58830 0.00440
v 0.01250 11.61170 -0.00440
v -0.01250 11.61170 -0.00440
v 0.98750 9.38830 -5.84560
v 1.01250 9.38830 -5.84560
v 1.01250 9.41170 -5.85440
v 0.98750 9.41170 -5.85440
v 0.98750 11.58830 0.00440
v 1.01250 11.58830 0.00440
v 1.01250 11.61170 -0.00440
v 0.98750 11.61170 -0.00440
v 1.98750 9.38830 -5.84560
v 2.01250 9.38830 -5.84560
v 2.01250 9.41170 -5.85440
v 1.98750 9.41170 -5.85440
v 1.98750 11.58830 0.00440
v 2.01250 11.58830 0.00440
v 2.01250 11.61170 -0.00440
v 1.98750 11.61170 -0.00440
v 2.98750 9.38830 -5.84560
v 3.01250 9.38830 -5.84560
v 3.01250 9.41170 -5.85440
v 2.98750 9.41170 -5.85440
v 2.98750 11.58830 0.00440
v 3.01250 11.58830 0.00440
v 3.01250 11.61170 -0.00440
v 2.98750 11.61170 -0.00440
v 3.98750 9.38830 -5.84560
v 4.01250 9.38830 -5.84560
v 4.01250 9.41170 -5.85440
v 3.98750 9.41170 -5.85440
v 3.98750 11.58830 0.00440
v 4.01250 11.58830 0.00440
v 4.01250 11.61170 -0.00440
v 3.98750 11.61170 -0.00440
v 4.98750 9.38830 -5.84560
v 5.01250 9.38830 -5.84560
v 5.01250 9.41170 -5.85440
v 4.98750 9.41170 -5.85440
v 4.98750 11.58830 0.00440
v 5.01250 11.58830 0.00440
v 5.01250 11.61170 -0.00440
v 4.98750 11.61170 -0.00440
v 5.98750 9.38830 -5.84560
v 6.01250 9.38830 -5.84560
v 6.01250 9.41170 -5.85440
v 5.98750 9.41170 -5.85440
v 5.98750 11.58830 0.00440
v 6.01250 11.58830 0.00440
v 6.01250 11.61170 -0.00440
v 5.98750 11.61170 -0.00440
v -6.01250 11.58830 -0.00440
v -5.98750 11.58830 -0.00440
v -5.98750 11.61170 0.00440
v -6.01250 11.61170 0.00440
v -6.01250 9.38830 5.84560
v -5.98750 9.38830 5.84560
v -5.98750 9.41170 5.85440
v -6.01250 9.41170 5.85440
v -5.01250 11.58830 -0.00440
v -4.98750 11.58830 -0.00440
v -4.98750 11.61170 0.00440
v -5.01250 11.61170 0.00440
v -5.01250 9.38830 5.84560
v -4.98750 9.38830 5.84560
v -4.98750 9.41170 5.85440
v -5.01250 9.41170 5.85440
v -4.01250 11.58830 -0.00440
v -3.98750 11.58830 -0.00440
v -3.98750 11.61170 0.00440
v -4.01250 11.61170 0.00440
v -4.01250 9.38830 5.84560
v -3.98750 9.38830 5.84560
v -3.98750 9.41170 5.85440
v -4.01250 9.41170 5.85440
v -3.01250 11.58830 -0.00440
v -2.98750 11.58830 -0.00440
v -2.98750 11.61170 0.00440
v -3.01250 11.61170 0.00440
v -3.01250 9.38830 5.84560
v -2.98750 9.38830 5.84560
v -2.98750 9.41170 5.85440
v -3.01250 9.41170 5.85440
v -2.01250 11.58830 -0.00440
v -1.98750 11.58830 -0.00440
v -1.98750 11.61170 0.00440
v -2.01250 11.61170 0.00440
v -2.01250 9.38830 5.84560
v -1.98750 9.38830 5.84560
v -1.98750 9.41170 5.85440
v -2.01250 9.41170 5.85440
v -1.01250 11.58830 -0.00440
v -0.98750 11.58830 -0.00440
v -0.98750 11.61170 0.00440
v -1.01250 11.61170 0.00440
v -1.01250 9.38830 5.84560
v -0.98750 9.38830 5.84560
v -0.98750 9.41170 5.85440
v -1.01250 9.41170 5.85440
v -0.01250 11.58830 -0.00440
v 0.01250 11.58830 -0.00440
v 0.01250 11.61170 0.00440
v -0.01250 11.61170 0.00440
v -0.01250 9.38830 5.84560
v 0.01250 9.38830 5.84560
v 0.01250 9.41170 5.85440
v -0.01250 9.41170 5.85440
v 0.98750 11.58830 -0.00440
v 1.01250 11.58830 -0.00440
v 1.01250 11.61170 0.00440
v 0.98750 11.61170 0.00440
v 0.98750 9.38830 5.84560
v 1.01250 9.38830 5.84560
v 1.01250 9.41170 5.85440
v 0.98750 9.41170 5.85440
v 1.98750 11.58830 -0.00440
v 2.01250 11.58830 -0.00440
v 2.01250 11.61170 0.00440
v 1.98750 11.61170 0.00440
v 1.98750 9.38830 5.84560
v 2.01250 9.38830 5.84560
v 2.01250 9.41170 5.85440
v 1.98750 9.41170 5.85440
v 2.98750 11.58830 -0.00440
v 3.01250 11.58830 -0.00440
v 3.01250 11.61170 0.00440
v 2.98750 11.61170 0.00440
v 2.98750 9.38830 5.84560
v 3.01250 9.38830 5.84560
v 3.01250 9.41170 5.85440
v 2.98750 9.41170 5.85440
v 3.98750 11.58830 -0.00440
v 4.01250 11.58830 -0.00440
v 4.01250 11.61170 0.00440
v 3.98750 11.61170 0.00440
v 3.98750 9.38830 5.84560
v 4.01250 9.38830 5.84560
v 4.01250 9.41170 5.85440
v 3.98750 9.41170 5.85440
v 4.98750 11.58830 -0.00440
v 5.01250 11.58830 -0.00440
v 5.01250 11.61170 0.00440
v 4.98750 11.61170 0.00440
v 4.98750 9.38830 5.84560
v 5.01250 9.38830 5.84560
v 5.01250 9.41170 5.85440
v 4.98750 9.41170 5.85440
v 5.98750 11.58830 -0.00440
v 6.01250 11.58830 -0.00440
v 6.01250 11.61170 0.00440
v 5.98750 11.61170 0.00440
v 5.98750 9.38830 5.84560
v 6.01250 9.38830 5.84560
v 6.01250 9.41170 5.85440
v 5.98750 9.41170 5.85440
vt 0.23750 -1.04688
vt 0.66250 -1.04688
vt 0.66250 -1.03313
vt 0.23750 -1.03313
f 773/2317 776/2318 775/2319 774/2320
vt 0.23750 -1.04688
vt 0.23750 -1.03313
vt 0.66250 -1.03313
vt 0.66250 -1.04688
f 777/2321 778/2322 779/2323 780/2324
vt 0.23750 -1.42625
vt 0.23750 -1.41375
vt 0.66250 -1.41375
vt 0.66250 -1.42625
f 773/2325 777/2326 780/2327 776/2328
vt 0.23750 -1.42625
vt 0.66250 -1.42625
vt 0.66250 -1.41375
vt 0.23750 -1.41375
f 774/2329 775/2330 779/2331 778/2332
vt -1.04688 -1.42625
vt -1.04688 -1.41375
vt -1.03313 -1.41375
vt -1.03313 -1.42625
f 776/2333 780/2334 779/2335 775/2336
vt -1.04688 -1.42625
vt -1.03313 -1.42625
vt -1.03313 -1.41375
vt -1.04688 -1.41375
f 773/2337 774/2338 778/2339 777/2340
vt 0.23750 -1.03313
vt 0.66250 -1.03313
vt 0.66250 -1.04688
vt 0.23750 -1.04688
f 781/2341 784/2342 783/2343 782/2344
vt 0.23750 -1.03313
vt 0.23750 -1.04688
vt 0.66250 -1.04688
vt 0.66250 -1.03313
f 785/2345 786/2346 787/2347 788/2348
vt 0.23750 1.42625
vt 0.23750 1.41375
vt 0.66250 1.41375
vt 0.66250 1.42625
f 781/2349 785/2350 788/2351 784/2352
vt 0.23750 1.42625
vt 0.66250 1.42625
vt 0.66250 1.41375
vt 0.23750 1.41375
f 782/2353 783/2354 787/2355 786/2356
vt -1.03313 1.42625
vt -1.03313 1.41375
vt -1.04688 1.41375
vt -1.04688 1.42625
f 784/2357 788/2358 787/2359 783/2360
vt -1.03313 1.42625
vt -1.04688 1.42625
vt -1.04688 1.41375
vt -1.03313 1.41375
f 781/2361 782/2362 786/2363 785/2364
vt 0.23750 1.03313
vt 0.66250 1.03313
vt 0.66250 1.04688
vt 0.23750 1.04688
f 789/2365 792/2366 791/2367 790/2368
vt 0.23750 1.03313
vt 0.23750 1.04688
vt 0.66250 1.04688
vt 0.66250 1.03313
f 793/2369 794/2370 795/2371 796/2372
vt 0.23750 -1.42625
vt 0.23750 -1.41375
vt 0.66250 -1.41375
vt 0.66250 -1.42625
f 789/2373 793/2374 796/2375 792/2376
vt 0.23750 -1.42625
vt 0.66250 -1.42625
vt 0.66250 -1.41375
vt 0.23750 -1.41375
f 790/2377 791/2378 795/2379 794/2380
vt 1.03313 -1.42625
vt 1.03313 -1.41375
vt 1.04688 -1.41375
vt 1.04688 -1.42625
f 792/2381 796/2382 795/2383 791/2384
vt 1.03313 -1.42625
vt 1.04688 -1.42625
vt 1.04688 -1.41375
vt 1.03313 -1.41375
f 789/2385 790/2386 794/2387 793/2388
vt 0.23750 1.04688
vt 0.66250 1.04688
vt 0.66250 1.03313
vt 0.23750 1.03313
f 797/2389 800/2390 799/2391 798/2392
vt 0.23750 1.04688
vt 0.23750 1.03313
vt 0.66250 1.03313
vt 0.66250 1.04688
f 801/2393 802/2394 803/2395 804/2396
vt 0.23750 1.42625
vt 0.23750 1.41375
vt 0.66250 1.41375
vt 0.66250 1.42625
f 797/2397 801/2398 804/2399 800/2400
vt 0.23750 1.42625
vt 0.66250 1.42625
vt 0.66250 1.41375
vt 0.23750 1.41375
f 798/2401 799/2402 803/2403 802/2404
vt 1.04688 1.42625
vt 1.04688 1.41375
vt 1.03313 1.41375
vt 1.03313 1.42625
f 800/2405 804/2406 803/2407 799/2408
vt 1.04688 1.42625
vt 1.03313 1.42625
vt 1.03313 1.41375
vt 1.04688 1.41375
f 797/2409 798/2410 802/2411 801/2412
vt 0.23750 -0.73563
vt 0.66250 -0.73563
vt 0.66250 -0.74938
vt 0.23750 -0.74938
f 805/2413 808/2414 807/2415 806/2416
vt 0.23750 -0.73563
vt 0.23750 -0.74938
vt 0.66250 -0.74938
vt 0.66250 -0.73563
f 809/2417 810/2418 811/2419 812/2420
vt 0.23750 -1.67625
vt 0.23750 -1.66375
vt 0.66250 -1.66375
vt 0.66250 -1.67625
f 805/2421 809/2422 812/2423 808/2424
vt 0.23750 -1.67625
vt 0.66250 -1.67625
vt 0.66250 -1.66375
vt 0.23750 -1.66375
f 806/2425 807/2426 811/2427 810/2428
vt -0.73563 -1.67625
vt -0.73563 -1.66375
vt -0.74938 -1.66375
vt -0.74938 -1.67625
f 808/2429 812/2430 811/2431 807/2432
vt -0.73563 -1.67625
vt -0.74938 -1.67625
vt -0.74938 -1.66375
vt -0.73563 -1.66375
f 805/2433 806/2434 810/2435 809/2436
vt 0.23750 0.74938
vt 0.66250 0.74938
vt 0.66250 0.73563
vt 0.23750 0.73563
f 813/2437 816/2438 815/2439 814/2440
vt 0.23750 0.74938
vt 0.23750 0.73563
vt 0.66250 0.73563
vt 0.66250 0.74938
f 817/2441 818/2442 819/2443 820/2444
vt 0.23750 -1.67625
vt 0.23750 -1.66375
vt 0.66250 -1.66375
vt 0.66250 -1.67625
f 813/2445 817/2446 820/2447 816/2448
vt 0.23750 -1.67625
vt 0.66250 -1.67625
vt 0.66250 -1.66375
vt 0.23750 -1.66375
f 814/2449 815/2450 819/2451 818/2452
vt 0.74938 -1.67625
vt 0.74938 -1.66375
vt 0.73563 -1.66375
vt 0.73563 -1.67625
f 816/2453 820/2454 819/2455 815/2456
vt 0.74938 -1.67625
vt 0.73563 -1.67625
vt 0.73563 -1.66375
vt 0.74938 -1.66375
f 813/2457 814/2458 818/2459 817/2460
vt 0.23750 -0.74938
vt 0.66250 -0.74938
vt 0.66250 -0.73563
vt 0.23750 -0.73563
f 821/2461 824/2462 823/2463 822/2464
vt 0.23750 -0.74938
vt 0.23750 -0.73563
vt 0.66250 -0.73563
vt 0.66250 -0.74938
f 825/2465 826/2466 827/2467 828/2468
vt 0.23750 1.67625
vt 0.23750 1.66375
vt 0.66250 1.66375
vt 0.66250 1.67625
f 821/2469 825/2470 828/2471 824/2472
vt 0.23750 1.67625
vt 0.66250 1.67625
vt 0.66250 1.66375
vt 0.23750 1.66375
f 822/2473 823/2474 827/2475 826/2476
vt -0.74938 1.67625
vt -0.74938 1.66375
vt -0.73563 1.66375
vt -0.73563 1.67625
f 824/2477 828/2478 827/2479 823/2480
vt -0.74938 1.67625
vt -0.73563 1.67625
vt -0.73563 1.66375
vt -0.74938 1.66375
f 821/2481 822/2482 826/2483 825/2484
vt 0.23750 0.73563
vt 0.66250 0.73563
vt 0.66250 0.74938
vt 0.23750 0.74938
f 829/2485 832/2486 831/2487 830/2488
vt 0.23750 0.73563
vt 0.23750 0.74938
vt 0.66250 0.74938
vt 0.66250 0.73563
f 833/2489 834/2490 835/2491 836/2492
vt 0.23750 1.67625
vt 0.23750 1.66375
vt 0.66250 1.66375
vt 0.66250 1.67625
f 829/2493 833/2494 836/2495 832/2496
vt 0.23750 1.67625
vt 0.66250 1.67625
vt 0.66250 1.66375
vt 0.23750 1.66375
f 830/2497 831/2498 835/2499 834/2500
vt 0.73563 1.67625
vt 0.73563 1.66375
vt 0.74938 1.66375
vt 0.74938 1.67625
f 832/2501 836/2502 835/2503 831/2504
vt 0.73563 1.67625
vt 0.74938 1.67625
vt 0.74938 1.66375
vt 0.73563 1.66375
f 829/2505 830/2506 834/2507 833/2508
vt 1.01250 -1.04688
vt 1.43750 -1.04688
vt 1.43750 -1.03313
vt 1.01250 -1.03313
f 837/2509 840/2510 839/2511 838/2512
vt 1.01250 -1.04688
vt 1.01250 -1.03313
vt 1.43750 -1.03313
vt 1.43750 -1.04688
f 841/2513 842/2514 843/2515 844/2516
vt 1.01250 -1.42625
vt 1.01250 -1.41375
vt 1.43750 -1.41375
vt 1.43750 -1.42625
f 837/2517 841/2518 844/2519 840/2520
vt 1.01250 -1.42625
vt 1.43750 -1.42625
vt 1.43750 -1.41375
vt 1.01250 -1.41375
f 838/2521 839/2522 843/2523 842/2524
vt -1.04688 -1.42625
vt -1.04688 -1.41375
vt -1.03313 -1.41375
vt -1.03313 -1.42625
f 840/2525 844/2526 843/2527 839/2528
vt -1.04688 -1.42625
vt -1.03313 -1.42625
vt -1.03313 -1.41375
vt -1.04688 -1.41375
f 837/2529 838/2530 842/2531 841/2532
vt 1.01250 -1.03313
vt 1.43750 -1.03313
vt 1.43750 -1.04688
vt 1.01250 -1.04688
f 845/2533 848/2534 847/2535 846/2536
vt 1.01250 -1.03313
vt 1.01250 -1.04688
vt 1.43750 -1.04688
vt 1.43750 -1.03313
f 849/2537 850/2538 851/2539 852/2540
vt 1.01250 1.42625
vt 1.01250 1.41375
vt 1.43750 1.41375
vt 1.43750 1.42625
f 845/2541 849/2542 852/2543 848/2544
vt 1.01250 1.42625
vt 1.43750 1.42625
vt 1.43750 1.41375
vt 1.01250 1.41375
f 846/2545 847/2546 851/2547 850/2548
vt -1.03313 1.42625
vt -1.03313 1.41375
vt -1.04688 1.41375
vt -1.04688 1.42625
f 848/2549 852/2550 851/2551 847/2552
vt -1.03313 1.42625
vt -1.04688 1.42625
vt -1.04688 1.41375
vt -1.03313 1.41375
f 845/2553 846/2554 850/2555 849/2556
vt 1.01250 -0.00688
vt 1.43750 -0.00688
vt 1.43750 0.00688
vt 1.01250 0.00688
f 853/2557 856/2558 855/2559 854/2560
vt 1.01250 -0.00688
vt 1.01250 0.00688
vt 1.43750 0.00688
vt 1.43750 -0.00688
f 857/2561 858/2562 859/2563 860/2564
vt 1.01250 -1.42625
vt 1.01250 -1.41375
vt 1.43750 -1.41375
vt 1.43750 -1.42625
f 853/2565 857/2566 860/2567 856/2568
vt 1.01250 -1.42625
vt 1.43750 -1.42625
vt 1.43750 -1.41375
vt 1.01250 -1.41375
f 854/2569 855/2570 859/2571 858/2572
vt -0.00688 -1.42625
vt -0.00688 -1.41375
vt 0.00688 -1.41375
vt 0.00688 -1.42625
f 856/2573 860/2574 859/2575 855/2576
vt -0.00688 -1.42625
vt 0.00688 -1.42625
vt 0.00688 -1.41375
vt -0.00688 -1.41375
f 853/2577 854/2578 858/2579 857/2580
vt 1.01250 0.00687
vt 1.43750 0.00687
vt 1.43750 -0.00688
vt 1.01250 -0.00688
f 861/2581 864/2582 863/2583 862/2584
vt 1.01250 0.00687
vt 1.01250 -0.00688
vt 1.43750 -0.00688
vt 1.43750 0.00687
f 865/2585 866/2586 867/2587 868/2588
vt 1.01250 1.42625
vt 1.01250 1.41375
vt 1.43750 1.41375
vt 1.43750 1.42625
f 861/2589 865/2590 868/2591 864/2592
vt 1.01250 1.42625
vt 1.43750 1.42625
vt 1.43750 1.41375
vt 1.01250 1.41375
f 862/2593 863/2594 867/2595 866/2596
vt 0.00687 1.42625
vt 0.00687 1.41375
vt -0.00688 1.41375
vt -0.00688 1.42625
f 864/2597 868/2598 867/2599 863/2600
vt 0.00687 1.42625
vt -0.00688 1.42625
vt -0.00688 1.41375
vt 0.00687 1.41375
f 861/2601 862/2602 866/2603 865/2604
vt 1.01250 1.03313
vt 1.43750 1.03313
vt 1.43750 1.04688
vt 1.01250 1.04688
f 869/2605 872/2606 871/2607 870/2608
vt 1.01250 1.03313
vt 1.01250 1.04688
vt 1.43750 1.04688
vt 1.43750 1.03313
f 873/2609 874/2610 875/2611 876/2612
vt 1.01250 -1.42625
vt 1.01250 -1.41375
vt 1.43750 -1.41375
vt 1.43750 -1.42625
f 869/2613 873/2614 876/2615 872/2616
vt 1.01250 -1.42625
vt 1.43750 -1.42625
vt 1.43750 -1.41375
vt 1.01250 -1.41375
f 870/2617 871/2618 875/2619 874/2620
vt 1.03313 -1.42625
vt 1.03313 -1.41375
vt 1.04688 -1.41375
vt 1.04688 -1.42625
f 872/2621 876/2622 875/2623 871/2624
vt 1.03313 -1.42625
vt 1.04688 -1.42625
vt 1.04688 -1.41375
vt 1.03313 -1.41375
f 869/2625 870/2626 874/2627 873/2628
vt 1.01250 1.04688
vt 1.43750 1.04688
vt 1.43750 1.03313
vt 1.01250 1.03313
f 877/2629 880/2630 879/2631 878/2632
vt 1.01250 1.04688
vt 1.01250 1.03313
vt 1.43750 1.03313
vt 1.43750 1.04688
f 881/2633 882/2634 883/2635 884/2636
vt 1.01250 1.42625
vt 1.01250 1.41375
vt 1.43750 1.41375
vt 1.43750 1.42625
f 877/2637 881/2638 884/2639 880/2640
vt 1.01250 1.42625
vt 1.43750 1.42625
vt 1.43750 1.41375
vt 1.01250 1.41375
f 878/2641 879/2642 883/2643 882/2644
vt 1.04688 1.42625
vt 1.04688 1.41375
vt 1.03313 1.41375
vt 1.03313 1.42625
f 880/2645 884/2646 883/2647 879/2648
vt 1.04688 1.42625
vt 1.03313 1.42625
vt 1.03313 1.41375
vt 1.04688 1.41375
f 877/2649 878/2650 882/2651 881/2652
vt 1.01250 -0.73563
vt 1.43750 -0.73563
vt 1.43750 -0.74938
vt 1.01250 -0.74938
f 885/2653 888/2654 887/2655 886/2656
vt 1.01250 -0.73563
vt 1.01250 -0.74938
vt 1.43750 -0.74938
vt 1.43750 -0.73563
f 889/2657 890/2658 891/2659 892/2660
vt 1.01250 -1.67625
vt 1.01250 -1.66375
vt 1.43750 -1.66375
vt 1.43750 -1.67625
f 885/2661 889/2662 892/2663 888/2664
vt 1.01250 -1.67625
vt 1.43750 -1.67625
vt 1.43750 -1.66375
vt 1.01250 -1.66375
f 886/2665 887/2666 891/2667 890/2668
vt -0.73563 -1.67625
vt -0.73563 -1.66375
vt -0.74938 -1.66375
vt -0.74938 -1.67625
f 888/2669 892/2670 891/2671 887/2672
vt -0.73563 -1.67625
vt -0.74938 -1.67625
vt -0.74938 -1.66375
vt -0.73563 -1.66375
f 885/2673 886/2674 890/2675 889/2676
vt 1.01250 0.74938
vt 1.43750 0.74938
vt 1.43750 0.73563
vt 1.01250 0.73563
f 893/2677 896/2678 895/2679 894/2680
vt 1.01250 0.74938
vt 1.01250 0.73563
vt 1.43750 0.73563
vt 1.43750 0.74938
f 897/2681 898/2682 899/2683 900/2684
vt 1.01250 -1.67625
vt 1.01250 -1.66375
vt 1.43750 -1.66375
vt 1.43750 -1.67625
f 893/2685 897/2686 900/2687 896/2688
vt 1.01250 -1.67625
vt 1.43750 -1.67625
vt 1.43750 -1.66375
vt 1.01250 -1.66375
f 894/2689 895/2690 899/2691 898/2692
vt 0.74938 -1.67625
vt 0.74938 -1.66375
vt 0.73563 -1.66375
vt 0.73563 -1.67625
f 896/2693 900/2694 899/2695 895/2696
vt 0.74938 -1.67625
vt 0.73563 -1.67625
vt 0.73563 -1.66375
vt 0.74938 -1.66375
f 893/2697 894/2698 898/2699 897/2700
vt 1.01250 -0.74938
vt 1.43750 -0.74938
vt 1.43750 -0.73563
vt 1.01250 -0.73563
f 901/2701 904/2702 903/2703 902/2704
vt 1.01250 -0.74938
vt 1.01250 -0.73563
vt 1.43750 -0.73563
vt 1.43750 -0.74938
f 905/2705 906/2706 907/2707 908/2708
vt 1.01250 1.67625
vt 1.01250 1.66375
vt 1.43750 1.66375
vt 1.43750 1.67625
f 901/2709 905/2710 908/2711 904/2712
vt 1.01250 1.67625
vt 1.43750 1.67625
vt 1.43750 1.66375
vt 1.01250 1.66375
f 902/2713 903/2714 907/2715 906/2716
vt -0.74938 1.67625
vt -0.74938 1.66375
vt -0.73563 1.66375
vt -0.73563 1.67625
f 904/2717 908/2718 907/2719 903/2720
vt -0.74938 1.67625
vt -0.73563 1.67625
vt -0.73563 1.66375
vt -0.74938 1.66375
f 901/2721 902/2722 906/2723 905/2724
vt 1.01250 0.73563
vt 1.43750 0.73563
vt 1.43750 0.74938
vt 1.01250 0.74938
f 909/2725 912/2726 911/2727 910/2728
vt 1.01250 0.73563
vt 1.01250 0.74938
vt 1.43750 0.74938
vt 1.43750 0.73563
f 913/2729 914/2730 915/2731 916/2732
vt 1.01250 1.67625
vt 1.01250 1.66375
vt 1.43750 1.66375
vt 1.43750 1.67625
f 909/2733 913/2734 916/2735 912/2736
vt 1.01250 1.67625
vt 1.43750 1.67625
vt 1.43750 1.66375
vt 1.01250 1.66375
f 910/2737 911/2738 915/2739 914/2740
vt 0.73563 1.67625
vt 0.73563 1.66375
vt 0.74938 1.66375
vt 0.74938 1.67625
f 912/2741 916/2742 915/2743 911/2744
vt 0.73563 1.67625
vt 0.74938 1.67625
vt 0.74938 1.66375
vt 0.73563 1.66375
f 909/2745 910/2746 914/2747 913/2748
vt 1.78750 -1.04688
vt 2.21250 -1.04688
vt 2.21250 -1.03313
vt 1.78750 -1.03313
f 917/2749 920/2750 919/2751 918/2752
vt 1.78750 -1.04688
vt 1.78750 -1.03313
vt 2.21250 -1.03313
vt 2.21250 -1.04688
f 921/2753 922/2754 923/2755 924/2756
vt 1.78750 -1.42625
vt 1.78750 -1.41375
vt 2.21250 -1.41375
vt 2.21250 -1.42625
f 917/2757 921/2758 924/2759 920/2760
vt 1.78750 -1.42625
vt 2.21250 -1.42625
vt 2.21250 -1.41375
vt 1.78750 -1.41375
f 918/2761 919/2762 923/2763 922/2764
vt -1.04688 -1.42625
vt -1.04688 -1.41375
vt -1.03313 -1.41375
vt -1.03313 -1.42625
f 920/2765 924/2766 923/2767 919/2768
vt -1.04688 -1.42625
vt -1.03313 -1.42625
vt -1.03313 -1.41375
vt -1.04688 -1.41375
f 917/2769 918/2770 922/2771 921/2772
vt 1.78750 -1.03313
vt 2.21250 -1.03313
vt 2.21250 -1.04688
vt 1.78750 -1.04688
f 925/2773 928/2774 927/2775 926/2776
vt 1.78750 -1.03313
vt 1.78750 -1.04688
vt 2.21250 -1.04688
vt 2.21250 -1.03313
f 929/2777 930/2778 931/2779 932/2780
vt 1.78750 1.42625
vt 1.78750 1.41375
vt 2.21250 1.41375
vt 2.21250 1.42625
f 925/2781 929/2782 932/2783 928/2784
vt 1.78750 1.42625
vt 2.21250 1.42625
vt 2.21250 1.41375
vt 1.78750 1.41375
f 926/2785 927/2786 931/2787 930/2788
vt -1.03313 1.42625
vt -1.03313 1.41375
vt -1.04688 1.41375
vt -1.04688 1.42625
f 928/2789 932/2790 931/2791 927/2792
vt -1.03313 1.42625
vt -1.04688 1.42625
vt -1.04688 1.41375
vt -1.03313 1.41375
f 925/2793 926/2794 930/2795 929/2796
vt 1.78750 -0.00688
vt 2.21250 -0.00688
vt 2.21250 0.00688
vt 1.78750 0.00688
f 933/2797 936/2798 935/2799 934/2800
vt 1.78750 -0.00688
vt 1.78750 0.00688
vt 2.21250 0.00688
vt 2.21250 -0.00688
f 937/2801 938/2802 939/2803 940/2804
vt 1.78750 -1.42625
vt 1.78750 -1.41375
vt 2.21250 -1.41375
vt 2.21250 -1.42625
f 933/2805 937/2806 940/2807 936/2808
vt 1.78750 -1.42625
vt 2.21250 -1.42625
vt 2.21250 -1.41375
vt 1.78750 -1.41375
f 934/2809 935/2810 939/2811 938/2812
vt -0.00688 -1.42625
vt -0.00688 -1.41375
vt 0.00688 -1.41375
vt 0.00688 -1.42625
f 936/2813 940/2814 939/2815 935/2816
vt -0.00688 -1.42625
vt 0.00688 -1.42625
vt 0.00688 -1.41375
vt -0.00688 -1.41375
f 933/2817 934/2818 938/2819 937/2820
vt 1.78750 0.00687
vt 2.21250 0.00687
vt 2.21250 -0.00688
vt 1.78750 -0.00688
f 941/2821 944/2822 943/2823 942/2824
vt 1.78750 0.00687
vt 1.78750 -0.00688
vt 2.21250 -0.00688
vt 2.21250 0.00687
f 945/2825 946/2826 947/2827 948/2828
vt 1.78750 1.42625
vt 1.78750 1.41375
vt 2.21250 1.41375
vt 2.21250 1.42625
f 941/2829 945/2830 948/2831 944/2832
vt 1.78750 1.42625
vt 2.21250 1.42625
vt 2.21250 1.41375
vt 1.78750 1.41375
f 942/2833 943/2834 947/2835 946/2836
vt 0.00687 1.42625
vt 0.00687 1.41375
vt -0.00688 1.41375
vt -0.00688 1.42625
f 944/2837 948/2838 947/2839 943/2840
vt 0.00687 1.42625
vt -0.00688 1.42625
vt -0.00688 1.41375
vt 0.00687 1.41375
f 941/2841 942/2842 946/2843 945/2844
vt 1.78750 1.03313
vt 2.21250 1.03313
vt 2.21250 1.04688
vt 1.78750 1.04688
f 949/2845 952/2846 951/2847 950/2848
vt 1.78750 1.03313
vt 1.78750 1.04688
vt 2.21250 1.04688
vt 2.21250 1.03313
f 953/2849 954/2850 955/2851 956/2852
vt 1.78750 -1.42625
vt 1.78750 -1.41375
vt 2.21250 -1.41375
vt 2.21250 -1.42625
f 949/2853 953/2854 956/2855 952/2856
vt 1.78750 -1.42625
vt 2.21250 -1.42625
vt 2.21250 -1.41375
vt 1.78750 -1.41375
f 950/2857 951/2858 955/2859 954/2860
vt 1.03313 -1.42625
vt 1.03313 -1.41375
vt 1.04688 -1.41375
vt 1.04688 -1.42625
f 952/2861 956/2862 955/2863 951/2864
vt 1.03313 -1.42625
vt 1.04688 -1.42625
vt 1.04688 -1.41375
vt 1.03313 -1.41375
f 949/2865 950/2866 954/2867 953/2868
vt 1.78750 1.04688
vt 2.21250 1.04688
vt 2.21250 1.03313
vt 1.78750 1.03313
f 957/2869 960/2870 959/2871 958/2872
vt 1.78750 1.04688
vt 1.78750 1.03313
vt 2.21250 1.03313
vt 2.21250 1.04688
f 961/2873 962/2874 963/2875 964/2876
vt 1.78750 1.42625
vt 1.78750 1.41375
vt 2.21250 1.41375
vt 2.21250 1.42625
f 957/2877 961/2878 964/2879 960/2880
vt 1.78750 1.42625
vt 2.21250 1.42625
vt 2.21250 1.41375
vt 1.78750 1.41375
f 958/2881 959/2882 963/2883 962/2884
vt 1.04688 1.42625
vt 1.04688 1.41375
vt 1.03313 1.41375
vt 1.03313 1.42625
f 960/2885 964/2886 963/2887 959/2888
vt 1.04688 1.42625
vt 1.03313 1.42625
vt 1.03313 1.41375
vt 1.04688 1.41375
f 957/2889 958/2890 962/2891 961/2892
vt 1.78750 -0.73563
vt 2.21250 -0.73563
vt 2.21250 -0.74938
vt 1.78750 -0.74938
f 965/2893 968/2894 967/2895 966/2896
vt 1.78750 -0.73563
vt 1.78750 -0.74938
vt 2.21250 -0.74938
vt 2.21250 -0.73563
f 969/2897 970/2898 971/2899 972/2900
vt 1.78750 -1.67625
vt 1.78750 -1.66375
vt 2.21250 -1.66375
vt 2.21250 -1.67625
f 965/2901 969/2902 972/2903 968/2904
vt 1.78750 -1.67625
vt 2.21250 -1.67625
vt 2.21250 -1.66375
vt 1.78750 -1.66375
f 966/2905 967/2906 971/2907 970/2908
vt -0.73563 -1.67625
vt -0.73563 -1.66375
vt -0.74938 -1.66375
vt -0.74938 -1.67625
f 968/2909 972/2910 971/2911 967/2912
vt -0.73563 -1.67625
vt -0.74938 -1.67625
vt -0.74938 -1.66375
vt -0.73563 -1.66375
f 965/2913 966/2914 970/2915 969/2916
vt 1.78750 0.74938
vt 2.21250 0.74938
vt 2.21250 0.73563
vt 1.78750 0.73563
f 973/2917 976/2918 975/2919 974/2920
vt 1.78750 0.74938
vt 1.78750 0.73563
vt 2.21250 0.73563
vt 2.21250 0.74938
f 977/2921 978/2922 979/2923 980/2924
vt 1.78750 -1.67625
vt 1.78750 -1.66375
vt 2.21250 -1.66375
vt 2.21250 -1.67625
f 973/2925 977/2926 980/2927 976/2928
vt 1.78750 -1.67625
vt 2.21250 -1.67625
vt 2.21250 -1.66375
vt 1.78750 -1.66375
f 974/2929 975/2930 979/2931 978/2932
vt 0.74938 -1.67625
vt 0.74938 -1.66375
vt 0.73563 -1.66375
vt 0.73563 -1.67625
f 976/2933 980/2934 979/2935 975/2936
vt 0.74938 -1.67625
vt 0.73563 -1.67625
vt 0.73563 -1.66375
vt 0.74938 -1.66375
f 973/2937 974/2938 978/2939 977/2940
vt 1.78750 -0.74938
vt 2.21250 -0.74938
vt 2.21250 -0.73563
vt 1.78750 -0.73563
f 981/2941 984/2942 983/2943 982/2944
vt 1.78750 -0.74938
vt 1.78750 -0.73563
vt 2.21250 -0.73563
vt 2.21250 -0.74938
f 985/2945 986/2946 987/2947 988/2948
vt 1.78750 1.67625
vt 1.78750 1.66375
vt 2.21250 1.66375
vt 2.21250 1.67625
f 981/2949 985/2950 988/2951 984/2952
vt 1.78750 1.67625
vt 2.21250 1.67625
vt 2.21250 1.66375
vt 1.78750 1.66375
f 982/2953 983/2954 987/2955 986/2956
vt -0.74938 1.67625
vt -0.74938 1.66375
vt -0.73563 1.66375
vt -0.73563 1.67625
f 984/2957 988/2958 987/2959 983/2960
vt -0.74938 1.67625
vt -0.73563 1.67625
vt -0.73563 1.66375
vt -0.74938 1.66375
f 981/2961 982/2962 986/2963 985/2964
vt 1.78750 0.73563
vt 2.21250 0.73563
vt 2.21250 0.74938
vt 1.78750 0.74938
f 989/2965 992/2966 991/2967 990/2968
vt 1.78750 0.73563
vt 1.78750 0.74938
vt 2.21250 0.74938
vt 2.21250 0.73563
f 993/2969 994/2970 995/2971 996/2972
vt 1.78750 1.67625
vt 1.78750 1.66375
vt 2.21250 1.66375
vt 2.21250 1.67625
f 989/2973 993/2974 996/2975 992/2976
vt 1.78750 1.67625
vt 2.21250 1.67625
vt 2.21250 1.66375
vt 1.78750 1.66375
f 990/2977 991/2978 995/2979 994/2980
vt 0.73563 1.67625
vt 0.73563 1.66375
vt 0.74938 1.66375
vt 0.74938 1.67625
f 992/2981 996/2982 995/2983 991/2984
vt 0.73563 1.67625
vt 0.74938 1.67625
vt 0.74938 1.66375
vt 0.73563 1.66375
f 989/2985 990/2986 994/2987 993/2988
vt 0.00000 -0.00688
vt 0.62500 -0.00688
vt 0.62500 0.00688
vt 0.00000 0.00688
f 997/2989 1000/2990 999/2991 998/2992
vt 0.00000 -0.00688
vt 0.00000 0.00688
vt 0.62500 0.00688
vt 0.62500 -0.00688
f 1001/2993 1002/2994 1003/2995 1004/2996
vt 0.00000 -1.45125
vt 0.00000 -1.43875
vt 0.62500 -1.43875
vt 0.62500 -1.45125
f 997/2997 1001/2998 1004/2999 1000/3000
vt 0.00000 -1.45125
vt 0.62500 -1.45125
vt 0.62500 -1.43875
vt 0.00000 -1.43875
f 998/3001 999/3002 1003/3003 1002/3004
vt -0.00688 -1.45125
vt -0.00688 -1.43875
vt 0.00688 -1.43875
vt 0.00688 -1.45125
f 1000/3005 1004/3006 1003/3007 999/3008
vt -0.00688 -1.45125
vt 0.00688 -1.45125
vt 0.00688 -1.43875
vt -0.00688 -1.43875
f 997/3009 998/3010 1002/3011 1001/3012
vt -0.32500 0.69750
vt -0.32500 0.72750
vt 0.32500 0.72750
vt 0.32500 0.69750
f 1005/3013 1008/3014 1007/3015 1006/3016
vt -0.32500 0.69750
vt 0.32500 0.69750
vt 0.32500 0.72750
vt -0.32500 0.72750
f 1009/3017 1010/3018 1011/3019 1012/3020
vt -1.73750 0.69750
vt -1.36250 0.69750
vt -1.36250 0.72750
vt -1.73750 0.72750
f 1005/3021 1009/3022 1012/3023 1008/3024
vt -1.73750 0.69750
vt -1.73750 0.72750
vt -1.36250 0.72750
vt -1.36250 0.69750
f 1006/3025 1007/3026 1011/3027 1010/3028
vt -0.32500 -1.73750
vt -0.32500 -1.36250
vt 0.32500 -1.36250
vt 0.32500 -1.73750
f 1008/3029 1012/3030 1011/3031 1007/3032
vt -0.32500 -1.73750
vt 0.32500 -1.73750
vt 0.32500 -1.36250
vt -0.32500 -1.36250
f 1005/3033 1006/3034 1010/3035 1009/3036
vt -1.35250 1.08000
vt -1.35250 1.09500
vt -0.72750 1.09500
vt -0.72750 1.08000
f 1013/3037 1016/3038 1015/3039 1014/3040
vt -1.35250 1.08000
vt -0.72750 1.08000
vt -0.72750 1.09500
vt -1.35250 1.09500
f 1017/3041 1018/3042 1019/3043 1020/3044
vt 1.08000 -1.69500
vt 1.08000 -1.68000
vt 1.09500 -1.68000
vt 1.09500 -1.69500
f 1013/3045 1017/3046 1020/3047 1016/3048
vt 1.08000 -1.69500
vt 1.09500 -1.69500
vt 1.09500 -1.68000
vt 1.08000 -1.68000
f 1014/3049 1015/3050 1019/3051 1018/3052
vt -1.35250 -1.69500
vt -1.35250 -1.68000
vt -0.72750 -1.68000
vt -0.72750 -1.69500
f 1016/3053 1020/3054 1019/3055 1015/3056
vt -1.35250 -1.69500
vt -0.72750 -1.69500
vt -0.72750 -1.68000
vt -1.35250 -1.68000
f 1013/3057 1014/3058 1018/3059 1017/3060
vt 0.83750 -1.34438
vt 1.08750 -1.34438
vt 1.08750 -1.33563
vt 0.83750 -1.33563
f 1021/3061 1024/3062 1023/3063 1022/3064
vt 0.83750 -1.34438
vt 0.83750 -1.33563
vt 1.08750 -1.33563
vt 1.08750 -1.34438
f 1025/3065 1026/3066 1027/3067 1028/3068
vt 0.83750 -1.69188
vt 0.83750 -1.68312
vt 1.08750 -1.68312
vt 1.08750 -1.69188
f 1021/3069 1025/3070 1028/3071 1024/3072
vt 0.83750 -1.69188
vt 1.08750 -1.69188
vt 1.08750 -1.68312
vt 0.83750 -1.68312
f 1022/3073 1023/3074 1027/3075 1026/3076
vt -1.34438 -1.69188
vt -1.34438 -1.68312
vt -1.33563 -1.68312
vt -1.33563 -1.69188
f 1024/3077 1028/3078 1027/3079 1023/3080
vt -1.34438 -1.69188
vt -1.33563 -1.69188
vt -1.33563 -1.68312
vt -1.34438 -1.68312
f 1021/3081 1022/3082 1026/3083 1025/3084
vt 0.83750 -1.26938
vt 1.08750 -1.26938
vt 1.08750 -1.26063
vt 0.83750 -1.26063
f 1029/3085 1032/3086 1031/3087 1030/3088
vt 0.83750 -1.26938
vt 0.83750 -1.26063
vt 1.08750 -1.26063
vt 1.08750 -1.26938
f 1033/3089 1034/3090 1035/3091 1036/3092
vt 0.83750 -1.69188
vt 0.83750 -1.68312
vt 1.08750 -1.68312
vt 1.08750 -1.69188
f 1029/3093 1033/3094 1036/3095 1032/3096
vt 0.83750 -1.69188
vt 1.08750 -1.69188
vt 1.08750 -1.68312
vt 0.83750 -1.68312
f 1030/3097 1031/3098 1035/3099 1034/3100
vt -1.26938 -1.69188
vt -1.26938 -1.68312
vt -1.26063 -1.68312
vt -1.26063 -1.69188
f 1032/3101 1036/3102 1035/3103 1031/3104
vt -1.26938 -1.69188
vt -1.26063 -1.69188
vt -1.26063 -1.68312
vt -1.26938 -1.68312
f 1029/3105 1030/3106 1034/3107 1033/3108
vt 0.83750 -1.19438
vt 1.08750 -1.19438
vt 1.08750 -1.18563
vt 0.83750 -1.18563
f 1037/3109 1040/3110 1039/3111 1038/3112
vt 0.83750 -1.19438
vt 0.83750 -1.18563
vt 1.08750 -1.18563
vt 1.08750 -1.19438
f 1041/3113 1042/3114 1043/3115 1044/3116
vt 0.83750 -1.69188
vt 0.83750 -1.68312
vt 1.08750 -1.68312
vt 1.08750 -1.69188
f 1037/3117 1041/3118 1044/3119 1040/3120
vt 0.83750 -1.69188
vt 1.08750 -1.69188
vt 1.08750 -1.68312
vt 0.83750 -1.68312
f 1038/3121 1039/3122 1043/3123 1042/3124
vt -1.19438 -1.69188
vt -1.19438 -1.68312
vt -1.18563 -1.68312
vt -1.18563 -1.69188
f 1040/3125 1044/3126 1043/3127 1039/3128
vt -1.19438 -1.69188
vt -1.18563 -1.69188
vt -1.18563 -1.68312
vt -1.19438 -1.68312
f 1037/3129 1038/3130 1042/3131 1041/3132
vt 0.83750 -1.11938
vt 1.08750 -1.11938
vt 1.08750 -1.11063
vt 0.83750 -1.11063
f 1045/3133 1048/3134 1047/3135 1046/3136
vt 0.83750 -1.11938
vt 0.83750 -1.11063
vt 1.08750 -1.11063
vt 1.08750 -1.11938
f 1049/3137 1050/3138 1051/3139 1052/3140
vt 0.83750 -1.69188
vt 0.83750 -1.68312
vt 1.08750 -1.68312
vt 1.08750 -1.69188
f 1045/3141 1049/3142 1052/3143 1048/3144
vt 0.83750 -1.69188
vt 1.08750 -1.69188
vt 1.08750 -1.68312
vt 0.83750 -1.68312
f 1046/3145 1047/3146 1051/3147 1050/3148
vt -1.11938 -1.69188
vt -1.11938 -1.68312
vt -1.11063 -1.68312
vt -1.11063 -1.69188
f 1048/3149 1052/3150 1051/3151 1047/3152
vt -1.11938 -1.69188
vt -1.11063 -1.69188
vt -1.11063 -1.68312
vt -1.11938 -1.68312
f 1045/3153 1046/3154 1050/3155 1049/3156
vt 0.83750 -1.04438
vt 1.08750 -1.04438
vt 1.08750 -1.03563
vt 0.83750 -1.03563
f 1053/3157 1056/3158 1055/3159 1054/3160
vt 0.83750 -1.04438
vt 0.83750 -1.03563
vt 1.08750 -1.03563
vt 1.08750 -1.04438
f 1057/3161 1058/3162 1059/3163 1060/3164
vt 0.83750 -1.69188
vt 0.83750 -1.68312
vt 1.08750 -1.68312
vt 1.08750 -1.69188
f 1053/3165 1057/3166 1060/3167 1056/3168
vt 0.83750 -1.69188
vt 1.08750 -1.69188
vt 1.08750 -1.68312
vt 0.83750 -1.68312
f 1054/3169 1055/3170 1059/3171 1058/3172
vt -1.04438 -1.69188
vt -1.04438 -1.68312
vt -1.03563 -1.68312
vt -1.03563 -1.69188
f 1056/3173 1060/3174 1059/3175 1055/3176
vt -1.04438 -1.69188
vt -1.03563 -1.69188
vt -1.03563 -1.68312
vt -1.04438 -1.68312
f 1053/3177 1054/3178 1058/3179 1057/3180
vt 0.83750 -0.96938
vt 1.08750 -0.96938
vt 1.08750 -0.96063
vt 0.83750 -0.96063
f 1061/3181 1064/3182 1063/3183 1062/3184
vt 0.83750 -0.96938
vt 0.83750 -0.96063
vt 1.08750 -0.96063
vt 1.08750 -0.96938
f 1065/3185 1066/3186 1067/3187 1068/3188
vt 0.83750 -1.69188
vt 0.83750 -1.68312
vt 1.08750 -1.68312
vt 1.08750 -1.69188
f 1061/3189 1065/3190 1068/3191 1064/3192
vt 0.83750 -1.69188
vt 1.08750 -1.69188
vt 1.08750 -1.68312
vt 0.83750 -1.68312
f 1062/3193 1063/3194 1067/3195 1066/3196
vt -0.96938 -1.69188
vt -0.96938 -1.68312
vt -0.96063 -1.68312
vt -0.96063 -1.69188
f 1064/3197 1068/3198 1067/3199 1063/3200
vt -0.96938 -1.69188
vt -0.96063 -1.69188
vt -0.96063 -1.68312
vt -0.96938 -1.68312
f 1061/3201 1062/3202 1066/3203 1065/3204
vt 0.83750 -0.89438
vt 1.08750 -0.89438
vt 1.08750 -0.88563
vt 0.83750 -0.88563
f 1069/3205 1072/3206 1071/3207 1070/3208
vt 0.83750 -0.89438
vt 0.83750 -0.88563
vt 1.08750 -0.88563
vt 1.08750 -0.89438
f 1073/3209 1074/3210 1075/3211 1076/3212
vt 0.83750 -1.69188
vt 0.83750 -1.68312
vt 1.08750 -1.68312
vt 1.08750 -1.69188
f 1069/3213 1073/3214 1076/3215 1072/3216
vt 0.83750 -1.69188
vt 1.08750 -1.69188
vt 1.08750 -1.68312
vt 0.83750 -1.68312
f 1070/3217 1071/3218 1075/3219 1074/3220
vt -0.89438 -1.69188
vt -0.89438 -1.68312
vt -0.88563 -1.68312
vt -0.88563 -1.69188
f 1072/3221 1076/3222 1075/3223 1071/3224
vt -0.89438 -1.69188
vt -0.88563 -1.69188
vt -0.88563 -1.68312
vt -0.89438 -1.68312
f 1069/3225 1070/3226 1074/3227 1073/3228
vt 0.83750 -0.81938
vt 1.08750 -0.81938
vt 1.08750 -0.81063
vt 0.83750 -0.81063
f 1077/3229 1080/3230 1079/3231 1078/3232
vt 0.83750 -0.81938
vt 0.83750 -0.81063
vt 1.08750 -0.81063
vt 1.08750 -0.81938
f 1081/3233 1082/3234 1083/3235 1084/3236
vt 0.83750 -1.69188
vt 0.83750 -1.68312
vt 1.08750 -1.68312
vt 1.08750 -1.69188
f 1077/3237 1081/3238 1084/3239 1080/3240
vt 0.83750 -1.69188
vt 1.08750 -1.69188
vt 1.08750 -1.68312
vt 0.83750 -1.68312
f 1078/3241 1079/3242 1083/3243 1082/3244
vt -0.81938 -1.69188
vt -0.81938 -1.68312
vt -0.81063 -1.68312
vt -0.81063 -1.69188
f 1080/3245 1084/3246 1083/3247 1079/3248
vt -0.81938 -1.69188
vt -0.81063 -1.69188
vt -0.81063 -1.68312
vt -0.81938 -1.68312
f 1077/3249 1078/3250 1082/3251 1081/3252
vt 0.83750 -0.74438
vt 1.08750 -0.74438
vt 1.08750 -0.73563
vt 0.83750 -0.73563
f 1085/3253 1088/3254 1087/3255 1086/3256
vt 0.83750 -0.74438
vt 0.83750 -0.73563
vt 1.08750 -0.73563
vt 1.08750 -0.74438
f 1089/3257 1090/3258 1091/3259 1092/3260
vt 0.83750 -1.69188
vt 0.83750 -1.68312
vt 1.08750 -1.68312
vt 1.08750 -1.69188
f 1085/3261 1089/3262 1092/3263 1088/3264
vt 0.83750 -1.69188
vt 1.08750 -1.69188
vt 1.08750 -1.68312
vt 0.83750 -1.68312
f 1086/3265 1087/3266 1091/3267 1090/3268
vt -0.74438 -1.69188
vt -0.74438 -1.68312
vt -0.73563 -1.68312
vt -0.73563 -1.69188
f 1088/3269 1092/3270 1091/3271 1087/3272
vt -0.74438 -1.69188
vt -0.73563 -1.69188
vt -0.73563 -1.68312
vt -0.74438 -1.68312
f 1085/3273 1086/3274 1090/3275 1089/3276
vt -1.35187 1.08062
vt -1.35187 1.09437
vt -1.33813 1.09437
vt -1.33813 1.08062
f 1093/3277 1096/3278 1095/3279 1094/3280
vt -1.35187 1.08062
vt -1.33813 1.08062
vt -1.33813 1.09437
vt -1.35187 1.09437
f 1097/3281 1098/3282 1099/3283 1100/3284
vt -1.69375 1.08062
vt -1.38125 1.08062
vt -1.38125 1.09437
vt -1.69375 1.09437
f 1093/3285 1097/3286 1100/3287 1096/3288
vt -1.69375 1.08062
vt -1.69375 1.09437
vt -1.38125 1.09437
vt -1.38125 1.08062
f 1094/3289 1095/3290 1099/3291 1098/3292
vt -1.69375 -1.35187
vt -1.38125 -1.35187
vt -1.38125 -1.33813
vt -1.69375 -1.33813
f 1096/3293 1100/3294 1099/3295 1095/3296
vt -1.69375 -1.35187
vt -1.69375 -1.33813
vt -1.38125 -1.33813
vt -1.38125 -1.35187
f 1093/3297 1094/3298 1098/3299 1097/3300
vt -0.74188 1.08062
vt -0.74188 1.09437
vt -0.72813 1.09437
vt -0.72813 1.08062
f 1101/3301 1104/3302 1103/3303 1102/3304
vt -0.74188 1.08062
vt -0.72813 1.08062
vt -0.72813 1.09437
vt -0.74188 1.09437
f 1105/3305 1106/3306 1107/3307 1108/3308
vt -1.69375 1.08062
vt -1.38125 1.08062
vt -1.38125 1.09437
vt -1.69375 1.09437
f 1101/3309 1105/3310 1108/3311 1104/3312
vt -1.69375 1.08062
vt -1.69375 1.09437
vt -1.38125 1.09437
vt -1.38125 1.08062
f 1102/3313 1103/3314 1107/3315 1106/3316
vt -1.69375 -0.74188
vt -1.38125 -0.74188
vt -1.38125 -0.72813
vt -1.69375 -0.72813
f 1104/3317 1108/3318 1107/3319 1103/3320
vt -1.69375 -0.74188
vt -1.69375 -0.72813
vt -1.38125 -0.72813
vt -1.38125 -0.74188
f 1101/3321 1102/3322 1106/3323 1105/3324
vt 0.72750 1.08000
vt 0.72750 1.09500
vt 1.35250 1.09500
vt 1.35250 1.08000
f 1109/3325 1112/3326 1111/3327 1110/3328
vt 0.72750 1.08000
vt 1.35250 1.08000
vt 1.35250 1.09500
vt 0.72750 1.09500
f 1113/3329 1114/3330 1115/3331 1116/3332
vt 1.08000 -1.69500
vt 1.08000 -1.68000
vt 1.09500 -1.68000
vt 1.09500 -1.69500
f 1109/3333 1113/3334 1116/3335 1112/3336
vt 1.08000 -1.69500
vt 1.09500 -1.69500
vt 1.09500 -1.68000
vt 1.08000 -1.68000
f 1110/3337 1111/3338 1115/3339 1114/3340
vt 0.72750 -1.69500
vt 0.72750 -1.68000
vt 1.35250 -1.68000
vt 1.35250 -1.69500
f 1112/3341 1116/3342 1115/3343 1111/3344
vt 0.72750 -1.69500
vt 1.35250 -1.69500
vt 1.35250 -1.68000
vt 0.72750 -1.68000
f 1109/3345 1110/3346 1114/3347 1113/3348
vt 0.83750 0.73562
vt 1.08750 0.73562
vt 1.08750 0.74438
vt 0.83750 0.74438
f 1117/3349 1120/3350 1119/3351 1118/3352
vt 0.83750 0.73562
vt 0.83750 0.74438
vt 1.08750 0.74438
vt 1.08750 0.73562
f 1121/3353 1122/3354 1123/3355 1124/3356
vt 0.83750 -1.69188
vt 0.83750 -1.68312
vt 1.08750 -1.68312
vt 1.08750 -1.69188
f 1117/3357 1121/3358 1124/3359 1120/3360
vt 0.83750 -1.69188
vt 1.08750 -1.69188
vt 1.08750 -1.68312
vt 0.83750 -1.68312
f 1118/3361 1119/3362 1123/3363 1122/3364
vt 0.73562 -1.69188
vt 0.73562 -1.68312
vt 0.74438 -1.68312
vt 0.74438 -1.69188
f 1120/3365 1124/3366 1123/3367 1119/3368
vt 0.73562 -1.69188
vt 0.74438 -1.69188
vt 0.74438 -1.68312
vt 0.73562 -1.68312
f 1117/3369 1118/3370 1122/3371 1121/3372
vt 0.83750 0.81062
vt 1.08750 0.81062
vt 1.08750 0.81937
vt 0.83750 0.81937
f 1125/3373 1128/3374 1127/3375 1126/3376
vt 0.83750 0.81062
vt 0.83750 0.81937
vt 1.08750 0.81937
vt 1.08750 0.81062
f 1129/3377 1130/3378 1131/3379 1132/3380
vt 0.83750 -1.69188
vt 0.83750 -1.68312
vt 1.08750 -1.68312
vt 1.08750 -1.69188
f 1125/3381 1129/3382 1132/3383 1128/3384
vt 0.83750 -1.69188
vt 1.08750 -1.69188
vt 1.08750 -1.68312
vt 0.83750 -1.68312
f 1126/3385 1127/3386 1131/3387 1130/3388
vt 0.81062 -1.69188
vt 0.81062 -1.68312
vt 0.81937 -1.68312
vt 0.81937 -1.69188
f 1128/3389 1132/3390 1131/3391 1127/3392
vt 0.81062 -1.69188
vt 0.81937 -1.69188
vt 0.81937 -1.68312
vt 0.81062 -1.68312
f 1125/3393 1126/3394 1130/3395 1129/3396
vt 0.83750 0.88562
vt 1.08750 0.88562
vt 1.08750 0.89438
vt 0.83750 0.89438
f 1133/3397 1136/3398 1135/3399 1134/3400
vt 0.83750 0.88562
vt 0.83750 0.89438
vt 1.08750 0.89438
vt 1.08750 0.88562
f 1137/3401 1138/3402 1139/3403 1140/3404
vt 0.83750 -1.69188
vt 0.83750 -1.68312
vt 1.08750 -1.68312
vt 1.08750 -1.69188
f 1133/3405 1137/3406 1140/3407 1136/3408
vt 0.83750 -1.69188
vt 1.08750 -1.69188
vt 1.08750 -1.68312
vt 0.83750 -1.68312
f 1134/3409 1135/3410 1139/3411 1138/3412
vt 0.88562 -1.69188
vt 0.88562 -1.68312
vt 0.89438 -1.68312
vt 0.89438 -1.69188
f 1136/3413 1140/3414 1139/3415 1135/3416
vt 0.88562 -1.69188
vt 0.89438 -1.69188
vt 0.89438 -1.68312
vt 0.88562 -1.68312
f 1133/3417 1134/3418 1138/3419 1137/3420
vt 0.83750 0.96062
vt 1.08750 0.96062
vt 1.08750 0.96937
vt 0.83750 0.96937
f 1141/3421 1144/3422 1143/3423 1142/3424
vt 0.83750 0.96062
vt 0.83750 0.96937
vt 1.08750 0.96937
vt 1.08750 0.96062
f 1145/3425 1146/3426 1147/3427 1148/3428
vt 0.83750 -1.69188
vt 0.83750 -1.68312
vt 1.08750 -1.68312
vt 1.08750 -1.69188
f 1141/3429 1145/3430 1148/3431 1144/3432
vt 0.83750 -1.69188
vt 1.08750 -1.69188
vt 1.08750 -1.68312
vt 0.83750 -1.68312
f 1142/3433 1143/3434 1147/3435 1146/3436
vt 0.96062 -1.69188
vt 0.96062 -1.68312
vt 0.96937 -1.68312
vt 0.96937 -1.69188
f 1144/3437 1148/3438 1147/3439 1143/3440
vt 0.96062 -1.69188
vt 0.96937 -1.69188
vt 0.96937 -1.68312
vt 0.96062 -1.68312
f 1141/3441 1142/3442 1146/3443 1145/3444
vt 0.83750 1.03563
vt 1.08750 1.03563
vt 1.08750 1.04438
vt 0.83750 1.04438
f 1149/3445 1152/3446 1151/3447 1150/3448
vt 0.83750 1.03563
vt 0.83750 1.04438
vt 1.08750 1.04438
vt 1.08750 1.03563
f 1153/3449 1154/3450 1155/3451 1156/3452
vt 0.83750 -1.69188
vt 0.83750 -1.68312
vt 1.08750 -1.68312
vt 1.08750 -1.69188
f 1149/3453 1153/3454 1156/3455 1152/3456
vt 0.83750 -1.69188
vt 1.08750 -1.69188
vt 1.08750 -1.68312
vt 0.83750 -1.68312
f 1150/3457 1151/3458 1155/3459 1154/3460
vt 1.03563 -1.69188
vt 1.03563 -1.68312
vt 1.04438 -1.68312
vt 1.04438 -1.69188
f 1152/3461 1156/3462 1155/3463 1151/3464
vt 1.03563 -1.69188
vt 1.04438 -1.69188
vt 1.04438 -1.68312
vt 1.03563 -1.68312
f 1149/3465 1150/3466 1154/3467 1153/3468
vt 0.83750 1.11062
vt 1.08750 1.11062
vt 1.08750 1.11938
vt 0.83750 1.11938
f 1157/3469 1160/3470 1159/3471 1158/3472
vt 0.83750 1.11062
vt 0.83750 1.11938
vt 1.08750 1.11938
vt 1.08750 1.11062
f 1161/3473 1162/3474 1163/3475 1164/3476
vt 0.83750 -1.69188
vt 0.83750 -1.68312
vt 1.08750 -1.68312
vt 1.08750 -1.69188
f 1157/3477 1161/3478 1164/3479 1160/3480
vt 0.83750 -1.69188
vt 1.08750 -1.69188
vt 1.08750 -1.68312
vt 0.83750 -1.68312
f 1158/3481 1159/3482 1163/3483 1162/3484
vt 1.11062 -1.69188
vt 1.11062 -1.68312
vt 1.11938 -1.68312
vt 1.11938 -1.69188
f 1160/3485 1164/3486 1163/3487 1159/3488
vt 1.11062 -1.69188
vt 1.11938 -1.69188
vt 1.11938 -1.68312
vt 1.11062 -1.68312
f 1157/3489 1158/3490 1162/3491 1161/3492
vt 0.83750 1.18562
vt 1.08750 1.18562
vt 1.08750 1.19437
vt 0.83750 1.19437
f 1165/3493 1168/3494 1167/3495 1166/3496
vt 0.83750 1.18562
vt 0.83750 1.19437
vt 1.08750 1.19437
vt 1.08750 1.18562
f 1169/3497 1170/3498 1171/3499 1172/3500
vt 0.83750 -1.69188
vt 0.83750 -1.68312
vt 1.08750 -1.68312
vt 1.08750 -1.69188
f 1165/3501 1169/3502 1172/3503 1168/3504
vt 0.83750 -1.69188
vt 1.08750 -1.69188
vt 1.08750 -1.68312
vt 0.83750 -1.68312
f 1166/3505 1167/3506 1171/3507 1170/3508
vt 1.18562 -1.69188
vt 1.18562 -1.68312
vt 1.19437 -1.68312
vt 1.19437 -1.69188
f 1168/3509 1172/3510 1171/3511 1167/3512
vt 1.18562 -1.69188
vt 1.19437 -1.69188
vt 1.19437 -1.68312
vt 1.18562 -1.68312
f 1165/3513 1166/3514 1170/3515 1169/3516
vt 0.83750 1.26063
vt 1.08750 1.26063
vt 1.08750 1.26938
vt 0.83750 1.26938
f 1173/3517 1176/3518 1175/3519 1174/3520
vt 0.83750 1.26063
vt 0.83750 1.26938
vt 1.08750 1.26938
vt 1.08750 1.26063
f 1177/3521 1178/3522 1179/3523 1180/3524
vt 0.83750 -1.69188
vt 0.83750 -1.68312
vt 1.08750 -1.68312
vt 1.08750 -1.69188
f 1173/3525 1177/3526 1180/3527 1176/3528
vt 0.83750 -1.69188
vt 1.08750 -1.69188
vt 1.08750 -1.68312
vt 0.83750 -1.68312
f 1174/3529 1175/3530 1179/3531 1178/3532
vt 1.26063 -1.69188
vt 1.26063 -1.68312
vt 1.26938 -1.68312
vt 1.26938 -1.69188
f 1176/3533 1180/3534 1179/3535 1175/3536
vt 1.26063 -1.69188
vt 1.26938 -1.69188
vt 1.26938 -1.68312
vt 1.26063 -1.68312
f 1173/3537 1174/3538 1178/3539 1177/3540
vt 0.83750 1.33562
vt 1.08750 1.33562
vt 1.08750 1.34437
vt 0.83750 1.34437
f 1181/3541 1184/3542 1183/3543 1182/3544
vt 0.83750 1.33562
vt 0.83750 1.34437
vt 1.08750 1.34437
vt 1.08750 1.33562
f 1185/3545 1186/3546 1187/3547 1188/3548
vt 0.83750 -1.69188
vt 0.83750 -1.68312
vt 1.08750 -1.68312
vt 1.08750 -1.69188
f 1181/3549 1185/3550 1188/3551 1184/3552
vt 0.83750 -1.69188
vt 1.08750 -1.69188
vt 1.08750 -1.68312
vt 0.83750 -1.68312
f 1182/3553 1183/3554 1187/3555 1186/3556
vt 1.33562 -1.69188
vt 1.33562 -1.68312
vt 1.34437 -1.68312
vt 1.34437 -1.69188
f 1184/3557 1188/3558 1187/3559 1183/3560
vt 1.33562 -1.69188
vt 1.34437 -1.69188
vt 1.34437 -1.68312
vt 1.33562 -1.68312
f 1181/3561 1182/3562 1186/3563 1185/3564
vt 0.72813 1.08062
vt 0.72813 1.09437
vt 0.74188 1.09437
vt 0.74188 1.08062
f 1189/3565 1192/3566 1191/3567 1190/3568
vt 0.72813 1.08062
vt 0.74188 1.08062
vt 0.74188 1.09437
vt 0.72813 1.09437
f 1193/3569 1194/3570 1195/3571 1196/3572
vt -1.69375 1.08062
vt -1.38125 1.08062
vt -1.38125 1.09437
vt -1.69375 1.09437
f 1189/3573 1193/3574 1196/3575 1192/3576
vt -1.69375 1.08062
vt -1.69375 1.09437
vt -1.38125 1.09437
vt -1.38125 1.08062
f 1190/3577 1191/3578 1195/3579 1194/3580
vt -1.69375 0.72813
vt -1.38125 0.72813
vt -1.38125 0.74188
vt -1.69375 0.74188
f 1192/3581 1196/3582 1195/3583 1191/3584
vt -1.69375 0.72813
vt -1.69375 0.74188
vt -1.38125 0.74188
vt -1.38125 0.72813
f 1189/3585 1190/3586 1194/3587 1193/3588
vt 1.33813 1.08062
vt 1.33813 1.09437
vt 1.35187 1.09437
vt 1.35187 1.08062
f 1197/3589 1200/3590 1199/3591 1198/3592
vt 1.33813 1.08062
vt 1.35187 1.08062
vt 1.35187 1.09437
vt 1.33813 1.09437
f 1201/3593 1202/3594 1203/3595 1204/3596
vt -1.69375 1.08062
vt -1.38125 1.08062
vt -1.38125 1.09437
vt -1.69375 1.09437
f 1197/3597 1201/3598 1204/3599 1200/3600
vt -1.69375 1.08062
vt -1.69375 1.09437
vt -1.38125 1.09437
vt -1.38125 1.08062
f 1198/3601 1199/3602 1203/3603 1202/3604
vt -1.69375 1.33813
vt -1.38125 1.33813
vt -1.38125 1.35187
vt -1.69375 1.35187
f 1200/3605 1204/3606 1203/3607 1199/3608
vt -1.69375 1.33813
vt -1.69375 1.35187
vt -1.38125 1.35187
vt -1.38125 1.33813
f 1197/3609 1198/3610 1202/3611 1201/3612
vt 0.00000 -1.60437
vt 2.32500 -1.60437
vt 2.32500 -1.58563
vt 0.00000 -1.58563
f 1205/3613 1208/3614 1207/3615 1206/3616
vt 0.00000 -1.60437
vt 0.00000 -1.58563
vt 2.32500 -1.58563
vt 2.32500 -1.60437
f 1209/3617 1210/3618 1211/3619 1212/3620
vt 0.00000 -1.41437
vt 0.00000 -1.39563
vt 2.32500 -1.39563
vt 2.32500 -1.41437
f 1205/3621 1209/3622 1212/3623 1208/3624
vt 0.00000 -1.41437
vt 2.32500 -1.41437
vt 2.32500 -1.39563
vt 0.00000 -1.39563
f 1206/3625 1207/3626 1211/3627 1210/3628
vt -1.60437 -1.41437
vt -1.60437 -1.39563
vt -1.58563 -1.39563
vt -1.58563 -1.41437
f 1208/3629 1212/3630 1211/3631 1207/3632
vt -1.60437 -1.41437
vt -1.58563 -1.41437
vt -1.58563 -1.39563
vt -1.60437 -1.39563
f 1205/3633 1206/3634 1210/3635 1209/3636
vt 0.00000 1.58563
vt 2.32500 1.58563
vt 2.32500 1.60437
vt 0.00000 1.60437
f 1213/3637 1216/3638 1215/3639 1214/3640
vt 0.00000 1.58563
vt 0.00000 1.60437
vt 2.32500 1.60437
vt 2.32500 1.58563
f 1217/3641 1218/3642 1219/3643 1220/3644
vt 0.00000 -1.41437
vt 0.00000 -1.39563
vt 2.32500 -1.39563
vt 2.32500 -1.41437
f 1213/3645 1217/3646 1220/3647 1216/3648
vt 0.00000 -1.41437
vt 2.32500 -1.41437
vt 2.32500 -1.39563
vt 0.00000 -1.39563
f 1214/3649 1215/3650 1219/3651 1218/3652
vt 1.58563 -1.41437
vt 1.58563 -1.39563
vt 1.60437 -1.39563
vt 1.60437 -1.41437
f 1216/3653 1220/3654 1219/3655 1215/3656
vt 1.58563 -1.41437
vt 1.60437 -1.41437
vt 1.60437 -1.39563
vt 1.58563 -1.39563
f 1213/3657 1214/3658 1218/3659 1217/3660
vt -1.50313 2.34708
vt -1.50313 2.35292
vt -1.49687 2.35292
vt -1.49687 2.34708
f 1221/3661 1224/3662 1223/3663 1222/3664
vt -1.50313 2.89708
vt -1.49687 2.89708
vt -1.49687 2.90292
vt -1.50313 2.90292
f 1225/3665 1226/3666 1227/3667 1228/3668
vt -1.46140 2.34708
vt 0.00110 2.89708
vt -0.00110 2.90292
vt -1.46360 2.35292
f 1221/3669 1225/3670 1228/3671 1224/3672
vt -1.46140 2.34708
vt -1.46360 2.35292
vt -0.00110 2.90292
vt 0.00110 2.89708
f 1222/3673 1223/3674 1227/3675 1226/3676
vt -1.46360 2.35292
vt -0.00110 2.90292
vt -0.00110 2.90292
vt -1.46360 2.35292
f 1224/3677 1228/3678 1227/3679 1223/3680
vt -1.46140 2.34708
vt -1.46140 2.34708
vt 0.00110 2.89708
vt 0.00110 2.89708
f 1221/3681 1222/3682 1226/3683 1225/3684
vt -1.25313 2.34708
vt -1.25313 2.35292
vt -1.24687 2.35292
vt -1.24687 2.34708
f 1229/3685 1232/3686 1231/3687 1230/3688
vt -1.25313 2.89708
vt -1.24687 2.89708
vt -1.24687 2.90292
vt -1.25313 2.90292
f 1233/3689 1234/3690 1235/3691 1236/3692
vt -1.46140 2.34708
vt 0.00110 2.89708
vt -0.00110 2.90292
vt -1.46360 2.35292
f 1229/3693 1233/3694 1236/3695 1232/3696
vt -1.46140 2.34708
vt -1.46360 2.35292
vt -0.00110 2.90292
vt 0.00110 2.89708
f 1230/3697 1231/3698 1235/3699 1234/3700
vt -1.46360 2.35292
vt -0.00110 2.90292
vt -0.00110 2.90292
vt -1.46360 2.35292
f 1232/3701 1236/3702 1235/3703 1231/3704
vt -1.46140 2.34708
vt -1.46140 2.34708
vt 0.00110 2.89708
vt 0.00110 2.89708
f 1229/3705 1230/3706 1234/3707 1233/3708
vt -1.00313 2.34708
vt -1.00313 2.35292
vt -0.99687 2.35292
vt -0.99687 2.34708
f 1237/3709 1240/3710 1239/3711 1238/3712
vt -1.00313 2.89708
vt -0.99687 2.89708
vt -0.99687 2.90292
vt -1.00313 2.90292
f 1241/3713 1242/3714 1243/3715 1244/3716
vt -1.46140 2.34708
vt 0.00110 2.89708
vt -0.00110 2.90292
vt -1.46360 2.35292
f 1237/3717 1241/3718 1244/3719 1240/3720
vt -1.46140 2.34708
vt -1.46360 2.35292
vt -0.00110 2.90292
vt 0.00110 2.89708
f 1238/3721 1239/3722 1243/3723 1242/3724
vt -1.46360 2.35292
vt -0.00110 2.90292
vt -0.00110 2.90292
vt -1.46360 2.35292
f 1240/3725 1244/3726 1243/3727 1239/3728
vt -1.46140 2.34708
vt -1.46140 2.34708
vt 0.00110 2.89708
vt 0.00110 2.89708
f 1237/3729 1238/3730 1242/3731 1241/3732
vt -0.75313 2.34708
vt -0.75313 2.35292
vt -0.74687 2.35292
vt -0.74687 2.34708
f 1245/3733 1248/3734 1247/3735 1246/3736
vt -0.75313 2.89708
vt -0.74687 2.89708
vt -0.74687 2.90292
vt -0.75313 2.90292
f 1249/3737 1250/3738 1251/3739 1252/3740
vt -1.46140 2.34708
vt 0.00110 2.89708
vt -0.00110 2.90292
vt -1.46360 2.35292
f 1245/3741 1249/3742 1252/3743 1248/3744
vt -1.46140 2.34708
vt -1.46360 2.35292
vt -0.00110 2.90292
vt 0.00110 2.89708
f 1246/3745 1247/3746 1251/3747 1250/3748
vt -1.46360 2.35292
vt -0.00110 2.90292
vt -0.00110 2.90292
vt -1.46360 2.35292
f 1248/3749 1252/3750 1251/3751 1247/3752
vt -1.46140 2.34708
vt -1.46140 2.34708
vt 0.00110 2.89708
vt 0.00110 2.89708
f 1245/3753 1246/3754 1250/3755 1249/3756
vt -0.50313 2.34708
vt -0.50313 2.35292
vt -0.49688 2.35292
vt -0.49688 2.34708
f 1253/3757 1256/3758 1255/3759 1254/3760
vt -0.50313 2.89708
vt -0.49688 2.89708
vt -0.49688 2.90292
vt -0.50313 2.90292
f 1257/3761 1258/3762 1259/3763 1260/3764
vt -1.46140 2.34708
vt 0.00110 2.89708
vt -0.00110 2.90292
vt -1.46360 2.35292
f 1253/3765 1257/3766 1260/3767 1256/3768
vt -1.46140 2.34708
vt -1.46360 2.35292
vt -0.00110 2.90292
vt 0.00110 2.89708
f 1254/3769 1255/3770 1259/3771 1258/3772
vt -1.46360 2.35292
vt -0.00110 2.90292
vt -0.00110 2.90292
vt -1.46360 2.35292
f 1256/3773 1260/3774 1259/3775 1255/3776
vt -1.46140 2.34708
vt -1.46140 2.34708
vt 0.00110 2.89708
vt 0.00110 2.89708
f 1253/3777 1254/3778 1258/3779 1257/3780
vt -0.25312 2.34708
vt -0.25312 2.35292
vt -0.24688 2.35292
vt -0.24688 2.34708
f 1261/3781 1264/3782 1263/3783 1262/3784
vt -0.25312 2.89708
vt -0.24688 2.89708
vt -0.24688 2.90292
vt -0.25312 2.90292
f 1265/3785 1266/3786 1267/3787 1268/3788
vt -1.46140 2.34708
vt 0.00110 2.89708
vt -0.00110 2.90292
vt -1.46360 2.35292
f 1261/3789 1265/3790 1268/3791 1264/3792
vt -1.46140 2.34708
vt -1.46360 2.35292
vt -0.00110 2.90292
vt 0.00110 2.89708
f 1262/3793 1263/3794 1267/3795 1266/3796
vt -1.46360 2.35292
vt -0.00110 2.90292
vt -0.00110 2.90292
vt -1.46360 2.35292
f 1264/3797 1268/3798 1267/3799 1263/3800
vt -1.46140 2.34708
vt -1.46140 2.34708
vt 0.00110 2.89708
vt 0.00110 2.89708
f 1261/3801 1262/3802 1266/3803 1265/3804
vt -0.00313 2.34708
vt -0.00313 2.35292
vt 0.00313 2.35292
vt 0.00313 2.34708
f 1269/3805 1272/3806 1271/3807 1270/3808
vt -0.00313 2.89708
vt 0.00313 2.89708
vt 0.00313 2.90292
vt -0.00313 2.90292
f 1273/3809 1274/3810 1275/3811 1276/3812
vt -1.46140 2.34708
vt 0.00110 2.89708
vt -0.00110 2.90292
vt -1.46360 2.35292
f 1269/3813 1273/3814 1276/3815 1272/3816
vt -1.46140 2.34708
vt -1.46360 2.35292
vt -0.00110 2.90292
vt 0.00110 2.89708
f 1270/3817 1271/3818 1275/3819 1274/3820
vt -1.46360 2.35292
vt -0.00110 2.90292
vt -0.00110 2.90292
vt -1.46360 2.35292
f 1272/3821 1276/3822 1275/3823 1271/3824
vt -1.46140 2.34708
vt -1.46140 2.34708
vt 0.00110 2.89708
vt 0.00110 2.89708
f 1269/3825 1270/3826 1274/3827 1273/3828
vt 0.24688 2.34708
vt 0.24688 2.35292
vt 0.25312 2.35292
vt 0.25312 2.34708
f 1277/3829 1280/3830 1279/3831 1278/3832
vt 0.24688 2.89708
vt 0.25312 2.89708
vt 0.25312 2.90292
vt 0.24688 2.90292
f 1281/3833 1282/3834 1283/3835 1284/3836
vt -1.46140 2.34708
vt 0.00110 2.89708
vt -0.00110 2.90292
vt -1.46360 2.35292
f 1277/3837 1281/3838 1284/3839 1280/3840
vt -1.46140 2.34708
vt -1.46360 2.35292
vt -0.00110 2.90292
vt 0.00110 2.89708
f 1278/3841 1279/3842 1283/3843 1282/3844
vt -1.46360 2.35292
vt -0.00110 2.90292
vt -0.00110 2.90292
vt -1.46360 2.35292
f 1280/3845 1284/3846 1283/3847 1279/3848
vt -1.46140 2.34708
vt -1.46140 2.34708
vt 0.00110 2.89708
vt 0.00110 2.89708
f 1277/3849 1278/3850 1282/3851 1281/3852
vt 0.49688 2.34708
vt 0.49688 2.35292
vt 0.50313 2.35292
vt 0.50313 2.34708
f 1285/3853 1288/3854 1287/3855 1286/3856
vt 0.49688 2.89708
vt 0.50313 2.89708
vt 0.50313 2.90292
vt 0.49688 2.90292
f 1289/3857 1290/3858 1291/3859 1292/3860
vt -1.46140 2.34708
vt 0.00110 2.89708
vt -0.00110 2.90292
vt -1.46360 2.35292
f 1285/3861 1289/3862 1292/3863 1288/3864
vt -1.46140 2.34708
vt -1.46360 2.35292
vt -0.00110 2.90292
vt 0.00110 2.89708
f 1286/3865 1287/3866 1291/3867 1290/3868
vt -1.46360 2.35292
vt -0.00110 2.90292
vt -0.00110 2.90292
vt -1.46360 2.35292
f 1288/3869 1292/3870 1291/3871 1287/3872
vt -1.46140 2.34708
vt -1.46140 2.34708
vt 0.00110 2.89708
vt 0.00110 2.89708
f 1285/3873 1286/3874 1290/3875 1289/3876
vt 0.74687 2.34708
vt 0.74687 2.35292
vt 0.75313 2.35292
vt 0.75313 2.34708
f 1293/3877 1296/3878 1295/3879 1294/3880
vt 0.74687 2.89708
vt 0.75313 2.89708
vt 0.75313 2.90292
vt 0.74687 2.90292
f 1297/3881 1298/3882 1299/3883 1300/3884
vt -1.46140 2.34708
vt 0.00110 2.89708
vt -0.00110 2.90292
vt -1.46360 2.35292
f 1293/3885 1297/3886 1300/3887 1296/3888
vt -1.46140 2.34708
vt -1.46360 2.35292
vt -0.00110 2.90292
vt 0.00110 2.89708
f 1294/3889 1295/3890 1299/3891 1298/3892
vt -1.46360 2.35292
vt -0.00110 2.90292
vt -0.00110 2.90292
vt -1.46360 2.35292
f 1296/3893 1300/3894 1299/3895 1295/3896
vt -1.46140 2.34708
vt -1.46140 2.34708
vt 0.00110 2.89708
vt 0.00110 2.89708
f 1293/3897 1294/3898 1298/3899 1297/3900
vt 0.99687 2.34708
vt 0.99687 2.35292
vt 1.00313 2.35292
vt 1.00313 2.34708
f 1301/3901 1304/3902 1303/3903 1302/3904
vt 0.99687 2.89708
vt 1.00313 2.89708
vt 1.00313 2.90292
vt 0.99687 2.90292
f 1305/3905 1306/3906 1307/3907 1308/3908
vt -1.46140 2.34708
vt 0.00110 2.89708
vt -0.00110 2.90292
vt -1.46360 2.35292
f 1301/3909 1305/3910 1308/3911 1304/3912
vt -1.46140 2.34708
vt -1.46360 2.35292
vt -0.00110 2.90292
vt 0.00110 2.89708
f 1302/3913 1303/3914 1307/3915 1306/3916
vt -1.46360 2.35292
vt -0.00110 2.90292
vt -0.00110 2.90292
vt -1.46360 2.35292
f 1304/3917 1308/3918 1307/3919 1303/3920
vt -1.46140 2.34708
vt -1.46140 2.34708
vt 0.00110 2.89708
vt 0.00110 2.89708
f 1301/3921 1302/3922 1306/3923 1305/3924
vt 1.24687 2.34708
vt 1.24687 2.35292
vt 1.25313 2.35292
vt 1.25313 2.34708
f 1309/3925 1312/3926 1311/3927 1310/3928
vt 1.24687 2.89708
vt 1.25313 2.89708
vt 1.25313 2.90292
vt 1.24687 2.90292
f 1313/3929 1314/3930 1315/3931 1316/3932
vt -1.46140 2.34708
vt 0.00110 2.89708
vt -0.00110 2.90292
vt -1.46360 2.35292
f 1309/3933 1313/3934 1316/3935 1312/3936
vt -1.46140 2.34708
vt -1.46360 2.35292
vt -0.00110 2.90292
vt 0.00110 2.89708
f 1310/3937 1311/3938 1315/3939 1314/3940
vt -1.46360 2.35292
vt -0.00110 2.90292
vt -0.00110 2.90292
vt -1.46360 2.35292
f 1312/3941 1316/3942 1315/3943 1311/3944
vt -1.46140 2.34708
vt -1.46140 2.34708
vt 0.00110 2.89708
vt 0.00110 2.89708
f 1309/3945 1310/3946 1314/3947 1313/3948
vt 1.49687 2.34708
vt 1.49687 2.35292
vt 1.50313 2.35292
vt 1.50313 2.34708
f 1317/3949 1320/3950 1319/3951 1318/3952
vt 1.49687 2.89708
vt 1.50313 2.89708
vt 1.50313 2.90292
vt 1.49687 2.90292
f 1321/3953 1322/3954 1323/3955 1324/3956
vt -1.46140 2.34708
vt 0.00110 2.89708
vt -0.00110 2.90292
vt -1.46360 2.35292
f 1317/3957 1321/3958 1324/3959 1320/3960
vt -1.46140 2.34708
vt -1.46360 2.35292
vt -0.00110 2.90292
vt 0.00110 2.89708
f 1318/3961 1319/3962 1323/3963 1322/3964
vt -1.46360 2.35292
vt -0.00110 2.90292
vt -0.00110 2.90292
vt -1.46360 2.35292
f 1320/3965 1324/3966 1323/3967 1319/3968
vt -1.46140 2.34708
vt -1.46140 2.34708
vt 0.00110 2.89708
vt 0.00110 2.89708
f 1317/3969 1318/3970 1322/3971 1321/3972
vt -1.50313 2.89708
vt -1.50313 2.90292
vt -1.49687 2.90292
vt -1.49687 2.89708
f 1325/3973 1328/3974 1327/3975 1326/3976
vt -1.50313 2.34708
vt -1.49687 2.34708
vt -1.49687 2.35292
vt -1.50313 2.35292
f 1329/3977 1330/3978 1331/3979 1332/3980
vt -0.00110 2.89708
vt 1.46140 2.34708
vt 1.46360 2.35292
vt 0.00110 2.90292
f 1325/3981 1329/3982 1332/3983 1328/3984
vt -0.00110 2.89708
vt 0.00110 2.90292
vt 1.46360 2.35292
vt 1.46140 2.34708
f 1326/3985 1327/3986 1331/3987 1330/3988
vt 0.00110 2.90292
vt 1.46360 2.35292
vt 1.46360 2.35292
vt 0.00110 2.90292
f 1328/3989 1332/3990 1331/3991 1327/3992
vt -0.00110 2.89708
vt -0.00110 2.89708
vt 1.46140 2.34708
vt 1.46140 2.34708
f 1325/3993 1326/3994 1330/3995 1329/3996
vt -1.25313 2.89708
vt -1.25313 2.90292
vt -1.24687 2.90292
vt -1.24687 2.89708
f 1333/3997 1336/3998 1335/3999 1334/4000
vt -1.25313 2.34708
vt -1.24687 2.34708
vt -1.24687 2.35292
vt -1.25313 2.35292
f 1337/4001 1338/4002 1339/4003 1340/4004
vt -0.00110 2.89708
vt 1.46140 2.34708
vt 1.46360 2.35292
vt 0.00110 2.90292
f 1333/4005 1337/4006 1340/4007 1336/4008
vt -0.00110 2.89708
vt 0.00110 2.90292
vt 1.46360 2.35292
vt 1.46140 2.34708
f 1334/4009 1335/4010 1339/4011 1338/4012
vt 0.00110 2.90292
vt 1.46360 2.35292
vt 1.46360 2.35292
vt 0.00110 2.90292
f 1336/4013 1340/4014 1339/4015 1335/4016
vt -0.00110 2.89708
vt -0.00110 2.89708
vt 1.46140 2.34708
vt 1.46140 2.34708
f 1333/4017 1334/4018 1338/4019 1337/4020
vt -1.00313 2.89708
vt -1.00313 2.90292
vt -0.99687 2.90292
vt -0.99687 2.89708
f 1341/4021 1344/4022 1343/4023 1342/4024
vt -1.00313 2.34708
vt -0.99687 2.34708
vt -0.99687 2.35292
vt -1.00313 2.35292
f 1345/4025 1346/4026 1347/4027 1348/4028
vt -0.00110 2.89708
vt 1.46140 2.34708
vt 1.46360 2.35292
vt 0.00110 2.90292
f 1341/4029 1345/4030 1348/4031 1344/4032
vt -0.00110 2.89708
vt 0.00110 2.90292
vt 1.46360 2.35292
vt 1.46140 2.34708
f 1342/4033 1343/4034 1347/4035 1346/4036
vt 0.00110 2.90292
vt 1.46360 2.35292
vt 1.46360 2.35292
vt 0.00110 2.90292
f 1344/4037 1348/4038 1347/4039 1343/4040
vt -0.00110 2.89708
vt -0.00110 2.89708
vt 1.46140 2.34708
vt 1.46140 2.34708
f 1341/4041 1342/4042 1346/4043 1345/4044
vt -0.75313 2.89708
vt -0.75313 2.90292
vt -0.74687 2.90292
vt -0.74687 2.89708
f 1349/4045 1352/4046 1351/4047 1350/4048
vt -0.75313 2.34708
vt -0.74687 2.34708
vt -0.74687 2.35292
vt -0.75313 2.35292
f 1353/4049 1354/4050 1355/4051 1356/4052
vt -0.00110 2.89708
vt 1.46140 2.34708
vt 1.46360 2.35292
vt 0.00110 2.90292
f 1349/4053 1353/4054 1356/4055 1352/4056
vt -0.00110 2.89708
vt 0.00110 2.90292
vt 1.46360 2.35292
vt 1.46140 2.34708
f 1350/4057 1351/4058 1355/4059 1354/4060
vt 0.00110 2.90292
vt 1.46360 2.35292
vt 1.46360 2.35292
vt 0.00110 2.90292
f 1352/4061 1356/4062 1355/4063 1351/4064
vt -0.00110 2.89708
vt -0.00110 2.89708
vt 1.46140 2.34708
vt 1.46140 2.34708
f 1349/4065 1350/4066 1354/4067 1353/4068
vt -0.50313 2.89708
vt -0.50313 2.90292
vt -0.49688 2.90292
vt -0.49688 2.89708
f 1357/4069 1360/4070 1359/4071 1358/4072
vt -0.50313 2.34708
vt -0.49688 2.34708
vt -0.49688 2.35292
vt -0.50313 2.35292
f 1361/4073 1362/4074 1363/4075 1364/4076
vt -0.00110 2.89708
vt 1.46140 2.34708
vt 1.46360 2.35292
vt 0.00110 2.90292
f 1357/4077 1361/4078 1364/4079 1360/4080
vt -0.00110 2.89708
vt 0.00110 2.90292
vt 1.46360 2.35292
vt 1.46140 2.34708
f 1358/4081 1359/4082 1363/4083 1362/4084
vt 0.00110 2.90292
vt 1.46360 2.35292
vt 1.46360 2.35292
vt 0.00110 2.90292
f 1360/4085 1364/4086 1363/4087 1359/4088
vt -0.00110 2.89708
vt -0.00110 2.89708
vt 1.46140 2.34708
vt 1.46140 2.34708
f 1357/4089 1358/4090 1362/4091 1361/4092
vt -0.25312 2.89708
vt -0.25312 2.90292
vt -0.24688 2.90292
vt -0.24688 2.89708
f 1365/4093 1368/4094 1367/4095 1366/4096
vt -0.25312 2.34708
vt -0.24688 2.34708
vt -0.24688 2.35292
vt -0.25312 2.35292
f 1369/4097 1370/4098 1371/4099 1372/4100
vt -0.00110 2.89708
vt 1.46140 2.34708
vt 1.46360 2.35292
vt 0.00110 2.90292
f 1365/4101 1369/4102 1372/4103 1368/4104
vt -0.00110 2.89708
vt 0.00110 2.90292
vt 1.46360 2.35292
vt 1.46140 2.34708
f 1366/4105 1367/4106 1371/4107 1370/4108
vt 0.00110 2.90292
vt 1.46360 2.35292
vt 1.46360 2.35292
vt 0.00110 2.90292
f 1368/4109 1372/4110 1371/4111 1367/4112
vt -0.00110 2.89708
vt -0.00110 2.89708
vt 1.46140 2.34708
vt 1.46140 2.34708
f 1365/4113 1366/4114 1370/4115 1369/4116
vt -0.00313 2.89708
vt -0.00313 2.90292
vt 0.00313 2.90292
vt 0.00313 2.89708
f 1373/4117 1376/4118 1375/4119 1374/4120
vt -0.00313 2.34708
vt 0.00313 2.34708
vt 0.00313 2.35292
vt -0.00313 2.35292
f 1377/4121 1378/4122 1379/4123 1380/4124
vt -0.00110 2.89708
vt 1.46140 2.34708
vt 1.46360 2.35292
vt 0.00110 2.90292
f 1373/4125 1377/4126 1380/4127 1376/4128
vt -0.00110 2.89708
vt 0.00110 2.90292
vt 1.46360 2.35292
vt 1.46140 2.34708
f 1374/4129 1375/4130 1379/4131 1378/4132
vt 0.00110 2.90292
vt 1.46360 2.35292
vt 1.46360 2.35292
vt 0.00110 2.90292
f 1376/4133 1380/4134 1379/4135 1375/4136
vt -0.00110 2.89708
vt -0.00110 2.89708
vt 1.46140 2.34708
vt 1.46140 2.34708
f 1373/4137 1374/4138 1378/4139 1377/4140
vt 0.24688 2.89708
vt 0.24688 2.90292
vt 0.25312 2.90292
vt 0.25312 2.89708
f 1381/4141 1384/4142 1383/4143 1382/4144
vt 0.24688 2.34708
vt 0.25312 2.34708
vt 0.25312 2.35292
vt 0.24688 2.35292
f 1385/4145 1386/4146 1387/4147 1388/4148
vt -0.00110 2.89708
vt 1.46140 2.34708
vt 1.46360 2.35292
vt 0.00110 2.90292
f 1381/4149 1385/4150 1388/4151 1384/4152
vt -0.00110 2.89708
vt 0.00110 2.90292
vt 1.46360 2.35292
vt 1.46140 2.34708
f 1382/4153 1383/4154 1387/4155 1386/4156
vt 0.00110 2.90292
vt 1.46360 2.35292
vt 1.46360 2.35292
vt 0.00110 2.90292
f 1384/4157 1388/4158 1387/4159 1383/4160
vt -0.00110 2.89708
vt -0.00110 2.89708
vt 1.46140 2.34708
vt 1.46140 2.34708
f 1381/4161 1382/4162 1386/4163 1385/4164
vt 0.49688 2.89708
vt 0.49688 2.90292
vt 0.50313 2.90292
vt 0.50313 2.89708
f 1389/4165 1392/4166 1391/4167 1390/4168
vt 0.49688 2.34708
vt 0.50313 2.34708
vt 0.50313 2.35292
vt 0.49688 2.35292
f 1393/4169 1394/4170 1395/4171 1396/4172
vt -0.00110 2.89708
vt 1.46140 2.34708
vt 1.46360 2.35292
vt 0.00110 2.90292
f 1389/4173 1393/4174 1396/4175 1392/4176
vt -0.00110 2.89708
vt 0.00110 2.90292
vt 1.46360 2.35292
vt 1.46140 2.34708
f 1390/4177 1391/4178 1395/4179 1394/4180
vt 0.00110 2.90292
vt 1.46360 2.35292
vt 1.46360 2.35292
vt 0.00110 2.90292
f 1392/4181 1396/4182 1395/4183 1391/4184
vt -0.00110 2.89708
vt -0.00110 2.89708
vt 1.46140 2.34708
vt 1.46140 2.34708
f 1389/4185 1390/4186 1394/4187 1393/4188
vt 0.74687 2.89708
vt 0.74687 2.90292
vt 0.75313 2.90292
vt 0.75313 2.89708
f 1397/4189 1400/4190 1399/4191 1398/4192
vt 0.74687 2.34708
vt 0.75313 2.34708
vt 0.75313 2.35292
vt 0.74687 2.35292
f 1401/4193 1402/4194 1403/4195 1404/4196
vt -0.00110 2.89708
vt 1.46140 2.34708
vt 1.46360 2.35292
vt 0.00110 2.90292
f 1397/4197 1401/4198 1404/4199 1400/4200
vt -0.00110 2.89708
vt 0.00110 2.90292
vt 1.46360 2.35292
vt 1.46140 2.34708
f 1398/4201 1399/4202 1403/4203 1402/4204
vt 0.00110 2.90292
vt 1.46360 2.35292
vt 1.46360 2.35292
vt 0.00110 2.90292
f 1400/4205 1404/4206 1403/4207 1399/4208
vt -0.00110 2.89708
vt -0.00110 2.89708
vt 1.46140 2.34708
vt 1.46140 2.34708
f 1397/4209 1398/4210 1402/4211 1401/4212
vt 0.99687 2.89708
vt 0.99687 2.90292
vt 1.00313 2.90292
vt 1.00313 2.89708
f 1405/4213 1408/4214 1407/4215 1406/4216
vt 0.99687 2.34708
vt 1.00313 2.34708
vt 1.00313 2.35292
vt 0.99687 2.35292
f 1409/4217 1410/4218 1411/4219 1412/4220
vt -0.00110 2.89708
vt 1.46140 2.34708
vt 1.46360 2.35292
vt 0.00110 2.90292
f 1405/4221 1409/4222 1412/4223 1408/4224
vt -0.00110 2.89708
vt 0.00110 2.90292
vt 1.46360 2.35292
vt 1.46140 2.34708
f 1406/4225 1407/4226 1411/4227 1410/4228
vt 0.00110 2.90292
vt 1.46360 2.35292
vt 1.46360 2.35292
vt 0.00110 2.90292
f 1408/4229 1412/4230 1411/4231 1407/4232
vt -0.00110 2.89708
vt -0.00110 2.89708
vt 1.46140 2.34708
vt 1.46140 2.34708
f 1405/4233 1406/4234 1410/4235 1409/4236
vt 1.24687 2.89708
vt 1.24687 2.90292
vt 1.25313 2.90292
vt 1.25313 2.89708
f 1413/4237 1416/4238 1415/4239 1414/4240
vt 1.24687 2.34708
vt 1.25313 2.34708
vt 1.25313 2.35292
vt 1.24687 2.35292
f 1417/4241 1418/4242 1419/4243 1420/4244
vt -0.00110 2.89708
vt 1.46140 2.34708
vt 1.46360 2.35292
vt 0.00110 2.90292
f 1413/4245 1417/4246 1420/4247 1416/4248
vt -0.00110 2.89708
vt 0.00110 2.90292
vt 1.46360 2.35292
vt 1.46140 2.34708
f 1414/4249 1415/4250 1419/4251 1418/4252
vt 0.00110 2.90292
vt 1.46360 2.35292
vt 1.46360 2.35292
vt 0.00110 2.90292
f 1416/4253 1420/4254 1419/4255 1415/4256
vt -0.00110 2.89708
vt -0.00110 2.89708
vt 1.46140 2.34708
vt 1.46140 2.34708
f 1413/4257 1414/4258 1418/4259 1417/4260
vt 1.49687 2.89708
vt 1.49687 2.90292
vt 1.50313 2.90292
vt 1.50313 2.89708
f 1421/4261 1424/4262 1423/4263 1422/4264
vt 1.49687 2.34708
vt 1.50313 2.34708
vt 1.50313 2.35292
vt 1.49687 2.35292
f 1425/4265 1426/4266 1427/4267 1428/4268
vt -0.00110 2.89708
vt 1.46140 2.34708
vt 1.46360 2.35292
vt 0.00110 2.90292
f 1421/4269 1425/4270 1428/4271 1424/4272
vt -0.00110 2.89708
vt 0.00110 2.90292
vt 1.46360 2.35292
vt 1.46140 2.34708
f 1422/4273 1423/4274 1427/4275 1426/4276
vt 0.00110 2.90292
vt 1.46360 2.35292
vt 1.46360 2.35292
vt 0.00110 2.90292
f 1424/4277 1428/4278 1427/4279 1423/4280
vt -0.00110 2.89708
vt -0.00110 2.89708
vt 1.46140 2.34708
vt 1.46140 2.34708
f 1421/4281 1422/4282 1426/4283 1425/4284
o Roof
usemtl Roof
v -6.85000 9.22512 -5.82184
v 6.85000 9.22512 -5.82184
v 6.85000 9.37488 -5.87816
v -6.85000 9.37488 -5.87816
v -6.85000 11.42512 0.02816
v 6.85000 11.42512 0.02816
v 6.85000 11.57488 -0.02816
v -6.85000 11.57488 -0.02816
v -6.85000 11.42512 -0.02816
v 6.85000 11.42512 -0.02816
v 6.85000 11.57488 0.02816
v -6.85000 11.57488 0.02816
v -6.85000 9.22512 5.82184
v 6.85000 9.22512 5.82184
v 6.85000 9.37488 5.87816
v -6.85000 9.37488 5.87816
vt -1.71250 2.30628
vt -1.71250 2.34372
vt 1.71250 2.34372
vt 1.71250 2.30628
f 1429/4285 1432/4286 1431/4287 1430/4288
vt -1.71250 2.85628
vt 1.71250 2.85628
vt 1.71250 2.89372
vt -1.71250 2.89372
f 1433/4289 1434/4290 1435/4291 1436/4292
vt -1.45546 2.30628
vt 0.00704 2.85628
vt -0.00704 2.89372
vt -1.46954 2.34372
f 1429/4293 1433/4294 1436/4295 1432/4296
vt -1.45546 2.30628
vt -1.46954 2.34372
vt -0.00704 2.89372
vt 0.00704 2.85628
f 1430/4297 1431/4298 1435/4299 1434/4300
vt -1.71250 -1.46954
vt -1.71250 -0.00704
vt 1.71250 -0.00704
vt 1.71250 -1.46954
f 1432/4301 1436/4302 1435/4303 1431/4304
vt -1.71250 -1.45546
vt 1.71250 -1.45546
vt 1.71250 0.00704
vt -1.71250 0.00704
f 1429/4305 1430/4306 1434/4307 1433/4308
vt -1.71250 2.85628
vt -1.71250 2.89372
vt 1.71250 2.89372
vt 1.71250 2.85628
f 1437/4309 1440/4310 1439/4311 1438/4312
vt -1.71250 2.30628
vt 1.71250 2.30628
vt 1.71250 2.34372
vt -1.71250 2.34372
f 1441/4313 1442/4314 1443/4315 1444/4316
vt -0.00704 2.85628
vt 1.45546 2.30628
vt 1.46954 2.34372
vt 0.00704 2.89372
f 1437/4317 1441/4318 1444/4319 1440/4320
vt -0.00704 2.85628
vt 0.00704 2.89372
vt 1.46954 2.34372
vt 1.45546 2.30628
f 1438/4321 1439/4322 1443/4323 1442/4324
vt -1.71250 0.00704
vt -1.71250 1.46954
vt 1.71250 1.46954
vt 1.71250 0.00704
f 1440/4325 1444/4326 1443/4327 1439/4328
vt -1.71250 -0.00704
vt 1.71250 -0.00704
vt 1.71250 1.45546
vt -1.71250 1.45546
f 1437/4329 1438/4330 1442/4331 1441/4332
