mtllib CityPalette.mtl
o Plaster
usemtl Plaster
v -8.00000 0.00000 -6.00000
v 8.00000 0.00000 -6.00000
v 8.00000 9.30000 -6.00000
v -8.00000 9.30000 -6.00000
v -8.00000 0.00000 6.00000
v 8.00000 0.00000 6.00000
v 8.00000 9.30000 6.00000
v -8.00000 9.30000 6.00000
vt -2.00000 0.00000
vt -2.00000 2.32500
vt 2.00000 2.32500
vt 2.00000 0.00000
f 1/1 4/2 3/3 2/4
vt -2.00000 0.00000
vt 2.00000 0.00000
vt 2.00000 2.32500
vt -2.00000 2.32500
f 5/5 6/6 7/7 8/8
vt -1.50000 0.00000
vt 1.50000 0.00000
vt 1.50000 2.32500
vt -1.50000 2.32500
f 1/9 5/10 8/11 4/12
vt -1.50000 0.00000
vt -1.50000 2.32500
vt 1.50000 2.32500
vt 1.50000 0.00000
f 2/13 3/14 7/15 6/16
vt -2.00000 -1.50000
vt -2.00000 1.50000
vt 2.00000 1.50000
vt 2.00000 -1.50000
f 4/17 8/18 7/19 3/20
vt -2.00000 -1.50000
vt 2.00000 -1.50000
vt 2.00000 1.50000
vt -2.00000 1.50000
f 1/21 2/22 6/23 5/24
o Base
usemtl Base
v -8.07000 0.00000 -6.07000
v 8.07000 0.00000 -6.07000
v 8.07000 0.46000 -6.07000
v -8.07000 0.46000 -6.07000
v -8.07000 0.00000 6.07000
v 8.07000 0.00000 6.07000
v 8.07000 0.46000 6.07000
v -8.07000 0.46000 6.07000
v -6.37000 3.26000 -7.32500
v -3.87000 3.26000 -7.32500
v -3.87000 3.40000 -7.32500
v -6.37000 3.40000 -7.32500
v -6.37000 3.26000 -5.97500
v -3.87000 3.26000 -5.97500
v -3.87000 3.40000 -5.97500
v -6.37000 3.40000 -5.97500
v 3.87000 3.26000 -7.32500
v 6.37000 3.26000 -7.32500
v 6.37000 3.40000 -7.32500
v 3.87000 3.40000 -7.32500
v 3.87000 3.26000 -5.97500
v 6.37000 3.26000 -5.97500
v 6.37000 3.40000 -5.97500
v 3.87000 3.40000 -5.97500
vt -2.01750 0.00000
vt -2.01750 0.11500
vt 2.01750 0.11500
vt 2.01750 0.00000
f 9/25 12/26 11/27 10/28
vt -2.01750 0.00000
vt 2.01750 0.00000
vt 2.01750 0.11500
vt -2.01750 0.11500
f 13/29 14/30 15/31 16/32
vt -1.51750 0.00000
vt 1.51750 0.00000
vt 1.51750 0.11500
vt -1.51750 0.11500
f 9/33 13/34 16/35 12/36
vt -1.51750 0.00000
vt -1.51750 0.11500
vt 1.51750 0.11500
vt 1.51750 0.00000
f 10/37 11/38 15/39 14/40
vt -2.01750 -1.51750
vt -2.01750 1.51750
vt 2.01750 1.51750
vt 2.01750 -1.51750
f 12/41 16/42 15/43 11/44
vt -2.01750 -1.51750
vt 2.01750 -1.51750
vt 2.01750 1.51750
vt -2.01750 1.51750
f 9/45 10/46 14/47 13/48
vt -1.59250 0.81500
vt -1.59250 0.85000
vt -0.96750 0.85000
vt -0.96750 0.81500
f 17/49 20/50 19/51 18/52
vt -1.59250 0.81500
vt -0.96750 0.81500
vt -0.96750 0.85000
vt -1.59250 0.85000
f 21/53 22/54 23/55 24/56
vt -1.83125 0.81500
vt -1.49375 0.81500
vt -1.49375 0.85000
vt -1.83125 0.85000
f 17/57 21/58 24/59 20/60
vt -1.83125 0.81500
vt -1.83125 0.85000
vt -1.49375 0.85000
vt -1.49375 0.81500
f 18/61 19/62 23/63 22/64
vt -1.59250 -1.83125
vt -1.59250 -1.49375
vt -0.96750 -1.49375
vt -0.96750 -1.83125
f 20/65 24/66 23/67 19/68
vt -1.59250 -1.83125
vt -0.96750 -1.83125
vt -0.96750 -1.49375
vt -1.59250 -1.49375
f 17/69 18/70 22/71 21/72
vt 0.96750 0.81500
vt 0.96750 0.85000
vt 1.59250 0.85000
vt 1.59250 0.81500
f 25/73 28/74 27/75 26/76
vt 0.96750 0.81500
vt 1.59250 0.81500
vt 1.59250 0.85000
vt 0.96750 0.85000
f 29/77 30/78 31/79 32/80
vt -1.83125 0.81500
vt -1.49375 0.81500
vt -1.49375 0.85000
vt -1.83125 0.85000
f 25/81 29/82 32/83 28/84
vt -1.83125 0.81500
vt -1.83125 0.85000
vt -1.49375 0.85000
vt -1.49375 0.81500
f 26/85 27/86 31/87 30/88
vt 0.96750 -1.83125
vt 0.96750 -1.49375
vt 1.59250 -1.49375
vt 1.59250 -1.83125
f 28/89 32/90 31/91 27/92
vt 0.96750 -1.83125
vt 1.59250 -1.83125
vt 1.59250 -1.49375
vt 0.96750 -1.49375
f 25/93 26/94 30/95 29/96
o Trim
usemtl Trim
v -8.10000 3.03000 -6.10000
v 8.10000 3.03000 -6.10000
v 8.10000 3.17000 -6.10000
v -8.10000 3.17000 -6.10000
v -8.10000 3.03000 6.10000
v 8.10000 3.03000 6.10000
v 8.10000 3.17000 6.10000
v -8.10000 3.17000 6.10000
v -8.10000 6.13000 -6.10000
v 8.10000 6.13000 -6.10000
v 8.10000 6.27000 -6.10000
v -8.10000 6.27000 -6.10000
v -8.10000 6.13000 6.10000
v 8.10000 6.13000 6.10000
v 8.10000 6.27000 6.10000
v -8.10000 6.27000 6.10000
v -5.93000 0.84000 -6.13000
v -4.31000 0.84000 -6.13000
v -4.31000 2.76000 -6.13000
v -5.93000 2.76000 -6.13000
v -5.93000 0.84000 -5.93000
v -4.31000 0.84000 -5.93000
v -4.31000 2.76000 -5.93000
v -5.93000 2.76000 -5.93000
v -5.99500 0.81000 -6.38000
v -4.24500 0.81000 -6.38000
v -4.24500 0.91000 -6.38000
v -5.99500 0.91000 -6.38000
v -5.99500 0.81000 -5.98000
v -4.24500 0.81000 -5.98000
v -4.24500 0.91000 -5.98000
v -5.99500 0.91000 -5.98000
v -4.31000 0.84000 6.13000
v -5.93000 0.84000 6.13000
v -5.93000 2.76000 6.13000
v -4.31000 2.76000 6.13000
v -4.31000 0.84000 5.93000
v -5.93000 0.84000 5.93000
v -5.93000 2.76000 5.93000
v -4.31000 2.76000 5.93000
v -4.24500 0.81000 6.38000
v -5.99500 0.81000 6.38000
v -5.99500 0.91000 6.38000
v -4.24500 0.91000 6.38000
v -4.24500 0.81000 5.98000
v -5.99500 0.81000 5.98000
v -5.99500 0.91000 5.98000
v -4.24500 0.91000 5.98000
v 4.31000 0.84000 -6.13000
v 5.93000 0.84000 -6.13000
v 5.93000 2.76000 -6.13000
v 4.31000 2.76000 -6.13000
v 4.31000 0.84000 -5.93000
v 5.93000 0.84000 -5.93000
v 5.93000 2.76000 -5.93000
v 4.31000 2.76000 -5.93000
v 4.24500 0.81000 -6.38000
v 5.99500 0.81000 -6.38000
v 5.99500 0.91000 -6.38000
v 4.24500 0.91000 -6.38000
v 4.24500 0.81000 -5.98000
v 5.99500 0.81000 -5.98000
v 5.99500 0.91000 -5.98000
v 4.24500 0.91000 -5.98000
v 5.93000 0.84000 6.13000
v 4.31000 0.84000 6.13000
v 4.31000 2.76000 6.13000
v 5.93000 2.76000 6.13000
v 5.93000 0.84000 5.93000
v 4.31000 0.84000 5.93000
v 4.31000 2.76000 5.93000
v 5.93000 2.76000 5.93000
v 5.99500 0.81000 6.38000
v 4.24500 0.81000 6.38000
v 4.24500 0.91000 6.38000
v 5.99500 0.91000 6.38000
v 5.99500 0.81000 5.98000
v 4.24500 0.81000 5.98000
v 4.24500 0.91000 5.98000
v 5.99500 0.91000 5.98000
v -8.13000 0.84000 -2.43000
v -8.13000 0.84000 -4.05000
v -8.13000 2.76000 -4.05000
v -8.13000 2.76000 -2.43000
v -7.93000 0.84000 -2.43000
v -7.93000 0.84000 -4.05000
v -7.93000 2.76000 -4.05000
v -7.93000 2.76000 -2.43000
v -8.38000 0.81000 -2.36500
v -8.38000 0.81000 -4.11500
v -8.38000 0.91000 -4.11500
v -8.38000 0.91000 -2.36500
v -7.98000 0.81000 -2.36500
v -7.98000 0.81000 -4.11500
v -7.98000 0.91000 -4.11500
v -7.98000 0.91000 -2.36500
v -8.13000 0.84000 4.05000
v -8.13000 0.84000 2.43000
v -8.13000 2.76000 2.43000
v -8.13000 2.76000 4.05000
v -7.93000 0.84000 4.05000
v -7.93000 0.84000 2.43000
v -7.93000 2.76000 2.43000
v -7.93000 2.76000 4.05000
v -8.38000 0.81000 4.11500
v -8.38000 0.81000 2.36500
v -8.38000 0.91000 2.36500
v -8.38000 0.91000 4.11500
v -7.98000 0.81000 4.11500
v -7.98000 0.81000 2.36500
v -7.98000 0.91000 2.36500
v -7.98000 0.91000 4.11500
v 8.13000 0.84000 -4.05000
v 8.13000 0.84000 -2.43000
v 8.13000 2.76000 -2.43000
v 8.13000 2.76000 -4.05000
v 7.93000 0.84000 -4.05000
v 7.93000 0.84000 -2.43000
v 7.93000 2.76000 -2.43000
v 7.93000 2.76000 -4.05000
v 8.38000 0.81000 -4.11500
v 8.38000 0.81000 -2.36500
v 8.38000 0.91000 -2.36500
v 8.38000 0.91000 -4.11500
v 7.98000 0.81000 -4.11500
v 7.98000 0.81000 -2.36500
v 7.98000 0.91000 -2.36500
v 7.98000 0.91000 -4.11500
v 8.13000 0.84000 2.43000
v 8.13000 0.84000 4.05000
v 8.13000 2.76000 4.05000
v 8.13000 2.76000 2.43000
v 7.93000 0.84000 2.43000
v 7.93000 0.84000 4.05000
v 7.93000 2.76000 4.05000
v 7.93000 2.76000 2.43000
v 8.38000 0.81000 2.36500
v 8.38000 0.81000 4.11500
v 8.38000 0.91000 4.11500
v 8.38000 0.91000 2.36500
v 7.98000 0.81000 2.36500
v 7.98000 0.81000 4.11500
v 7.98000 0.91000 4.11500
v 7.98000 0.91000 2.36500
v -5.93000 3.94000 -6.13000
v -4.31000 3.94000 -6.13000
v -4.31000 5.86000 -6.13000
v -5.93000 5.86000 -6.13000
v -5.93000 3.94000 -5.93000
v -4.31000 3.94000 -5.93000
v -4.31000 5.86000 -5.93000
v -5.93000 5.86000 -5.93000
v -5.99500 3.91000 -6.38000
v -4.24500 3.91000 -6.38000
v -4.24500 4.01000 -6.38000
v -5.99500 4.01000 -6.38000
v -5.99500 3.91000 -5.98000
v -4.24500 3.91000 -5.98000
v -4.24500 4.01000 -5.98000
v -5.99500 4.01000 -5.98000
v -4.31000 3.94000 6.13000
v -5.93000 3.94000 6.13000
v -5.93000 5.86000 6.13000
v -4.31000 5.86000 6.13000
v -4.31000 3.94000 5.93000
v -5.93000 3.94000 5.93000
v -5.93000 5.86000 5.93000
v -4.31000 5.86000 5.93000
v -4.24500 3.91000 6.38000
v -5.99500 3.91000 6.38000
v -5.99500 4.01000 6.38000
v -4.24500 4.01000 6.38000
v -4.24500 3.91000 5.98000
v -5.99500 3.91000 5.98000
v -5.99500 4.01000 5.98000
v -4.24500 4.01000 5.98000
v -0.81000 3.94000 -6.13000
v 0.81000 3.94000 -6.13000
v 0.81000 5.86000 -6.13000
v -0.81000 5.86000 -6.13000
v -0.81000 3.94000 -5.93000
v 0.81000 3.94000 -5.93000
v 0.81000 5.86000 -5.93000
v -0.81000 5.86000 -5.93000
v -0.87500 3.91000 -6.38000
v 0.87500 3.91000 -6.38000
v 0.87500 4.01000 -6.38000
v -0.87500 4.01000 -6.38000
v -0.87500 3.91000 -5.98000
v 0.87500 3.91000 -5.98000
v 0.87500 4.01000 -5.98000
v -0.87500 4.01000 -5.98000
v 0.81000 3.94000 6.13000
v -0.81000 3.94000 6.13000
v -0.81000 5.86000 6.13000
v 0.81000 5.86000 6.13000
v 0.81000 3.94000 5.93000
v -0.81000 3.94000 5.93000
v -0.81000 5.86000 5.93000
v 0.81000 5.86000 5.93000
v 0.87500 3.91000 6.38000
v -0.87500 3.91000 6.38000
v -0.87500 4.01000 6.38000
v 0.87500 4.01000 6.38000
v 0.87500 3.91000 5.98000
v -0.87500 3.91000 5.98000
v -0.87500 4.01000 5.98000
v 0.87500 4.01000 5.98000
v 4.31000 3.94000 -6.13000
v 5.93000 3.94000 -6.13000
v 5.93000 5.86000 -6.13000
v 4.31000 5.86000 -6.13000
v 4.31000 3.94000 -5.93000
v 5.93000 3.94000 -5.93000
v 5.93000 5.86000 -5.93000
v 4.31000 5.86000 -5.93000
v 4.24500 3.91000 -6.38000
v 5.99500 3.91000 -6.38000
v 5.99500 4.01000 -6.38000
v 4.24500 4.01000 -6.38000
v 4.24500 3.91000 -5.98000
v 5.99500 3.91000 -5.98000
v 5.99500 4.01000 -5.98000
v 4.24500 4.01000 -5.98000
v 5.93000 3.94000 6.13000
v 4.31000 3.94000 6.13000
v 4.31000 5.86000 6.13000
v 5.93000 5.86000 6.13000
v 5.93000 3.94000 5.93000
v 4.31000 3.94000 5.93000
v 4.31000 5.86000 5.93000
v 5.93000 5.86000 5.93000
v 5.99500 3.91000 6.38000
v 4.24500 3.91000 6.38000
v 4.24500 4.01000 6.38000
v 5.99500 4.01000 6.38000
v 5.99500 3.91000 5.98000
v 4.24500 3.91000 5.98000
v 4.24500 4.01000 5.98000
v 5.99500 4.01000 5.98000
v -8.13000 3.94000 -2.43000
v -8.13000 3.94000 -4.05000
v -8.13000 5.86000 -4.05000
v -8.13000 5.86000 -2.43000
v -7.93000 3.94000 -2.43000
v -7.93000 3.94000 -4.05000
v -7.93000 5.86000 -4.05000
v -7.93000 5.86000 -2.43000
v -8.38000 3.91000 -2.36500
v -8.38000 3.91000 -4.11500
v -8.38000 4.01000 -4.11500
v -8.38000 4.01000 -2.36500
v -7.98000 3.91000 -2.36500
v -7.98000 3.91000 -4.11500
v -7.98000 4.01000 -4.11500
v -7.98000 4.01000 -2.36500
v -8.13000 3.94000 4.05000
v -8.13000 3.94000 2.43000
v -8.13000 5.86000 2.43000
v -8.13000 5.86000 4.05000
v -7.93000 3.94000 4.05000
v -7.93000 3.94000 2.43000
v -7.93000 5.86000 2.43000
v -7.93000 5.86000 4.05000
v -8.38000 3.91000 4.11500
v -8.38000 3.91000 2.36500
v -8.38000 4.01000 2.36500
v -8.38000 4.01000 4.11500
v -7.98000 3.91000 4.11500
v -7.98000 3.91000 2.36500
v -7.98000 4.01000 2.36500
v -7.98000 4.01000 4.11500
v 8.13000 3.94000 -4.05000
v 8.13000 3.94000 -2.43000
v 8.13000 5.86000 -2.43000
v 8.13000 5.86000 -4.05000
v 7.93000 3.94000 -4.05000
v 7.93000 3.94000 -2.43000
v 7.93000 5.86000 -2.43000
v 7.93000 5.86000 -4.05000
v 8.38000 3.91000 -4.11500
v 8.38000 3.91000 -2.36500
v 8.38000 4.01000 -2.36500
v 8.38000 4.01000 -4.11500
v 7.98000 3.91000 -4.11500
v 7.98000 3.91000 -2.36500
v 7.98000 4.01000 -2.36500
v 7.98000 4.01000 -4.11500
v 8.13000 3.94000 2.43000
v 8.13000 3.94000 4.05000
v 8.13000 5.86000 4.05000
v 8.13000 5.86000 2.43000
v 7.93000 3.94000 2.43000
v 7.93000 3.94000 4.05000
v 7.93000 5.86000 4.05000
v 7.93000 5.86000 2.43000
v 8.38000 3.91000 2.36500
v 8.38000 3.91000 4.11500
v 8.38000 4.01000 4.11500
v 8.38000 4.01000 2.36500
v 7.98000 3.91000 2.36500
v 7.98000 3.91000 4.11500
v 7.98000 4.01000 4.11500
v 7.98000 4.01000 2.36500
v -5.93000 7.04000 -6.13000
v -4.31000 7.04000 -6.13000
v -4.31000 8.96000 -6.13000
v -5.93000 8.96000 -6.13000
v -5.93000 7.04000 -5.93000
v -4.31000 7.04000 -5.93000
v -4.31000 8.96000 -5.93000
v -5.93000 8.96000 -5.93000
v -5.99500 7.01000 -6.38000
v -4.24500 7.01000 -6.38000
v -4.24500 7.11000 -6.38000
v -5.99500 7.11000 -6.38000
v -5.99500 7.01000 -5.98000
v -4.24500 7.01000 -5.98000
v -4.24500 7.11000 -5.98000
v -5.99500 7.11000 -5.98000
v -4.31000 7.04000 6.13000
v -5.93000 7.04000 6.13000
v -5.93000 8.96000 6.13000
v -4.31000 8.96000 6.13000
v -4.31000 7.04000 5.93000
v -5.93000 7.04000 5.93000
v -5.93000 8.96000 5.93000
v -4.31000 8.96000 5.93000
v -4.24500 7.01000 6.38000
v -5.99500 7.01000 6.38000
v -5.99500 7.11000 6.38000
v -4.24500 7.11000 6.38000
v -4.24500 7.01000 5.98000
v -5.99500 7.01000 5.98000
v -5.99500 7.11000 5.98000
v -4.24500 7.11000 5.98000
v -0.81000 7.04000 -6.13000
v 0.81000 7.04000 -6.13000
v 0.81000 8.96000 -6.13000
v -0.81000 8.96000 -6.13000
v -0.81000 7.04000 -5.93000
v 0.81000 7.04000 -5.93000
v 0.81000 8.96000 -5.93000
v -0.81000 8.96000 -5.93000
v -0.87500 7.01000 -6.38000
v 0.87500 7.01000 -6.38000
v 0.87500 7.11000 -6.38000
v -0.87500 7.11000 -6.38000
v -0.87500 7.01000 -5.98000
v 0.87500 7.01000 -5.98000
v 0.87500 7.11000 -5.98000
v -0.87500 7.11000 -5.98000
v 0.81000 7.04000 6.13000
v -0.81000 7.04000 6.13000
v -0.81000 8.96000 6.13000
v 0.81000 8.96000 6.13000
v 0.81000 7.04000 5.93000
v -0.81000 7.04000 5.93000
v -0.81000 8.96000 5.93000
v 0.81000 8.96000 5.93000
v 0.87500 7.01000 6.38000
v -0.87500 7.01000 6.38000
v -0.87500 7.11000 6.38000
v 0.87500 7.11000 6.38000
v 0.87500 7.01000 5.98000
v -0.87500 7.01000 5.98000
v -0.87500 7.11000 5.98000
v 0.87500 7.11000 5.98000
v 4.31000 7.04000 -6.13000
v 5.93000 7.04000 -6.13000
v 5.93000 8.96000 -6.13000
v 4.31000 8.96000 -6.13000
v 4.31000 7.04000 -5.93000
v 5.93000 7.04000 -5.93000
v 5.93000 8.96000 -5.93000
v 4.31000 8.96000 -5.93000
v 4.24500 7.01000 -6.38000
v 5.99500 7.01000 -6.38000
v 5.99500 7.11000 -6.38000
v 4.24500 7.11000 -6.38000
v 4.24500 7.01000 -5.98000
v 5.99500 7.01000 -5.98000
v 5.99500 7.11000 -5.98000
v 4.24500 7.11000 -5.98000
v 5.93000 7.04000 6.13000
v 4.31000 7.04000 6.13000
v 4.31000 8.96000 6.13000
v 5.93000 8.96000 6.13000
v 5.93000 7.04000 5.93000
v 4.31000 7.04000 5.93000
v 4.31000 8.96000 5.93000
v 5.93000 8.96000 5.93000
v 5.99500 7.01000 6.38000
v 4.24500 7.01000 6.38000
v 4.24500 7.11000 6.38000
v 5.99500 7.11000 6.38000
v 5.99500 7.01000 5.98000
v 4.24500 7.01000 5.98000
v 4.24500 7.11000 5.98000
v 5.99500 7.11000 5.98000
v -8.13000 7.04000 -2.43000
v -8.13000 7.04000 -4.05000
v -8.13000 8.96000 -4.05000
v -8.13000 8.96000 -2.43000
v -7.93000 7.04000 -2.43000
v -7.93000 7.04000 -4.05000
v -7.93000 8.96000 -4.05000
v -7.93000 8.96000 -2.43000
v -8.38000 7.01000 -2.36500
v -8.38000 7.01000 -4.11500
v -8.38000 7.11000 -4.11500
v -8.38000 7.11000 -2.36500
v -7.98000 7.01000 -2.36500
v -7.98000 7.01000 -4.11500
v -7.98000 7.11000 -4.11500
v -7.98000 7.11000 -2.36500
v -8.13000 7.04000 4.05000
v -8.13000 7.04000 2.43000
v -8.13000 8.96000 2.43000
v -8.13000 8.96000 4.05000
v -7.93000 7.04000 4.05000
v -7.93000 7.04000 2.43000
v -7.93000 8.96000 2.43000
v -7.93000 8.96000 4.05000
v -8.38000 7.01000 4.11500
v -8.38000 7.01000 2.36500
v -8.38000 7.11000 2.36500
v -8.38000 7.11000 4.11500
v -7.98000 7.01000 4.11500
v -7.98000 7.01000 2.36500
v -7.98000 7.11000 2.36500
v -7.98000 7.11000 4.11500
v 8.13000 7.04000 -4.05000
v 8.13000 7.04000 -2.43000
v 8.13000 8.96000 -2.43000
v 8.13000 8.96000 -4.05000
v 7.93000 7.04000 -4.05000
v 7.93000 7.04000 -2.43000
v 7.93000 8.96000 -2.43000
v 7.93000 8.96000 -4.05000
v 8.38000 7.01000 -4.11500
v 8.38000 7.01000 -2.36500
v 8.38000 7.11000 -2.36500
v 8.38000 7.11000 -4.11500
v 7.98000 7.01000 -4.11500
v 7.98000 7.01000 -2.36500
v 7.98000 7.11000 -2.36500
v 7.98000 7.11000 -4.11500
v 8.13000 7.04000 2.43000
v 8.13000 7.04000 4.05000
v 8.13000 8.96000 4.05000
v 8.13000 8.96000 2.43000
v 7.93000 7.04000 2.43000
v 7.93000 7.04000 4.05000
v 7.93000 8.96000 4.05000
v 7.93000 8.96000 2.43000
v 8.38000 7.01000 2.36500
v 8.38000 7.01000 4.11500
v 8.38000 7.11000 4.11500
v 8.38000 7.11000 2.36500
v 7.98000 7.01000 2.36500
v 7.98000 7.01000 4.11500
v 7.98000 7.11000 4.11500
v 7.98000 7.11000 2.36500
v -0.85000 0.00000 -6.21500
v 0.85000 0.00000 -6.21500
v 0.85000 2.70000 -6.21500
v -0.85000 2.70000 -6.21500
v -0.85000 0.00000 -5.96500
v 0.85000 0.00000 -5.96500
v 0.85000 2.70000 -5.96500
v -0.85000 2.70000 -5.96500
v 0.33250 1.00000 -6.36500
v 0.36750 1.00000 -6.36500
v 0.36750 1.40000 -6.36500
v 0.33250 1.40000 -6.36500
v 0.33250 1.00000 -6.31500
v 0.36750 1.00000 -6.31500
v 0.36750 1.40000 -6.31500
v 0.33250 1.40000 -6.31500
v -8.07500 9.40500 -6.00000
v -7.92500 9.40500 -6.00000
v -7.92500 9.85500 -6.00000
v -8.07500 9.85500 -6.00000
v -8.07500 9.40500 6.00000
v -7.92500 9.40500 6.00000
v -7.92500 9.85500 6.00000
v -8.07500 9.85500 6.00000
v 7.92500 9.40500 -6.00000
v 8.07500 9.40500 -6.00000
v 8.07500 9.85500 -6.00000
v 7.92500 9.85500 -6.00000
v 7.92500 9.40500 6.00000
v 8.07500 9.40500 6.00000
v 8.07500 9.85500 6.00000
v 7.92500 9.85500 6.00000
v -8.00000 9.40500 -6.07500
v 8.00000 9.40500 -6.07500
v 8.00000 9.85500 -6.07500
v -8.00000 9.85500 -6.07500
v -8.00000 9.40500 -5.92500
v 8.00000 9.40500 -5.92500
v 8.00000 9.85500 -5.92500
v -8.00000 9.85500 -5.92500
v -8.00000 9.40500 5.92500
v 8.00000 9.40500 5.92500
v 8.00000 9.85500 5.92500
v -8.00000 9.85500 5.92500
v -8.00000 9.40500 6.07500
v 8.00000 9.40500 6.07500
v 8.00000 9.85500 6.07500
v -8.00000 9.85500 6.07500
vt -2.02500 0.75750
vt -2.02500 0.79250
vt 2.02500 0.79250
vt 2.02500 0.75750
f 33/97 36/98 35/99 34/100
vt -2.02500 0.75750
vt 2.02500 0.75750
vt 2.02500 0.79250
vt -2.02500 0.79250
f 37/101 38/102 39/103 40/104
vt -1.52500 0.75750
vt 1.52500 0.75750
vt 1.52500 0.79250
vt -1.52500 0.79250
f 33/105 37/106 40/107 36/108
vt -1.52500 0.75750
vt -1.52500 0.79250
vt 1.52500 0.79250
vt 1.52500 0.75750
f 34/109 35/110 39/111 38/112
vt -2.02500 -1.52500
vt -2.02500 1.52500
vt 2.02500 1.52500
vt 2.02500 -1.52500
f 36/113 40/114 39/115 35/116
vt -2.02500 -1.52500
vt 2.02500 -1.52500
vt 2.02500 1.52500
vt -2.02500 1.52500
f 33/117 34/118 38/119 37/120
vt -2.02500 1.53250
vt -2.02500 1.56750
vt 2.02500 1.56750
vt 2.02500 1.53250
f 41/121 44/122 43/123 42/124
vt -2.02500 1.53250
vt 2.02500 1.53250
vt 2.02500 1.56750
vt -2.02500 1.56750
f 45/125 46/126 47/127 48/128
vt -1.52500 1.53250
vt 1.52500 1.53250
vt 1.52500 1.56750
vt -1.52500 1.56750
f 41/129 45/130 48/131 44/132
vt -1.52500 1.53250
vt -1.52500 1.56750
vt 1.52500 1.56750
vt 1.52500 1.53250
f 42/133 43/134 47/135 46/136
vt -2.02500 -1.52500
vt -2.02500 1.52500
vt 2.02500 1.52500
vt 2.02500 -1.52500
f 44/137 48/138 47/139 43/140
vt -2.02500 -1.52500
vt 2.02500 -1.52500
vt 2.02500 1.52500
vt -2.02500 1.52500
f 41/141 42/142 46/143 45/144
vt 0.21000 -1.48250
vt 0.69000 -1.48250
vt 0.69000 -1.07750
vt 0.21000 -1.07750
f 49/145 52/146 51/147 50/148
vt 0.21000 -1.48250
vt 0.21000 -1.07750
vt 0.69000 -1.07750
vt 0.69000 -1.48250
f 53/149 54/150 55/151 56/152
vt 0.21000 -1.53250
vt 0.21000 -1.48250
vt 0.69000 -1.48250
vt 0.69000 -1.53250
f 49/153 53/154 56/155 52/156
vt 0.21000 -1.53250
vt 0.69000 -1.53250
vt 0.69000 -1.48250
vt 0.21000 -1.48250
f 50/157 51/158 55/159 54/160
vt -1.48250 -1.53250
vt -1.48250 -1.48250
vt -1.07750 -1.48250
vt -1.07750 -1.53250
f 52/161 56/162 55/163 51/164
vt -1.48250 -1.53250
vt -1.07750 -1.53250
vt -1.07750 -1.48250
vt -1.48250 -1.48250
f 49/165 50/166 54/167 53/168
vt -1.49875 0.20250
vt -1.49875 0.22750
vt -1.06125 0.22750
vt -1.06125 0.20250
f 57/169 60/170 59/171 58/172
vt -1.49875 0.20250
vt -1.06125 0.20250
vt -1.06125 0.22750
vt -1.49875 0.22750
f 61/173 62/174 63/175 64/176
vt -1.59500 0.20250
vt -1.49500 0.20250
vt -1.49500 0.22750
vt -1.59500 0.22750
f 57/177 61/178 64/179 60/180
vt -1.59500 0.20250
vt -1.59500 0.22750
vt -1.49500 0.22750
vt -1.49500 0.20250
f 58/181 59/182 63/183 62/184
vt -1.49875 -1.59500
vt -1.49875 -1.49500
vt -1.06125 -1.49500
vt -1.06125 -1.59500
f 60/185 64/186 63/187 59/188
vt -1.49875 -1.59500
vt -1.06125 -1.59500
vt -1.06125 -1.49500
vt -1.49875 -1.49500
f 57/189 58/190 62/191 61/192
vt 0.21000 -1.07750
vt 0.69000 -1.07750
vt 0.69000 -1.48250
vt 0.21000 -1.48250
f 65/193 68/194 67/195 66/196
vt 0.21000 -1.07750
vt 0.21000 -1.48250
vt 0.69000 -1.48250
vt 0.69000 -1.07750
f 69/197 70/198 71/199 72/200
vt 0.21000 1.53250
vt 0.21000 1.48250
vt 0.69000 1.48250
vt 0.69000 1.53250
f 65/201 69/202 72/203 68/204
vt 0.21000 1.53250
vt 0.69000 1.53250
vt 0.69000 1.48250
vt 0.21000 1.48250
f 66/205 67/206 71/207 70/208
vt -1.07750 1.53250
vt -1.07750 1.48250
vt -1.48250 1.48250
vt -1.48250 1.53250
f 68/209 72/210 71/211 67/212
vt -1.07750 1.53250
vt -1.48250 1.53250
vt -1.48250 1.48250
vt -1.07750 1.48250
f 65/213 66/214 70/215 69/216
vt -1.06125 0.20250
vt -1.06125 0.22750
vt -1.49875 0.22750
vt -1.49875 0.20250
f 73/217 76/218 75/219 74/220
vt -1.06125 0.20250
vt -1.49875 0.20250
vt -1.49875 0.22750
vt -1.06125 0.22750
f 77/221 78/222 79/223 80/224
vt 1.59500 0.20250
vt 1.49500 0.20250
vt 1.49500 0.22750
vt 1.59500 0.22750
f 73/225 77/226 80/227 76/228
vt 1.59500 0.20250
vt 1.59500 0.22750
vt 1.49500 0.22750
vt 1.49500 0.20250
f 74/229 75/230 79/231 78/232
vt -1.06125 1.59500
vt -1.06125 1.49500
vt -1.49875 1.49500
vt -1.49875 1.59500
f 76/233 80/234 79/235 75/236
vt -1.06125 1.59500
vt -1.49875 1.59500
vt -1.49875 1.49500
vt -1.06125 1.49500
f 73/237 74/238 78/239 77/240
vt 0.21000 1.07750
vt 0.69000 1.07750
vt 0.69000 1.48250
vt 0.21000 1.48250
f 81/241 84/242 83/243 82/244
vt 0.21000 1.07750
vt 0.21000 1.48250
vt 0.69000 1.48250
vt 0.69000 1.07750
f 85/245 86/246 87/247 88/248
vt 0.21000 -1.53250
vt 0.21000 -1.48250
vt 0.69000 -1.48250
vt 0.69000 -1.53250
f 81/249 85/250 88/251 84/252
vt 0.21000 -1.53250
vt 0.69000 -1.53250
vt 0.69000 -1.48250
vt 0.21000 -1.48250
f 82/253 83/254 87/255 86/256
vt 1.07750 -1.53250
vt 1.07750 -1.48250
vt 1.48250 -1.48250
vt 1.48250 -1.53250
f 84/257 88/258 87/259 83/260
vt 1.07750 -1.53250
vt 1.48250 -1.53250
vt 1.48250 -1.48250
vt 1.07750 -1.48250
f 81/261 82/262 86/263 85/264
vt 1.06125 0.20250
vt 1.06125 0.22750
vt 1.49875 0.22750
vt 1.49875 0.20250
f 89/265 92/266 91/267 90/268
vt 1.06125 0.20250
vt 1.49875 0.20250
vt 1.49875 0.22750
vt 1.06125 0.22750
f 93/269 94/270 95/271 96/272
vt -1.59500 0.20250
vt -1.49500 0.20250
vt -1.49500 0.22750
vt -1.59500 0.22750
f 89/273 93/274 96/275 92/276
vt -1.59500 0.20250
vt -1.59500 0.22750
vt -1.49500 0.22750
vt -1.49500 0.20250
f 90/277 91/278 95/279 94/280
vt 1.06125 -1.59500
vt 1.06125 -1.49500
vt 1.49875 -1.49500
vt 1.49875 -1.59500
f 92/281 96/282 95/283 91/284
vt 1.06125 -1.59500
vt 1.49875 -1.59500
vt 1.49875 -1.49500
vt 1.06125 -1.49500
f 89/285 90/286 94/287 93/288
vt 0.21000 1.48250
vt 0.69000 1.48250
vt 0.69000 1.07750
vt 0.21000 1.07750
f 97/289 100/290 99/291 98/292
vt 0.21000 1.48250
vt 0.21000 1.07750
vt 0.69000 1.07750
vt 0.69000 1.48250
f 101/293 102/294 103/295 104/296
vt 0.21000 1.53250
vt 0.21000 1.48250
vt 0.69000 1.48250
vt 0.69000 1.53250
f 97/297 101/298 104/299 100/300
vt 0.21000 1.53250
vt 0.69000 1.53250
vt 0.69000 1.48250
vt 0.21000 1.48250
f 98/301 99/302 103/303 102/304
vt 1.48250 1.53250
vt 1.48250 1.48250
vt 1.07750 1.48250
vt 1.07750 1.53250
f 100/305 104/306 103/307 99/308
vt 1.48250 1.53250
vt 1.07750 1.53250
vt 1.07750 1.48250
vt 1.48250 1.48250
f 97/309 98/310 102/311 101/312
vt 1.49875 0.20250
vt 1.49875 0.22750
vt 1.06125 0.22750
vt 1.06125 0.20250
f 105/313 108/314 107/315 106/316
vt 1.49875 0.20250
vt 1.06125 0.20250
vt 1.06125 0.22750
vt 1.49875 0.22750
f 109/317 110/318 111/319 112/320
vt 1.59500 0.20250
vt 1.49500 0.20250
vt 1.49500 0.22750
vt 1.59500 0.22750
f 105/321 109/322 112/323 108/324
vt 1.59500 0.20250
vt 1.59500 0.22750
vt 1.49500 0.22750
vt 1.49500 0.20250
f 106/325 107/326 111/327 110/328
vt 1.49875 1.59500
vt 1.49875 1.49500
vt 1.06125 1.49500
vt 1.06125 1.59500
f 108/329 112/330 111/331 107/332
vt 1.49875 1.59500
vt 1.06125 1.59500
vt 1.06125 1.49500
vt 1.49875 1.49500
f 105/333 106/334 110/335 109/336
vt 0.21000 -0.60750
vt 0.69000 -0.60750
vt 0.69000 -1.01250
vt 0.21000 -1.01250
f 113/337 116/338 115/339 114/340
vt 0.21000 -0.60750
vt 0.21000 -1.01250
vt 0.69000 -1.01250
vt 0.69000 -0.60750
f 117/341 118/342 119/343 120/344
vt 0.21000 -2.03250
vt 0.21000 -1.98250
vt 0.69000 -1.98250
vt 0.69000 -2.03250
f 113/345 117/346 120/347 116/348
vt 0.21000 -2.03250
vt 0.69000 -2.03250
vt 0.69000 -1.98250
vt 0.21000 -1.98250
f 114/349 115/350 119/351 118/352
vt -0.60750 -2.03250
vt -0.60750 -1.98250
vt -1.01250 -1.98250
vt -1.01250 -2.03250
f 116/353 120/354 119/355 115/356
vt -0.60750 -2.03250
vt -1.01250 -2.03250
vt -1.01250 -1.98250
vt -0.60750 -1.98250
f 113/357 114/358 118/359 117/360
vt -0.59125 0.20250
vt -0.59125 0.22750
vt -1.02875 0.22750
vt -1.02875 0.20250
f 121/361 124/362 123/363 122/364
vt -0.59125 0.20250
vt -1.02875 0.20250
vt -1.02875 0.22750
vt -0.59125 0.22750
f 125/365 126/366 127/367 128/368
vt -2.09500 0.20250
vt -1.99500 0.20250
vt -1.99500 0.22750
vt -2.09500 0.22750
f 121/369 125/370 128/371 124/372
vt -2.09500 0.20250
vt -2.09500 0.22750
vt -1.99500 0.22750
vt -1.99500 0.20250
f 122/373 123/374 127/375 126/376
vt -0.59125 -2.09500
vt -0.59125 -1.99500
vt -1.02875 -1.99500
vt -1.02875 -2.09500
f 124/377 128/378 127/379 123/380
vt -0.59125 -2.09500
vt -1.02875 -2.09500
vt -1.02875 -1.99500
vt -0.59125 -1.99500
f 121/381 122/382 126/383 125/384
vt 0.21000 1.01250
vt 0.69000 1.01250
vt 0.69000 0.60750
vt 0.21000 0.60750
f 129/385 132/386 131/387 130/388
vt 0.21000 1.01250
vt 0.21000 0.60750
vt 0.69000 0.60750
vt 0.69000 1.01250
f 133/389 134/390 135/391 136/392
vt 0.21000 -2.03250
vt 0.21000 -1.98250
vt 0.69000 -1.98250
vt 0.69000 -2.03250
f 129/393 133/394 136/395 132/396
vt 0.21000 -2.03250
vt 0.69000 -2.03250
vt 0.69000 -1.98250
vt 0.21000 -1.98250
f 130/397 131/398 135/399 134/400
vt 1.01250 -2.03250
vt 1.01250 -1.98250
vt 0.60750 -1.98250
vt 0.60750 -2.03250
f 132/401 136/402 135/403 131/404
vt 1.01250 -2.03250
vt 0.60750 -2.03250
vt 0.60750 -1.98250
vt 1.01250 -1.98250
f 129/405 130/406 134/407 133/408
vt 1.02875 0.20250
vt 1.02875 0.22750
vt 0.59125 0.22750
vt 0.59125 0.20250
f 137/409 140/410 139/411 138/412
vt 1.02875 0.20250
vt 0.59125 0.20250
vt 0.59125 0.22750
vt 1.02875 0.22750
f 141/413 142/414 143/415 144/416
vt -2.09500 0.20250
vt -1.99500 0.20250
vt -1.99500 0.22750
vt -2.09500 0.22750
f 137/417 141/418 144/419 140/420
vt -2.09500 0.20250
vt -2.09500 0.22750
vt -1.99500 0.22750
vt -1.99500 0.20250
f 138/421 139/422 143/423 142/424
vt 1.02875 -2.09500
vt 1.02875 -1.99500
vt 0.59125 -1.99500
vt 0.59125 -2.09500
f 140/425 144/426 143/427 139/428
vt 1.02875 -2.09500
vt 0.59125 -2.09500
vt 0.59125 -1.99500
vt 1.02875 -1.99500
f 137/429 138/430 142/431 141/432
vt 0.21000 -1.01250
vt 0.69000 -1.01250
vt 0.69000 -0.60750
vt 0.21000 -0.60750
f 145/433 148/434 147/435 146/436
vt 0.21000 -1.01250
vt 0.21000 -0.60750
vt 0.69000 -0.60750
vt 0.69000 -1.01250
f 149/437 150/438 151/439 152/440
vt 0.21000 2.03250
vt 0.21000 1.98250
vt 0.69000 1.98250
vt 0.69000 2.03250
f 145/441 149/442 152/443 148/444
vt 0.21000 2.03250
vt 0.69000 2.03250
vt 0.69000 1.98250
vt 0.21000 1.98250
f 146/445 147/446 151/447 150/448
vt -1.01250 2.03250
vt -1.01250 1.98250
vt -0.60750 1.98250
vt -0.60750 2.03250
f 148/449 152/450 151/451 147/452
vt -1.01250 2.03250
vt -0.60750 2.03250
vt -0.60750 1.98250
vt -1.01250 1.98250
f 145/453 146/454 150/455 149/456
vt -1.02875 0.20250
vt -1.02875 0.22750
vt -0.59125 0.22750
vt -0.59125 0.20250
f 153/457 156/458 155/459 154/460
vt -1.02875 0.20250
vt -0.59125 0.20250
vt -0.59125 0.22750
vt -1.02875 0.22750
f 157/461 158/462 159/463 160/464
vt 2.09500 0.20250
vt 1.99500 0.20250
vt 1.99500 0.22750
vt 2.09500 0.22750
f 153/465 157/466 160/467 156/468
vt 2.09500 0.20250
vt 2.09500 0.22750
vt 1.99500 0.22750
vt 1.99500 0.20250
f 154/469 155/470 159/471 158/472
vt -1.02875 2.09500
vt -1.02875 1.99500
vt -0.59125 1.99500
vt -0.59125 2.09500
f 156/473 160/474 159/475 155/476
vt -1.02875 2.09500
vt -0.59125 2.09500
vt -0.59125 1.99500
vt -1.02875 1.99500
f 153/477 154/478 158/479 157/480
vt 0.21000 0.60750
vt 0.69000 0.60750
vt 0.69000 1.01250
vt 0.21000 1.01250
f 161/481 164/482 163/483 162/484
vt 0.21000 0.60750
vt 0.21000 1.01250
vt 0.69000 1.01250
vt 0.69000 0.60750
f 165/485 166/486 167/487 168/488
vt 0.21000 2.03250
vt 0.21000 1.98250
vt 0.69000 1.98250
vt 0.69000 2.03250
f 161/489 165/490 168/491 164/492
vt 0.21000 2.03250
vt 0.69000 2.03250
vt 0.69000 1.98250
vt 0.21000 1.98250
f 162/493 163/494 167/495 166/496
vt 0.60750 2.03250
vt 0.60750 1.98250
vt 1.01250 1.98250
vt 1.01250 2.03250
f 164/497 168/498 167/499 163/500
vt 0.60750 2.03250
vt 1.01250 2.03250
vt 1.01250 1.98250
vt 0.60750 1.98250
f 161/501 162/502 166/503 165/504
vt 0.59125 0.20250
vt 0.59125 0.22750
vt 1.02875 0.22750
vt 1.02875 0.20250
f 169/505 172/506 171/507 170/508
vt 0.59125 0.20250
vt 1.02875 0.20250
vt 1.02875 0.22750
vt 0.59125 0.22750
f 173/509 174/510 175/511 176/512
vt 2.09500 0.20250
vt 1.99500 0.20250
vt 1.99500 0.22750
vt 2.09500 0.22750
f 169/513 173/514 176/515 172/516
vt 2.09500 0.20250
vt 2.09500 0.22750
vt 1.99500 0.22750
vt 1.99500 0.20250
f 170/517 171/518 175/519 174/520
vt 0.59125 2.09500
vt 0.59125 1.99500
vt 1.02875 1.99500
vt 1.02875 2.09500
f 172/521 176/522 175/523 171/524
vt 0.59125 2.09500
vt 1.02875 2.09500
vt 1.02875 1.99500
vt 0.59125 1.99500
f 169/525 170/526 174/527 173/528
vt 0.98500 -1.48250
vt 1.46500 -1.48250
vt 1.46500 -1.07750
vt 0.98500 -1.07750
f 177/529 180/530 179/531 178/532
vt 0.98500 -1.48250
vt 0.98500 -1.07750
vt 1.46500 -1.07750
vt 1.46500 -1.48250
f 181/533 182/534 183/535 184/536
vt 0.98500 -1.53250
vt 0.98500 -1.48250
vt 1.46500 -1.48250
vt 1.46500 -1.53250
f 177/537 181/538 184/539 180/540
vt 0.98500 -1.53250
vt 1.46500 -1.53250
vt 1.46500 -1.48250
vt 0.98500 -1.48250
f 178/541 179/542 183/543 182/544
vt -1.48250 -1.53250
vt -1.48250 -1.48250
vt -1.07750 -1.48250
vt -1.07750 -1.53250
f 180/545 184/546 183/547 179/548
vt -1.48250 -1.53250
vt -1.07750 -1.53250
vt -1.07750 -1.48250
vt -1.48250 -1.48250
f 177/549 178/550 182/551 181/552
vt -1.49875 0.97750
vt -1.49875 1.00250
vt -1.06125 1.00250
vt -1.06125 0.97750
f 185/553 188/554 187/555 186/556
vt -1.49875 0.97750
vt -1.06125 0.97750
vt -1.06125 1.00250
vt -1.49875 1.00250
f 189/557 190/558 191/559 192/560
vt -1.59500 0.97750
vt -1.49500 0.97750
vt -1.49500 1.00250
vt -1.59500 1.00250
f 185/561 189/562 192/563 188/564
vt -1.59500 0.97750
vt -1.59500 1.00250
vt -1.49500 1.00250
vt -1.49500 0.97750
f 186/565 187/566 191/567 190/568
vt -1.49875 -1.59500
vt -1.49875 -1.49500
vt -1.06125 -1.49500
vt -1.06125 -1.59500
f 188/569 192/570 191/571 187/572
vt -1.49875 -1.59500
vt -1.06125 -1.59500
vt -1.06125 -1.49500
vt -1.49875 -1.49500
f 185/573 186/574 190/575 189/576
vt 0.98500 -1.07750
vt 1.46500 -1.07750
vt 1.46500 -1.48250
vt 0.98500 -1.48250
f 193/577 196/578 195/579 194/580
vt 0.98500 -1.07750
vt 0.98500 -1.48250
vt 1.46500 -1.48250
vt 1.46500 -1.07750
f 197/581 198/582 199/583 200/584
vt 0.98500 1.53250
vt 0.98500 1.48250
vt 1.46500 1.48250
vt 1.46500 1.53250
f 193/585 197/586 200/587 196/588
vt 0.98500 1.53250
vt 1.46500 1.53250
vt 1.46500 1.48250
vt 0.98500 1.48250
f 194/589 195/590 199/591 198/592
vt -1.07750 1.53250
vt -1.07750 1.48250
vt -1.48250 1.48250
vt -1.48250 1.53250
f 196/593 200/594 199/595 195/596
vt -1.07750 1.53250
vt -1.48250 1.53250
vt -1.48250 1.48250
vt -1.07750 1.48250
f 193/597 194/598 198/599 197/600
vt -1.06125 0.97750
vt -1.06125 1.00250
vt -1.49875 1.00250
vt -1.49875 0.97750
f 201/601 204/602 203/603 202/604
vt -1.06125 0.97750
vt -1.49875 0.97750
vt -1.49875 1.00250
vt -1.06125 1.00250
f 205/605 206/606 207/607 208/608
vt 1.59500 0.97750
vt 1.49500 0.97750
vt 1.49500 1.00250
vt 1.59500 1.00250
f 201/609 205/610 208/611 204/612
vt 1.59500 0.97750
vt 1.59500 1.00250
vt 1.49500 1.00250
vt 1.49500 0.97750
f 202/613 203/614 207/615 206/616
vt -1.06125 1.59500
vt -1.06125 1.49500
vt -1.49875 1.49500
vt -1.49875 1.59500
f 204/617 208/618 207/619 203/620
vt -1.06125 1.59500
vt -1.49875 1.59500
vt -1.49875 1.49500
vt -1.06125 1.49500
f 201/621 202/622 206/623 205/624
vt 0.98500 -0.20250
vt 1.46500 -0.20250
vt 1.46500 0.20250
vt 0.98500 0.20250
f 209/625 212/626 211/627 210/628
vt 0.98500 -0.20250
vt 0.98500 0.20250
vt 1.46500 0.20250
vt 1.46500 -0.20250
f 213/629 214/630 215/631 216/632
vt 0.98500 -1.53250
vt 0.98500 -1.48250
vt 1.46500 -1.48250
vt 1.46500 -1.53250
f 209/633 213/634 216/635 212/636
vt 0.98500 -1.53250
vt 1.46500 -1.53250
vt 1.46500 -1.48250
vt 0.98500 -1.48250
f 210/637 211/638 215/639 214/640
vt -0.20250 -1.53250
vt -0.20250 -1.48250
vt 0.20250 -1.48250
vt 0.20250 -1.53250
f 212/641 216/642 215/643 211/644
vt -0.20250 -1.53250
vt 0.20250 -1.53250
vt 0.20250 -1.48250
vt -0.20250 -1.48250
f 209/645 210/646 214/647 213/648
vt -0.21875 0.97750
vt -0.21875 1.00250
vt 0.21875 1.00250
vt 0.21875 0.97750
f 217/649 220/650 219/651 218/652
vt -0.21875 0.97750
vt 0.21875 0.97750
vt 0.21875 1.00250
vt -0.21875 1.00250
f 221/653 222/654 223/655 224/656
vt -1.59500 0.97750
vt -1.49500 0.97750
vt -1.49500 1.00250
vt -1.59500 1.00250
f 217/657 221/658 224/659 220/660
vt -1.59500 0.97750
vt -1.59500 1.00250
vt -1.49500 1.00250
vt -1.49500 0.97750
f 218/661 219/662 223/663 222/664
vt -0.21875 -1.59500
vt -0.21875 -1.49500
vt 0.21875 -1.49500
vt 0.21875 -1.59500
f 220/665 224/666 223/667 219/668
vt -0.21875 -1.59500
vt 0.21875 -1.59500
vt 0.21875 -1.49500
vt -0.21875 -1.49500
f 217/669 218/670 222/671 221/672
vt 0.98500 0.20250
vt 1.46500 0.20250
vt 1.46500 -0.20250
vt 0.98500 -0.20250
f 225/673 228/674 227/675 226/676
vt 0.98500 0.20250
vt 0.98500 -0.20250
vt 1.46500 -0.20250
vt 1.46500 0.20250
f 229/677 230/678 231/679 232/680
vt 0.98500 1.53250
vt 0.98500 1.48250
vt 1.46500 1.48250
vt 1.46500 1.53250
f 225/681 229/682 232/683 228/684
vt 0.98500 1.53250
vt 1.46500 1.53250
vt 1.46500 1.48250
vt 0.98500 1.48250
f 226/685 227/686 231/687 230/688
vt 0.20250 1.53250
vt 0.20250 1.48250
vt -0.20250 1.48250
vt -0.20250 1.53250
f 228/689 232/690 231/691 227/692
vt 0.20250 1.53250
vt -0.20250 1.53250
vt -0.20250 1.48250
vt 0.20250 1.48250
f 225/693 226/694 230/695 229/696
vt 0.21875 0.97750
vt 0.21875 1.00250
vt -0.21875 1.00250
vt -0.21875 0.97750
f 233/697 236/698 235/699 234/700
vt 0.21875 0.97750
vt -0.21875 0.97750
vt -0.21875 1.00250
vt 0.21875 1.00250
f 237/701 238/702 239/703 240/704
vt 1.59500 0.97750
vt 1.49500 0.97750
vt 1.49500 1.00250
vt 1.59500 1.00250
f 233/705 237/706 240/707 236/708
vt 1.59500 0.97750
vt 1.59500 1.00250
vt 1.49500 1.00250
vt 1.49500 0.97750
f 234/709 235/710 239/711 238/712
vt 0.21875 1.59500
vt 0.21875 1.49500
vt -0.21875 1.49500
vt -0.21875 1.59500
f 236/713 240/714 239/715 235/716
vt 0.21875 1.59500
vt -0.21875 1.59500
vt -0.21875 1.49500
vt 0.21875 1.49500
f 233/717 234/718 238/719 237/720
vt 0.98500 1.07750
vt 1.46500 1.07750
vt 1.46500 1.48250
vt 0.98500 1.48250
f 241/721 244/722 243/723 242/724
vt 0.98500 1.07750
vt 0.98500 1.48250
vt 1.46500 1.48250
vt 1.46500 1.07750
f 245/725 246/726 247/727 248/728
vt 0.98500 -1.53250
vt 0.98500 -1.48250
vt 1.46500 -1.48250
vt 1.46500 -1.53250
f 241/729 245/730 248/731 244/732
vt 0.98500 -1.53250
vt 1.46500 -1.53250
vt 1.46500 -1.48250
vt 0.98500 -1.48250
f 242/733 243/734 247/735 246/736
vt 1.07750 -1.53250
vt 1.07750 -1.48250
vt 1.48250 -1.48250
vt 1.48250 -1.53250
f 244/737 248/738 247/739 243/740
vt 1.07750 -1.53250
vt 1.48250 -1.53250
vt 1.48250 -1.48250
vt 1.07750 -1.48250
f 241/741 242/742 246/743 245/744
vt 1.06125 0.97750
vt 1.06125 1.00250
vt 1.49875 1.00250
vt 1.49875 0.97750
f 249/745 252/746 251/747 250/748
vt 1.06125 0.97750
vt 1.49875 0.97750
vt 1.49875 1.00250
vt 1.06125 1.00250
f 253/749 254/750 255/751 256/752
vt -1.59500 0.97750
vt -1.49500 0.97750
vt -1.49500 1.00250
vt -1.59500 1.00250
f 249/753 253/754 256/755 252/756
vt -1.59500 0.97750
vt -1.59500 1.00250
vt -1.49500 1.00250
vt -1.49500 0.97750
f 250/757 251/758 255/759 254/760
vt 1.06125 -1.59500
vt 1.06125 -1.49500
vt 1.49875 -1.49500
vt 1.49875 -1.59500
f 252/761 256/762 255/763 251/764
vt 1.06125 -1.59500
vt 1.49875 -1.59500
vt 1.49875 -1.49500
vt 1.06125 -1.49500
f 249/765 250/766 254/767 253/768
vt 0.98500 1.48250
vt 1.46500 1.48250
vt 1.46500 1.07750
vt 0.98500 1.07750
f 257/769 260/770 259/771 258/772
vt 0.98500 1.48250
vt 0.98500 1.07750
vt 1.46500 1.07750
vt 1.46500 1.48250
f 261/773 262/774 263/775 264/776
vt 0.98500 1.53250
vt 0.98500 1.48250
vt 1.46500 1.48250
vt 1.46500 1.53250
f 257/777 261/778 264/779 260/780
vt 0.98500 1.53250
vt 1.46500 1.53250
vt 1.46500 1.48250
vt 0.98500 1.48250
f 258/781 259/782 263/783 262/784
vt 1.48250 1.53250
vt 1.48250 1.48250
vt 1.07750 1.48250
vt 1.07750 1.53250
f 260/785 264/786 263/787 259/788
vt 1.48250 1.53250
vt 1.07750 1.53250
vt 1.07750 1.48250
vt 1.48250 1.48250
f 257/789 258/790 262/791 261/792
vt 1.49875 0.97750
vt 1.49875 1.00250
vt 1.06125 1.00250
vt 1.06125 0.97750
f 265/793 268/794 267/795 266/796
vt 1.49875 0.97750
vt 1.06125 0.97750
vt 1.06125 1.00250
vt 1.49875 1.00250
f 269/797 270/798 271/799 272/800
vt 1.59500 0.97750
vt 1.49500 0.97750
vt 1.49500 1.00250
vt 1.59500 1.00250
f 265/801 269/802 272/803 268/804
vt 1.59500 0.97750
vt 1.59500 1.00250
vt 1.49500 1.00250
vt 1.49500 0.97750
f 266/805 267/806 271/807 270/808
vt 1.49875 1.59500
vt 1.49875 1.49500
vt 1.06125 1.49500
vt 1.06125 1.59500
f 268/809 272/810 271/811 267/812
vt 1.49875 1.59500
vt 1.06125 1.59500
vt 1.06125 1.49500
vt 1.49875 1.49500
f 265/813 266/814 270/815 269/816
vt 0.98500 -0.60750
vt 1.46500 -0.60750
vt 1.46500 -1.01250
vt 0.98500 -1.01250
f 273/817 276/818 275/819 274/820
vt 0.98500 -0.60750
vt 0.98500 -1.01250
vt 1.46500 -1.01250
vt 1.46500 -0.60750
f 277/821 278/822 279/823 280/824
vt 0.98500 -2.03250
vt 0.98500 -1.98250
vt 1.46500 -1.98250
vt 1.46500 -2.03250
f 273/825 277/826 280/827 276/828
vt 0.98500 -2.03250
vt 1.46500 -2.03250
vt 1.46500 -1.98250
vt 0.98500 -1.98250
f 274/829 275/830 279/831 278/832
vt -0.60750 -2.03250
vt -0.60750 -1.98250
vt -1.01250 -1.98250
vt -1.01250 -2.03250
f 276/833 280/834 279/835 275/836
vt -0.60750 -2.03250
vt -1.01250 -2.03250
vt -1.01250 -1.98250
vt -0.60750 -1.98250
f 273/837 274/838 278/839 277/840
vt -0.59125 0.97750
vt -0.59125 1.00250
vt -1.02875 1.00250
vt -1.02875 0.97750
f 281/841 284/842 283/843 282/844
vt -0.59125 0.97750
vt -1.02875 0.97750
vt -1.02875 1.00250
vt -0.59125 1.00250
f 285/845 286/846 287/847 288/848
vt -2.09500 0.97750
vt -1.99500 0.97750
vt -1.99500 1.00250
vt -2.09500 1.00250
f 281/849 285/850 288/851 284/852
vt -2.09500 0.97750
vt -2.09500 1.00250
vt -1.99500 1.00250
vt -1.99500 0.97750
f 282/853 283/854 287/855 286/856
vt -0.59125 -2.09500
vt -0.59125 -1.99500
vt -1.02875 -1.99500
vt -1.02875 -2.09500
f 284/857 288/858 287/859 283/860
vt -0.59125 -2.09500
vt -1.02875 -2.09500
vt -1.02875 -1.99500
vt -0.59125 -1.99500
f 281/861 282/862 286/863 285/864
vt 0.98500 1.01250
vt 1.46500 1.01250
vt 1.46500 0.60750
vt 0.98500 0.60750
f 289/865 292/866 291/867 290/868
vt 0.98500 1.01250
vt 0.98500 0.60750
vt 1.46500 0.60750
vt 1.46500 1.01250
f 293/869 294/870 295/871 296/872
vt 0.98500 -2.03250
vt 0.98500 -1.98250
vt 1.46500 -1.98250
vt 1.46500 -2.03250
f 289/873 293/874 296/875 292/876
vt 0.98500 -2.03250
vt 1.46500 -2.03250
vt 1.46500 -1.98250
vt 0.98500 -1.98250
f 290/877 291/878 295/879 294/880
vt 1.01250 -2.03250
vt 1.01250 -1.98250
vt 0.60750 -1.98250
vt 0.60750 -2.03250
f 292/881 296/882 295/883 291/884
vt 1.01250 -2.03250
vt 0.60750 -2.03250
vt 0.60750 -1.98250
vt 1.01250 -1.98250
f 289/885 290/886 294/887 293/888
vt 1.02875 0.97750
vt 1.02875 1.00250
vt 0.59125 1.00250
vt 0.59125 0.97750
f 297/889 300/890 299/891 298/892
vt 1.02875 0.97750
vt 0.59125 0.97750
vt 0.59125 1.00250
vt 1.02875 1.00250
f 301/893 302/894 303/895 304/896
vt -2.09500 0.97750
vt -1.99500 0.97750
vt -1.99500 1.00250
vt -2.09500 1.00250
f 297/897 301/898 304/899 300/900
vt -2.09500 0.97750
vt -2.09500 1.00250
vt -1.99500 1.00250
vt -1.99500 0.97750
f 298/901 299/902 303/903 302/904
vt 1.02875 -2.09500
vt 1.02875 -1.99500
vt 0.59125 -1.99500
vt 0.59125 -2.09500
f 300/905 304/906 303/907 299/908
vt 1.02875 -2.09500
vt 0.59125 -2.09500
vt 0.59125 -1.99500
vt 1.02875 -1.99500
f 297/909 298/910 302/911 301/912
vt 0.98500 -1.01250
vt 1.46500 -1.01250
vt 1.46500 -0.60750
vt 0.98500 -0.60750
f 305/913 308/914 307/915 306/916
vt 0.98500 -1.01250
vt 0.98500 -0.60750
vt 1.46500 -0.60750
vt 1.46500 -1.01250
f 309/917 310/918 311/919 312/920
vt 0.98500 2.03250
vt 0.98500 1.98250
vt 1.46500 1.98250
vt 1.46500 2.03250
f 305/921 309/922 312/923 308/924
vt 0.98500 2.03250
vt 1.46500 2.03250
vt 1.46500 1.98250
vt 0.98500 1.98250
f 306/925 307/926 311/927 310/928
vt -1.01250 2.03250
vt -1.01250 1.98250
vt -0.60750 1.98250
vt -0.60750 2.03250
f 308/929 312/930 311/931 307/932
vt -1.01250 2.03250
vt -0.60750 2.03250
vt -0.60750 1.98250
vt -1.01250 1.98250
f 305/933 306/934 310/935 309/936
vt -1.02875 0.97750
vt -1.02875 1.00250
vt -0.59125 1.00250
vt -0.59125 0.97750
f 313/937 316/938 315/939 314/940
vt -1.02875 0.97750
vt -0.59125 0.97750
vt -0.59125 1.00250
vt -1.02875 1.00250
f 317/941 318/942 319/943 320/944
vt 2.09500 0.97750
vt 1.99500 0.97750
vt 1.99500 1.00250
vt 2.09500 1.00250
f 313/945 317/946 320/947 316/948
vt 2.09500 0.97750
vt 2.09500 1.00250
vt 1.99500 1.00250
vt 1.99500 0.97750
f 314/949 315/950 319/951 318/952
vt -1.02875 2.09500
vt -1.02875 1.99500
vt -0.59125 1.99500
vt -0.59125 2.09500
f 316/953 320/954 319/955 315/956
vt -1.02875 2.09500
vt -0.59125 2.09500
vt -0.59125 1.99500
vt -1.02875 1.99500
f 313/957 314/958 318/959 317/960
vt 0.98500 0.60750
vt 1.46500 0.60750
vt 1.46500 1.01250
vt 0.98500 1.01250
f 321/961 324/962 323/963 322/964
vt 0.98500 0.60750
vt 0.98500 1.01250
vt 1.46500 1.01250
vt 1.46500 0.60750
f 325/965 326/966 327/967 328/968
vt 0.98500 2.03250
vt 0.98500 1.98250
vt 1.46500 1.98250
vt 1.46500 2.03250
f 321/969 325/970 328/971 324/972
vt 0.98500 2.03250
vt 1.46500 2.03250
vt 1.46500 1.98250
vt 0.98500 1.98250
f 322/973 323/974 327/975 326/976
vt 0.60750 2.03250
vt 0.60750 1.98250
vt 1.01250 1.98250
vt 1.01250 2.03250
f 324/977 328/978 327/979 323/980
vt 0.60750 2.03250
vt 1.01250 2.03250
vt 1.01250 1.98250
vt 0.60750 1.98250
f 321/981 322/982 326/983 325/984
vt 0.59125 0.97750
vt 0.59125 1.00250
vt 1.02875 1.00250
vt 1.02875 0.97750
f 329/985 332/986 331/987 330/988
vt 0.59125 0.97750
vt 1.02875 0.97750
vt 1.02875 1.00250
vt 0.59125 1.00250
f 333/989 334/990 335/991 336/992
vt 2.09500 0.97750
vt 1.99500 0.97750
vt 1.99500 1.00250
vt 2.09500 1.00250
f 329/993 333/994 336/995 332/996
vt 2.09500 0.97750
vt 2.09500 1.00250
vt 1.99500 1.00250
vt 1.99500 0.97750
f 330/997 331/998 335/999 334/1000
vt 0.59125 2.09500
vt 0.59125 1.99500
vt 1.02875 1.99500
vt 1.02875 2.09500
f 332/1001 336/1002 335/1003 331/1004
vt 0.59125 2.09500
vt 1.02875 2.09500
vt 1.02875 1.99500
vt 0.59125 1.99500
f 329/1005 330/1006 334/1007 333/1008
vt 1.76000 -1.48250
vt 2.24000 -1.48250
vt 2.24000 -1.07750
vt 1.76000 -1.07750
f 337/1009 340/1010 339/1011 338/1012
vt 1.76000 -1.48250
vt 1.76000 -1.07750
vt 2.24000 -1.07750
vt 2.24000 -1.48250
f 341/1013 342/1014 343/1015 344/1016
vt 1.76000 -1.53250
vt 1.76000 -1.48250
vt 2.24000 -1.48250
vt 2.24000 -1.53250
f 337/1017 341/1018 344/1019 340/1020
vt 1.76000 -1.53250
vt 2.24000 -1.53250
vt 2.24000 -1.48250
vt 1.76000 -1.48250
f 338/1021 339/1022 343/1023 342/1024
vt -1.48250 -1.53250
vt -1.48250 -1.48250
vt -1.07750 -1.48250
vt -1.07750 -1.53250
f 340/1025 344/1026 343/1027 339/1028
vt -1.48250 -1.53250
vt -1.07750 -1.53250
vt -1.07750 -1.48250
vt -1.48250 -1.48250
f 337/1029 338/1030 342/1031 341/1032
vt -1.49875 1.75250
vt -1.49875 1.77750
vt -1.06125 1.77750
vt -1.06125 1.75250
f 345/1033 348/1034 347/1035 346/1036
vt -1.49875 1.75250
vt -1.06125 1.75250
vt -1.06125 1.77750
vt -1.49875 1.77750
f 349/1037 350/1038 351/1039 352/1040
vt -1.59500 1.75250
vt -1.49500 1.75250
vt -1.49500 1.77750
vt -1.59500 1.77750
f 345/1041 349/1042 352/1043 348/1044
vt -1.59500 1.75250
vt -1.59500 1.77750
vt -1.49500 1.77750
vt -1.49500 1.75250
f 346/1045 347/1046 351/1047 350/1048
vt -1.49875 -1.59500
vt -1.49875 -1.49500
vt -1.06125 -1.49500
vt -1.06125 -1.59500
f 348/1049 352/1050 351/1051 347/1052
vt -1.49875 -1.59500
vt -1.06125 -1.59500
vt -1.06125 -1.49500
vt -1.49875 -1.49500
f 345/1053 346/1054 350/1055 349/1056
vt 1.76000 -1.07750
vt 2.24000 -1.07750
vt 2.24000 -1.48250
vt 1.76000 -1.48250
f 353/1057 356/1058 355/1059 354/1060
vt 1.76000 -1.07750
vt 1.76000 -1.48250
vt 2.24000 -1.48250
vt 2.24000 -1.07750
f 357/1061 358/1062 359/1063 360/1064
vt 1.76000 1.53250
vt 1.76000 1.48250
vt 2.24000 1.48250
vt 2.24000 1.53250
f 353/1065 357/1066 360/1067 356/1068
vt 1.76000 1.53250
vt 2.24000 1.53250
vt 2.24000 1.48250
vt 1.76000 1.48250
f 354/1069 355/1070 359/1071 358/1072
vt -1.07750 1.53250
vt -1.07750 1.48250
vt -1.48250 1.48250
vt -1.48250 1.53250
f 356/1073 360/1074 359/1075 355/1076
vt -1.07750 1.53250
vt -1.48250 1.53250
vt -1.48250 1.48250
vt -1.07750 1.48250
f 353/1077 354/1078 358/1079 357/1080
vt -1.06125 1.75250
vt -1.06125 1.77750
vt -1.49875 1.77750
vt -1.49875 1.75250
f 361/1081 364/1082 363/1083 362/1084
vt -1.06125 1.75250
vt -1.49875 1.75250
vt -1.49875 1.77750
vt -1.06125 1.77750
f 365/1085 366/1086 367/1087 368/1088
vt 1.59500 1.75250
vt 1.49500 1.75250
vt 1.49500 1.77750
vt 1.59500 1.77750
f 361/1089 365/1090 368/1091 364/1092
vt 1.59500 1.75250
vt 1.59500 1.77750
vt 1.49500 1.77750
vt 1.49500 1.75250
f 362/1093 363/1094 367/1095 366/1096
vt -1.06125 1.59500
vt -1.06125 1.49500
vt -1.49875 1.49500
vt -1.49875 1.59500
f 364/1097 368/1098 367/1099 363/1100
vt -1.06125 1.59500
vt -1.49875 1.59500
vt -1.49875 1.49500
vt -1.06125 1.49500
f 361/1101 362/1102 366/1103 365/1104
vt 1.76000 -0.20250
vt 2.24000 -0.20250
vt 2.24000 0.20250
vt 1.76000 0.20250
f 369/1105 372/1106 371/1107 370/1108
vt 1.76000 -0.20250
vt 1.76000 0.20250
vt 2.24000 0.20250
vt 2.24000 -0.20250
f 373/1109 374/1110 375/1111 376/1112
vt 1.76000 -1.53250
vt 1.76000 -1.48250
vt 2.24000 -1.48250
vt 2.24000 -1.53250
f 369/1113 373/1114 376/1115 372/1116
vt 1.76000 -1.53250
vt 2.24000 -1.53250
vt 2.24000 -1.48250
vt 1.76000 -1.48250
f 370/1117 371/1118 375/1119 374/1120
vt -0.20250 -1.53250
vt -0.20250 -1.48250
vt 0.20250 -1.48250
vt 0.20250 -1.53250
f 372/1121 376/1122 375/1123 371/1124
vt -0.20250 -1.53250
vt 0.20250 -1.53250
vt 0.20250 -1.48250
vt -0.20250 -1.48250
f 369/1125 370/1126 374/1127 373/1128
vt -0.21875 1.75250
vt -0.21875 1.77750
vt 0.21875 1.77750
vt 0.21875 1.75250
f 377/1129 380/1130 379/1131 378/1132
vt -0.21875 1.75250
vt 0.21875 1.75250
vt 0.21875 1.77750
vt -0.21875 1.77750
f 381/1133 382/1134 383/1135 384/1136
vt -1.59500 1.75250
vt -1.49500 1.75250
vt -1.49500 1.77750
vt -1.59500 1.77750
f 377/1137 381/1138 384/1139 380/1140
vt -1.59500 1.75250
vt -1.59500 1.77750
vt -1.49500 1.77750
vt -1.49500 1.75250
f 378/1141 379/1142 383/1143 382/1144
vt -0.21875 -1.59500
vt -0.21875 -1.49500
vt 0.21875 -1.49500
vt 0.21875 -1.59500
f 380/1145 384/1146 383/1147 379/1148
vt -0.21875 -1.59500
vt 0.21875 -1.59500
vt 0.21875 -1.49500
vt -0.21875 -1.49500
f 377/1149 378/1150 382/1151 381/1152
vt 1.76000 0.20250
vt 2.24000 0.20250
vt 2.24000 -0.20250
vt 1.76000 -0.20250
f 385/1153 388/1154 387/1155 386/1156
vt 1.76000 0.20250
vt 1.76000 -0.20250
vt 2.24000 -0.20250
vt 2.24000 0.20250
f 389/1157 390/1158 391/1159 392/1160
vt 1.76000 1.53250
vt 1.76000 1.48250
vt 2.24000 1.48250
vt 2.24000 1.53250
f 385/1161 389/1162 392/1163 388/1164
vt 1.76000 1.53250
vt 2.24000 1.53250
vt 2.24000 1.48250
vt 1.76000 1.48250
f 386/1165 387/1166 391/1167 390/1168
vt 0.20250 1.53250
vt 0.20250 1.48250
vt -0.20250 1.48250
vt -0.20250 1.53250
f 388/1169 392/1170 391/1171 387/1172
vt 0.20250 1.53250
vt -0.20250 1.53250
vt -0.20250 1.48250
vt 0.20250 1.48250
f 385/1173 386/1174 390/1175 389/1176
vt 0.21875 1.75250
vt 0.21875 1.77750
vt -0.21875 1.77750
vt -0.21875 1.75250
f 393/1177 396/1178 395/1179 394/1180
vt 0.21875 1.75250
vt -0.21875 1.75250
vt -0.21875 1.77750
vt 0.21875 1.77750
f 397/1181 398/1182 399/1183 400/1184
vt 1.59500 1.75250
vt 1.49500 1.75250
vt 1.49500 1.77750
vt 1.59500 1.77750
f 393/1185 397/1186 400/1187 396/1188
vt 1.59500 1.75250
vt 1.59500 1.77750
vt 1.49500 1.77750
vt 1.49500 1.75250
f 394/1189 395/1190 399/1191 398/1192
vt 0.21875 1.59500
vt 0.21875 1.49500
vt -0.21875 1.49500
vt -0.21875 1.59500
f 396/1193 400/1194 399/1195 395/1196
vt 0.21875 1.59500
vt -0.21875 1.59500
vt -0.21875 1.49500
vt 0.21875 1.49500
f 393/1197 394/1198 398/1199 397/1200
vt 1.76000 1.07750
vt 2.24000 1.07750
vt 2.24000 1.48250
vt 1.76000 1.48250
f 401/1201 404/1202 403/1203 402/1204
vt 1.76000 1.07750
vt 1.76000 1.48250
vt 2.24000 1.48250
vt 2.24000 1.07750
f 405/1205 406/1206 407/1207 408/1208
vt 1.76000 -1.53250
vt 1.76000 -1.48250
vt 2.24000 -1.48250
vt 2.24000 -1.53250
f 401/1209 405/1210 408/1211 404/1212
vt 1.76000 -1.53250
vt 2.24000 -1.53250
vt 2.24000 -1.48250
vt 1.76000 -1.48250
f 402/1213 403/1214 407/1215 406/1216
vt 1.07750 -1.53250
vt 1.07750 -1.48250
vt 1.48250 -1.48250
vt 1.48250 -1.53250
f 404/1217 408/1218 407/1219 403/1220
vt 1.07750 -1.53250
vt 1.48250 -1.53250
vt 1.48250 -1.48250
vt 1.07750 -1.48250
f 401/1221 402/1222 406/1223 405/1224
vt 1.06125 1.75250
vt 1.06125 1.77750
vt 1.49875 1.77750
vt 1.49875 1.75250
f 409/1225 412/1226 411/1227 410/1228
vt 1.06125 1.75250
vt 1.49875 1.75250
vt 1.49875 1.77750
vt 1.06125 1.77750
f 413/1229 414/1230 415/1231 416/1232
vt -1.59500 1.75250
vt -1.49500 1.75250
vt -1.49500 1.77750
vt -1.59500 1.77750
f 409/1233 413/1234 416/1235 412/1236
vt -1.59500 1.75250
vt -1.59500 1.77750
vt -1.49500 1.77750
vt -1.49500 1.75250
f 410/1237 411/1238 415/1239 414/1240
vt 1.06125 -1.59500
vt 1.06125 -1.49500
vt 1.49875 -1.49500
vt 1.49875 -1.59500
f 412/1241 416/1242 415/1243 411/1244
vt 1.06125 -1.59500
vt 1.49875 -1.59500
vt 1.49875 -1.49500
vt 1.06125 -1.49500
f 409/1245 410/1246 414/1247 413/1248
vt 1.76000 1.48250
vt 2.24000 1.48250
vt 2.24000 1.07750
vt 1.76000 1.07750
f 417/1249 420/1250 419/1251 418/1252
vt 1.76000 1.48250
vt 1.76000 1.07750
vt 2.24000 1.07750
vt 2.24000 1.48250
f 421/1253 422/1254 423/1255 424/1256
vt 1.76000 1.53250
vt 1.76000 1.48250
vt 2.24000 1.48250
vt 2.24000 1.53250
f 417/1257 421/1258 424/1259 420/1260
vt 1.76000 1.53250
vt 2.24000 1.53250
vt 2.24000 1.48250
vt 1.76000 1.48250
f 418/1261 419/1262 423/1263 422/1264
vt 1.48250 1.53250
vt 1.48250 1.48250
vt 1.07750 1.48250
vt 1.07750 1.53250
f 420/1265 424/1266 423/1267 419/1268
vt 1.48250 1.53250
vt 1.07750 1.53250
vt 1.07750 1.48250
vt 1.48250 1.48250
f 417/1269 418/1270 422/1271 421/1272
vt 1.49875 1.75250
vt 1.49875 1.77750
vt 1.06125 1.77750
vt 1.06125 1.75250
f 425/1273 428/1274 427/1275 426/1276
vt 1.49875 1.75250
vt 1.06125 1.75250
vt 1.06125 1.77750
vt 1.49875 1.77750
f 429/1277 430/1278 431/1279 432/1280
vt 1.59500 1.75250
vt 1.49500 1.75250
vt 1.49500 1.77750
vt 1.59500 1.77750
f 425/1281 429/1282 432/1283 428/1284
vt 1.59500 1.75250
vt 1.59500 1.77750
vt 1.49500 1.77750
vt 1.49500 1.75250
f 426/1285 427/1286 431/1287 430/1288
vt 1.49875 1.59500
vt 1.49875 1.49500
vt 1.06125 1.49500
vt 1.06125 1.59500
f 428/1289 432/1290 431/1291 427/1292
vt 1.49875 1.59500
vt 1.06125 1.59500
vt 1.06125 1.49500
vt 1.49875 1.49500
f 425/1293 426/1294 430/1295 429/1296
vt 1.76000 -0.60750
vt 2.24000 -0.60750
vt 2.24000 -1.01250
vt 1.76000 -1.01250
f 433/1297 436/1298 435/1299 434/1300
vt 1.76000 -0.60750
vt 1.76000 -1.01250
vt 2.24000 -1.01250
vt 2.24000 -0.60750
f 437/1301 438/1302 439/1303 440/1304
vt 1.76000 -2.03250
vt 1.76000 -1.98250
vt 2.24000 -1.98250
vt 2.24000 -2.03250
f 433/1305 437/1306 440/1307 436/1308
vt 1.76000 -2.03250
vt 2.24000 -2.03250
vt 2.24000 -1.98250
vt 1.76000 -1.98250
f 434/1309 435/1310 439/1311 438/1312
vt -0.60750 -2.03250
vt -0.60750 -1.98250
vt -1.01250 -1.98250
vt -1.01250 -2.03250
f 436/1313 440/1314 439/1315 435/1316
vt -0.60750 -2.03250
vt -1.01250 -2.03250
vt -1.01250 -1.98250
vt -0.60750 -1.98250
f 433/1317 434/1318 438/1319 437/1320
vt -0.59125 1.75250
vt -0.59125 1.77750
vt -1.02875 1.77750
vt -1.02875 1.75250
f 441/1321 444/1322 443/1323 442/1324
vt -0.59125 1.75250
vt -1.02875 1.75250
vt -1.02875 1.77750
vt -0.59125 1.77750
f 445/1325 446/1326 447/1327 448/1328
vt -2.09500 1.75250
vt -1.99500 1.75250
vt -1.99500 1.77750
vt -2.09500 1.77750
f 441/1329 445/1330 448/1331 444/1332
vt -2.09500 1.75250
vt -2.09500 1.77750
vt -1.99500 1.77750
vt -1.99500 1.75250
f 442/1333 443/1334 447/1335 446/1336
vt -0.59125 -2.09500
vt -0.59125 -1.99500
vt -1.02875 -1.99500
vt -1.02875 -2.09500
f 444/1337 448/1338 447/1339 443/1340
vt -0.59125 -2.09500
vt -1.02875 -2.09500
vt -1.02875 -1.99500
vt -0.59125 -1.99500
f 441/1341 442/1342 446/1343 445/1344
vt 1.76000 1.01250
vt 2.24000 1.01250
vt 2.24000 0.60750
vt 1.76000 0.60750
f 449/1345 452/1346 451/1347 450/1348
vt 1.76000 1.01250
vt 1.76000 0.60750
vt 2.24000 0.60750
vt 2.24000 1.01250
f 453/1349 454/1350 455/1351 456/1352
vt 1.76000 -2.03250
vt 1.76000 -1.98250
vt 2.24000 -1.98250
vt 2.24000 -2.03250
f 449/1353 453/1354 456/1355 452/1356
vt 1.76000 -2.03250
vt 2.24000 -2.03250
vt 2.24000 -1.98250
vt 1.76000 -1.98250
f 450/1357 451/1358 455/1359 454/1360
vt 1.01250 -2.03250
vt 1.01250 -1.98250
vt 0.60750 -1.98250
vt 0.60750 -2.03250
f 452/1361 456/1362 455/1363 451/1364
vt 1.01250 -2.03250
vt 0.60750 -2.03250
vt 0.60750 -1.98250
vt 1.01250 -1.98250
f 449/1365 450/1366 454/1367 453/1368
vt 1.02875 1.75250
vt 1.02875 1.77750
vt 0.59125 1.77750
vt 0.59125 1.75250
f 457/1369 460/1370 459/1371 458/1372
vt 1.02875 1.75250
vt 0.59125 1.75250
vt 0.59125 1.77750
vt 1.02875 1.77750
f 461/1373 462/1374 463/1375 464/1376
vt -2.09500 1.75250
vt -1.99500 1.75250
vt -1.99500 1.77750
vt -2.09500 1.77750
f 457/1377 461/1378 464/1379 460/1380
vt -2.09500 1.75250
vt -2.09500 1.77750
vt -1.99500 1.77750
vt -1.99500 1.75250
f 458/1381 459/1382 463/1383 462/1384
vt 1.02875 -2.09500
vt 1.02875 -1.99500
vt 0.59125 -1.99500
vt 0.59125 -2.09500
f 460/1385 464/1386 463/1387 459/1388
vt 1.02875 -2.09500
vt 0.59125 -2.09500
vt 0.59125 -1.99500
vt 1.02875 -1.99500
f 457/1389 458/1390 462/1391 461/1392
vt 1.76000 -1.01250
vt 2.24000 -1.01250
vt 2.24000 -0.60750
vt 1.76000 -0.60750
f 465/1393 468/1394 467/1395 466/1396
vt 1.76000 -1.01250
vt 1.76000 -0.60750
vt 2.24000 -0.60750
vt 2.24000 -1.01250
f 469/1397 470/1398 471/1399 472/1400
vt 1.76000 2.03250
vt 1.76000 1.98250
vt 2.24000 1.98250
vt 2.24000 2.03250
f 465/1401 469/1402 472/1403 468/1404
vt 1.76000 2.03250
vt 2.24000 2.03250
vt 2.24000 1.98250
vt 1.76000 1.98250
f 466/1405 467/1406 471/1407 470/1408
vt -1.01250 2.03250
vt -1.01250 1.98250
vt -0.60750 1.98250
vt -0.60750 2.03250
f 468/1409 472/1410 471/1411 467/1412
vt -1.01250 2.03250
vt -0.60750 2.03250
vt -0.60750 1.98250
vt -1.01250 1.98250
f 465/1413 466/1414 470/1415 469/1416
vt -1.02875 1.75250
vt -1.02875 1.77750
vt -0.59125 1.77750
vt -0.59125 1.75250
f 473/1417 476/1418 475/1419 474/1420
vt -1.02875 1.75250
vt -0.59125 1.75250
vt -0.59125 1.77750
vt -1.02875 1.77750
f 477/1421 478/1422 479/1423 480/1424
vt 2.09500 1.75250
vt 1.99500 1.75250
vt 1.99500 1.77750
vt 2.09500 1.77750
f 473/1425 477/1426 480/1427 476/1428
vt 2.09500 1.75250
vt 2.09500 1.77750
vt 1.99500 1.77750
vt 1.99500 1.75250
f 474/1429 475/1430 479/1431 478/1432
vt -1.02875 2.09500
vt -1.02875 1.99500
vt -0.59125 1.99500
vt -0.59125 2.09500
f 476/1433 480/1434 479/1435 475/1436
vt -1.02875 2.09500
vt -0.59125 2.09500
vt -0.59125 1.99500
vt -1.02875 1.99500
f 473/1437 474/1438 478/1439 477/1440
vt 1.76000 0.60750
vt 2.24000 0.60750
vt 2.24000 1.01250
vt 1.76000 1.01250
f 481/1441 484/1442 483/1443 482/1444
vt 1.76000 0.60750
vt 1.76000 1.01250
vt 2.24000 1.01250
vt 2.24000 0.60750
f 485/1445 486/1446 487/1447 488/1448
vt 1.76000 2.03250
vt 1.76000 1.98250
vt 2.24000 1.98250
vt 2.24000 2.03250
f 481/1449 485/1450 488/1451 484/1452
vt 1.76000 2.03250
vt 2.24000 2.03250
vt 2.24000 1.98250
vt 1.76000 1.98250
f 482/1453 483/1454 487/1455 486/1456
vt 0.60750 2.03250
vt 0.60750 1.98250
vt 1.01250 1.98250
vt 1.01250 2.03250
f 484/1457 488/1458 487/1459 483/1460
vt 0.60750 2.03250
vt 1.01250 2.03250
vt 1.01250 1.98250
vt 0.60750 1.98250
f 481/1461 482/1462 486/1463 485/1464
vt 0.59125 1.75250
vt 0.59125 1.77750
vt 1.02875 1.77750
vt 1.02875 1.75250
f 489/1465 492/1466 491/1467 490/1468
vt 0.59125 1.75250
vt 1.02875 1.75250
vt 1.02875 1.77750
vt 0.59125 1.77750
f 493/1469 494/1470 495/1471 496/1472
vt 2.09500 1.75250
vt 1.99500 1.75250
vt 1.99500 1.77750
vt 2.09500 1.77750
f 489/1473 493/1474 496/1475 492/1476
vt 2.09500 1.75250
vt 2.09500 1.77750
vt 1.99500 1.77750
vt 1.99500 1.75250
f 490/1477 491/1478 495/1479 494/1480
vt 0.59125 2.09500
vt 0.59125 1.99500
vt 1.02875 1.99500
vt 1.02875 2.09500
f 492/1481 496/1482 495/1483 491/1484
vt 0.59125 2.09500
vt 1.02875 2.09500
vt 1.02875 1.99500
vt 0.59125 1.99500
f 489/1485 490/1486 494/1487 493/1488
vt 0.00000 -0.21250
vt 0.67500 -0.21250
vt 0.67500 0.21250
vt 0.00000 0.21250
f 497/1489 500/1490 499/1491 498/1492
vt 0.00000 -0.21250
vt 0.00000 0.21250
vt 0.67500 0.21250
vt 0.67500 -0.21250
f 501/1493 502/1494 503/1495 504/1496
vt 0.00000 -1.55375
vt 0.00000 -1.49125
vt 0.67500 -1.49125
vt 0.67500 -1.55375
f 497/1497 501/1498 504/1499 500/1500
vt 0.00000 -1.55375
vt 0.67500 -1.55375
vt 0.67500 -1.49125
vt 0.00000 -1.49125
f 498/1501 499/1502 503/1503 502/1504
vt -0.21250 -1.55375
vt -0.21250 -1.49125
vt 0.21250 -1.49125
vt 0.21250 -1.55375
f 500/1505 504/1506 503/1507 499/1508
vt -0.21250 -1.55375
vt 0.21250 -1.55375
vt 0.21250 -1.49125
vt -0.21250 -1.49125
f 497/1509 498/1510 502/1511 501/1512
vt 0.25000 0.08312
vt 0.35000 0.08312
vt 0.35000 0.09187
vt 0.25000 0.09187
f 505/1513 508/1514 507/1515 506/1516
vt 0.25000 0.08312
vt 0.25000 0.09187
vt 0.35000 0.09187
vt 0.35000 0.08312
f 509/1517 510/1518 511/1519 512/1520
vt 0.25000 -1.59125
vt 0.25000 -1.57875
vt 0.35000 -1.57875
vt 0.35000 -1.59125
f 505/1521 509/1522 512/1523 508/1524
vt 0.25000 -1.59125
vt 0.35000 -1.59125
vt 0.35000 -1.57875
vt 0.25000 -1.57875
f 506/1525 507/1526 511/1527 510/1528
vt -1.59125 0.08312
vt -1.57875 0.08312
vt -1.57875 0.09187
vt -1.59125 0.09187
f 508/1529 512/1530 511/1531 507/1532
vt -1.59125 0.08312
vt -1.59125 0.09187
vt -1.57875 0.09187
vt -1.57875 0.08312
f 505/1533 506/1534 510/1535 509/1536
vt 2.35125 -2.01875
vt 2.46375 -2.01875
vt 2.46375 -1.98125
vt 2.35125 -1.98125
f 513/1537 516/1538 515/1539 514/1540
vt 2.35125 -2.01875
vt 2.35125 -1.98125
vt 2.46375 -1.98125
vt 2.46375 -2.01875
f 517/1541 518/1542 519/1543 520/1544
vt -1.50000 2.35125
vt 1.50000 2.35125
vt 1.50000 2.46375
vt -1.50000 2.46375
f 513/1545 517/1546 520/1547 516/1548
vt -1.50000 2.35125
vt -1.50000 2.46375
vt 1.50000 2.46375
vt 1.50000 2.35125
f 514/1549 515/1550 519/1551 518/1552
vt -1.50000 -2.01875
vt 1.50000 -2.01875
vt 1.50000 -1.98125
vt -1.50000 -1.98125
f 516/1553 520/1554 519/1555 515/1556
vt -1.50000 -2.01875
vt -1.50000 -1.98125
vt 1.50000 -1.98125
vt 1.50000 -2.01875
f 513/1557 514/1558 518/1559 517/1560
vt 2.35125 1.98125
vt 2.46375 1.98125
vt 2.46375 2.01875
vt 2.35125 2.01875
f 521/1561 524/1562 523/1563 522/1564
vt 2.35125 1.98125
vt 2.35125 2.01875
vt 2.46375 2.01875
vt 2.46375 1.98125
f 525/1565 526/1566 527/1567 528/1568
vt -1.50000 2.35125
vt 1.50000 2.35125
vt 1.50000 2.46375
vt -1.50000 2.46375
f 521/1569 525/1570 528/1571 524/1572
vt -1.50000 2.35125
vt -1.50000 2.46375
vt 1.50000 2.46375
vt 1.50000 2.35125
f 522/1573 523/1574 527/1575 526/1576
vt -1.50000 1.98125
vt 1.50000 1.98125
vt 1.50000 2.01875
vt -1.50000 2.01875
f 524/1577 528/1578 527/1579 523/1580
vt -1.50000 1.98125
vt -1.50000 2.01875
vt 1.50000 2.01875
vt 1.50000 1.98125
f 521/1581 522/1582 526/1583 525/1584
vt -2.00000 2.35125
vt -2.00000 2.46375
vt 2.00000 2.46375
vt 2.00000 2.35125
f 529/1585 532/1586 531/1587 530/1588
vt -2.00000 2.35125
vt 2.00000 2.35125
vt 2.00000 2.46375
vt -2.00000 2.46375
f 533/1589 534/1590 535/1591 536/1592
vt 2.35125 -1.51875
vt 2.35125 -1.48125
vt 2.46375 -1.48125
vt 2.46375 -1.51875
f 529/1593 533/1594 536/1595 532/1596
vt 2.35125 -1.51875
vt 2.46375 -1.51875
vt 2.46375 -1.48125
vt 2.35125 -1.48125
f 530/1597 531/1598 535/1599 534/1600
vt -2.00000 -1.51875
vt -2.00000 -1.48125
vt 2.00000 -1.48125
vt 2.00000 -1.51875
f 532/1601 536/1602 535/1603 531/1604
vt -2.00000 -1.51875
vt 2.00000 -1.51875
vt 2.00000 -1.48125
vt -2.00000 -1.48125
f 529/1605 530/1606 534/1607 533/1608
vt -2.00000 2.35125
vt -2.00000 2.46375
vt 2.00000 2.46375
vt 2.00000 2.35125
f 537/1609 540/1610 539/1611 538/1612
vt -2.00000 2.35125
vt 2.00000 2.35125
vt 2.00000 2.46375
vt -2.00000 2.46375
f 541/1613 542/1614 543/1615 544/1616
vt 2.35125 1.48125
vt 2.35125 1.51875
vt 2.46375 1.51875
vt 2.46375 1.48125
f 537/1617 541/1618 544/1619 540/1620
vt 2.35125 1.48125
vt 2.46375 1.48125
vt 2.46375 1.51875
vt 2.35125 1.51875
f 538/1621 539/1622 543/1623 542/1624
vt -2.00000 1.48125
vt -2.00000 1.51875
vt 2.00000 1.51875
vt 2.00000 1.48125
f 540/1625 544/1626 543/1627 539/1628
vt -2.00000 1.48125
vt 2.00000 1.48125
vt 2.00000 1.51875
vt -2.00000 1.51875
f 537/1629 538/1630 542/1631 541/1632
o Glass
usemtl Glass
v -5.82000 0.95000 -6.16500
v -4.42000 0.95000 -6.16500
v -4.42000 2.65000 -6.16500
v -5.82000 2.65000 -6.16500
v -5.82000 0.95000 -6.12500
v -4.42000 0.95000 -6.12500
v -4.42000 2.65000 -6.12500
v -5.82000 2.65000 -6.12500
v -4.42000 0.95000 6.16500
v -5.82000 0.95000 6.16500
v -5.82000 2.65000 6.16500
v -4.42000 2.65000 6.16500
v -4.42000 0.95000 6.12500
v -5.82000 0.95000 6.12500
v -5.82000 2.65000 6.12500
v -4.42000 2.65000 6.12500
v 4.42000 0.95000 -6.16500
v 5.82000 0.95000 -6.16500
v 5.82000 2.65000 -6.16500
v 4.42000 2.65000 -6.16500
v 4.42000 0.95000 -6.12500
v 5.82000 0.95000 -6.12500
v 5.82000 2.65000 -6.12500
v 4.42000 2.65000 -6.12500
v 5.82000 0.95000 6.16500
v 4.42000 0.95000 6.16500
v 4.42000 2.65000 6.16500
v 5.82000 2.65000 6.16500
v 5.82000 0.95000 6.12500
v 4.42000 0.95000 6.12500
v 4.42000 2.65000 6.12500
v 5.82000 2.65000 6.12500
v -8.16500 0.95000 -2.54000
v -8.16500 0.95000 -3.94000
v -8.16500 2.65000 -3.94000
v -8.16500 2.65000 -2.54000
v -8.12500 0.95000 -2.54000
v -8.12500 0.95000 -3.94000
v -8.12500 2.65000 -3.94000
v -8.12500 2.65000 -2.54000
v -8.16500 0.95000 3.94000
v -8.16500 0.95000 2.54000
v -8.16500 2.65000 2.54000
v -8.16500 2.65000 3.94000
v -8.12500 0.95000 3.94000
v -8.12500 0.95000 2.54000
v -8.12500 2.65000 2.54000
v -8.12500 2.65000 3.94000
v 8.16500 0.95000 -3.94000
v 8.16500 0.95000 -2.54000
v 8.16500 2.65000 -2.54000
v 8.16500 2.65000 -3.94000
v 8.12500 0.95000 -3.94000
v 8.12500 0.95000 -2.54000
v 8.12500 2.65000 -2.54000
v 8.12500 2.65000 -3.94000
v 8.16500 0.95000 2.54000
v 8.16500 0.95000 3.94000
v 8.16500 2.65000 3.94000
v 8.16500 2.65000 2.54000
v 8.12500 0.95000 2.54000
v 8.12500 0.95000 3.94000
v 8.12500 2.65000 3.94000
v 8.12500 2.65000 2.54000
v -5.82000 4.05000 -6.16500
v -4.42000 4.05000 -6.16500
v -4.42000 5.75000 -6.16500
v -5.82000 5.75000 -6.16500
v -5.82000 4.05000 -6.12500
v -4.42000 4.05000 -6.12500
v -4.42000 5.75000 -6.12500
v -5.82000 5.75000 -6.12500
v -4.42000 4.05000 6.16500
v -5.82000 4.05000 6.16500
v -5.82000 5.75000 6.16500
v -4.42000 5.75000 6.16500
v -4.42000 4.05000 6.12500
v -5.82000 4.05000 6.12500
v -5.82000 5.75000 6.12500
v -4.42000 5.75000 6.12500
v -0.70000 4.05000 -6.16500
v 0.70000 4.05000 -6.16500
v 0.70000 5.75000 -6.16500
v -0.70000 5.75000 -6.16500
v -0.70000 4.05000 -6.12500
v 0.70000 4.05000 -6.12500
v 0.70000 5.75000 -6.12500
v -0.70000 5.75000 -6.12500
v 0.70000 4.05000 6.16500
v -0.70000 4.05000 6.16500
v -0.70000 5.75000 6.16500
v 0.70000 5.75000 6.16500
v 0.70000 4.05000 6.12500
v -0.70000 4.05000 6.12500
v -0.70000 5.75000 6.12500
v 0.70000 5.75000 6.12500
v 4.42000 4.05000 -6.16500
v 5.82000 4.05000 -6.16500
v 5.82000 5.75000 -6.16500
v 4.42000 5.75000 -6.16500
v 4.42000 4.05000 -6.12500
v 5.82000 4.05000 -6.12500
v 5.82000 5.75000 -6.12500
v 4.42000 5.75000 -6.12500
v 5.82000 4.05000 6.16500
v 4.42000 4.05000 6.16500
v 4.42000 5.75000 6.16500
v 5.82000 5.75000 6.16500
v 5.82000 4.05000 6.12500
v 4.42000 4.05000 6.12500
v 4.42000 5.75000 6.12500
v 5.82000 5.75000 6.12500
v -8.16500 4.05000 -2.54000
v -8.16500 4.05000 -3.94000
v -8.16500 5.75000 -3.94000
v -8.16500 5.75000 -2.54000
v -8.12500 4.05000 -2.54000
v -8.12500 4.05000 -3.94000
v -8.12500 5.75000 -3.94000
v -8.12500 5.75000 -2.54000
v -8.16500 4.05000 3.94000
v -8.16500 4.05000 2.54000
v -8.16500 5.75000 2.54000
v -8.16500 5.75000 3.94000
v -8.12500 4.05000 3.94000
v -8.12500 4.05000 2.54000
v -8.12500 5.75000 2.54000
v -8.12500 5.75000 3.94000
v 8.16500 4.05000 -3.94000
v 8.16500 4.05000 -2.54000
v 8.16500 5.75000 -2.54000
v 8.16500 5.75000 -3.94000
v 8.12500 4.05000 -3.94000
v 8.12500 4.05000 -2.54000
v 8.12500 5.75000 -2.54000
v 8.12500 5.75000 -3.94000
v 8.16500 4.05000 2.54000
v 8.16500 4.05000 3.94000
v 8.16500 5.75000 3.94000
v 8.16500 5.75000 2.54000
v 8.12500 4.05000 2.54000
v 8.12500 4.05000 3.94000
v 8.12500 5.75000 3.94000
v 8.12500 5.75000 2.54000
v -5.82000 7.15000 -6.16500
v -4.42000 7.15000 -6.16500
v -4.42000 8.85000 -6.16500
v -5.82000 8.85000 -6.16500
v -5.82000 7.15000 -6.12500
v -4.42000 7.15000 -6.12500
v -4.42000 8.85000 -6.12500
v -5.82000 8.85000 -6.12500
v -4.42000 7.15000 6.16500
v -5.82000 7.15000 6.16500
v -5.82000 8.85000 6.16500
v -4.42000 8.85000 6.16500
v -4.42000 7.15000 6.12500
v -5.82000 7.15000 6.12500
v -5.82000 8.85000 6.12500
v -4.42000 8.85000 6.12500
v -0.70000 7.15000 -6.16500
v 0.70000 7.15000 -6.16500
v 0.70000 8.85000 -6.16500
v -0.70000 8.85000 -6.16500
v -0.70000 7.15000 -6.12500
v 0.70000 7.15000 -6.12500
v 0.70000 8.85000 -6.12500
v -0.70000 8.85000 -6.12500
v 0.70000 7.15000 6.16500
v -0.70000 7.15000 6.16500
v -0.70000 8.85000 6.16500
v 0.70000 8.85000 6.16500
v 0.70000 7.15000 6.12500
v -0.70000 7.15000 6.12500
v -0.70000 8.85000 6.12500
v 0.70000 8.85000 6.12500
v 4.42000 7.15000 -6.16500
v 5.82000 7.15000 -6.16500
v 5.82000 8.85000 -6.16500
v 4.42000 8.85000 -6.16500
v 4.42000 7.15000 -6.12500
v 5.82000 7.15000 -6.12500
v 5.82000 8.85000 -6.12500
v 4.42000 8.85000 -6.12500
v 5.82000 7.15000 6.16500
v 4.42000 7.15000 6.16500
v 4.42000 8.85000 6.16500
v 5.82000 8.85000 6.16500
v 5.82000 7.15000 6.12500
v 4.42000 7.15000 6.12500
v 4.42000 8.85000 6.12500
v 5.82000 8.85000 6.12500
v -8.16500 7.15000 -2.54000
v -8.16500 7.15000 -3.94000
v -8.16500 8.85000 -3.94000
v -8.16500 8.85000 -2.54000
v -8.12500 7.15000 -2.54000
v -8.12500 7.15000 -3.94000
v -8.12500 8.85000 -3.94000
v -8.12500 8.85000 -2.54000
v -8.16500 7.15000 3.94000
v -8.16500 7.15000 2.54000
v -8.16500 8.85000 2.54000
v -8.16500 8.85000 3.94000
v -8.12500 7.15000 3.94000
v -8.12500 7.15000 2.54000
v -8.12500 8.85000 2.54000
v -8.12500 8.85000 3.94000
v 8.16500 7.15000 -3.94000
v 8.16500 7.15000 -2.54000
v 8.16500 8.85000 -2.54000
v 8.16500 8.85000 -3.94000
v 8.12500 7.15000 -3.94000
v 8.12500 7.15000 -2.54000
v 8.12500 8.85000 -2.54000
v 8.12500 8.85000 -3.94000
v 8.16500 7.15000 2.54000
v 8.16500 7.15000 3.94000
v 8.16500 8.85000 3.94000
v 8.16500 8.85000 2.54000
v 8.12500 7.15000 2.54000
v 8.12500 7.15000 3.94000
v 8.12500 8.85000 3.94000
v 8.12500 8.85000 2.54000
v -0.70000 0.00000 -6.26000
v 0.70000 0.00000 -6.26000
v 0.70000 2.50000 -6.26000
v -0.70000 2.50000 -6.26000
v -0.70000 0.00000 -6.20000
v 0.70000 0.00000 -6.20000
v 0.70000 2.50000 -6.20000
v -0.70000 2.50000 -6.20000
vt 0.23750 -1.45500
vt 0.66250 -1.45500
vt 0.66250 -1.10500
vt 0.23750 -1.10500
f 545/1633 548/1634 547/1635 546/1636
vt 0.23750 -1.45500
vt 0.23750 -1.10500
vt 0.66250 -1.10500
vt 0.66250 -1.45500
f 549/1637 550/1638 551/1639 552/1640
vt 0.23750 -1.54125
vt 0.23750 -1.53125
vt 0.66250 -1.53125
vt 0.66250 -1.54125
f 545/1641 549/1642 552/1643 548/1644
vt 0.23750 -1.54125
vt 0.66250 -1.54125
vt 0.66250 -1.53125
vt 0.23750 -1.53125
f 546/1645 547/1646 551/1647 550/1648
vt -1.45500 -1.54125
vt -1.45500 -1.53125
vt -1.10500 -1.53125
vt -1.10500 -1.54125
f 548/1649 552/1650 551/1651 547/1652
vt -1.45500 -1.54125
vt -1.10500 -1.54125
vt -1.10500 -1.53125
vt -1.45500 -1.53125
f 545/1653 546/1654 550/1655 549/1656
vt 0.23750 -1.10500
vt 0.66250 -1.10500
vt 0.66250 -1.45500
vt 0.23750 -1.45500
f 553/1657 556/1658 555/1659 554/1660
vt 0.23750 -1.10500
vt 0.23750 -1.45500
vt 0.66250 -1.45500
vt 0.66250 -1.10500
f 557/1661 558/1662 559/1663 560/1664
vt 0.23750 1.54125
vt 0.23750 1.53125
vt 0.66250 1.53125
vt 0.66250 1.54125
f 553/1665 557/1666 560/1667 556/1668
vt 0.23750 1.54125
vt 0.66250 1.54125
vt 0.66250 1.53125
vt 0.23750 1.53125
f 554/1669 555/1670 559/1671 558/1672
vt -1.10500 1.54125
vt -1.10500 1.53125
vt -1.45500 1.53125
vt -1.45500 1.54125
f 556/1673 560/1674 559/1675 555/1676
vt -1.10500 1.54125
vt -1.45500 1.54125
vt -1.45500 1.53125
vt -1.10500 1.53125
f 553/1677 554/1678 558/1679 557/1680
vt 0.23750 1.10500
vt 0.66250 1.10500
vt 0.66250 1.45500
vt 0.23750 1.45500
f 561/1681 564/1682 563/1683 562/1684
vt 0.23750 1.10500
vt 0.23750 1.45500
vt 0.66250 1.45500
vt 0.66250 1.10500
f 565/1685 566/1686 567/1687 568/1688
vt 0.23750 -1.54125
vt 0.23750 -1.53125
vt 0.66250 -1.53125
vt 0.66250 -1.54125
f 561/1689 565/1690 568/1691 564/1692
vt 0.23750 -1.54125
vt 0.66250 -1.54125
vt 0.66250 -1.53125
vt 0.23750 -1.53125
f 562/1693 563/1694 567/1695 566/1696
vt 1.10500 -1.54125
vt 1.10500 -1.53125
vt 1.45500 -1.53125
vt 1.45500 -1.54125
f 564/1697 568/1698 567/1699 563/1700
vt 1.10500 -1.54125
vt 1.45500 -1.54125
vt 1.45500 -1.53125
vt 1.10500 -1.53125
f 561/1701 562/1702 566/1703 565/1704
vt 0.23750 1.45500
vt 0.66250 1.45500
vt 0.66250 1.10500
vt 0.23750 1.10500
f 569/1705 572/1706 571/1707 570/1708
vt 0.23750 1.45500
vt 0.23750 1.10500
vt 0.66250 1.10500
vt 0.66250 1.45500
f 573/1709 574/1710 575/1711 576/1712
vt 0.23750 1.54125
vt 0.23750 1.53125
vt 0.66250 1.53125
vt 0.66250 1.54125
f 569/1713 573/1714 576/1715 572/1716
vt 0.23750 1.54125
vt 0.66250 1.54125
vt 0.66250 1.53125
vt 0.23750 1.53125
f 570/1717 571/1718 575/1719 574/1720
vt 1.45500 1.54125
vt 1.45500 1.53125
vt 1.10500 1.53125
vt 1.10500 1.54125
f 572/1721 576/1722 575/1723 571/1724
vt 1.45500 1.54125
vt 1.10500 1.54125
vt 1.10500 1.53125
vt 1.45500 1.53125
f 569/1725 570/1726 574/1727 573/1728
vt 0.23750 -0.63500
vt 0.66250 -0.63500
vt 0.66250 -0.98500
vt 0.23750 -0.98500
f 577/1729 580/1730 579/1731 578/1732
vt 0.23750 -0.63500
vt 0.23750 -0.98500
vt 0.66250 -0.98500
vt 0.66250 -0.63500
f 581/1733 582/1734 583/1735 584/1736
vt 0.23750 -2.04125
vt 0.23750 -2.03125
vt 0.66250 -2.03125
vt 0.66250 -2.04125
f 577/1737 581/1738 584/1739 580/1740
vt 0.23750 -2.04125
vt 0.66250 -2.04125
vt 0.66250 -2.03125
vt 0.23750 -2.03125
f 578/1741 579/1742 583/1743 582/1744
vt -0.63500 -2.04125
vt -0.63500 -2.03125
vt -0.98500 -2.03125
vt -0.98500 -2.04125
f 580/1745 584/1746 583/1747 579/1748
vt -0.63500 -2.04125
vt -0.98500 -2.04125
vt -0.98500 -2.03125
vt -0.63500 -2.03125
f 577/1749 578/1750 582/1751 581/1752
vt 0.23750 0.98500
vt 0.66250 0.98500
vt 0.66250 0.63500
vt 0.23750 0.63500
f 585/1753 588/1754 587/1755 586/1756
vt 0.23750 0.98500
vt 0.23750 0.63500
vt 0.66250 0.63500
vt 0.66250 0.98500
f 589/1757 590/1758 591/1759 592/1760
vt 0.23750 -2.04125
vt 0.23750 -2.03125
vt 0.66250 -2.03125
vt 0.66250 -2.04125
f 585/1761 589/1762 592/1763 588/1764
vt 0.23750 -2.04125
vt 0.66250 -2.04125
vt 0.66250 -2.03125
vt 0.23750 -2.03125
f 586/1765 587/1766 591/1767 590/1768
vt 0.98500 -2.04125
vt 0.98500 -2.03125
vt 0.63500 -2.03125
vt 0.63500 -2.04125
f 588/1769 592/1770 591/1771 587/1772
vt 0.98500 -2.04125
vt 0.63500 -2.04125
vt 0.63500 -2.03125
vt 0.98500 -2.03125
f 585/1773 586/1774 590/1775 589/1776
vt 0.23750 -0.98500
vt 0.66250 -0.98500
vt 0.66250 -0.63500
vt 0.23750 -0.63500
f 593/1777 596/1778 595/1779 594/1780
vt 0.23750 -0.98500
vt 0.23750 -0.63500
vt 0.66250 -0.63500
vt 0.66250 -0.98500
f 597/1781 598/1782 599/1783 600/1784
vt 0.23750 2.04125
vt 0.23750 2.03125
vt 0.66250 2.03125
vt 0.66250 2.04125
f 593/1785 597/1786 600/1787 596/1788
vt 0.23750 2.04125
vt 0.66250 2.04125
vt 0.66250 2.03125
vt 0.23750 2.03125
f 594/1789 595/1790 599/1791 598/1792
vt -0.98500 2.04125
vt -0.98500 2.03125
vt -0.63500 2.03125
vt -0.63500 2.04125
f 596/1793 600/1794 599/1795 595/1796
vt -0.98500 2.04125
vt -0.63500 2.04125
vt -0.63500 2.03125
vt -0.98500 2.03125
f 593/1797 594/1798 598/1799 597/1800
vt 0.23750 0.63500
vt 0.66250 0.63500
vt 0.66250 0.98500
vt 0.23750 0.98500
f 601/1801 604/1802 603/1803 602/1804
vt 0.23750 0.63500
vt 0.23750 0.98500
vt 0.66250 0.98500
vt 0.66250 0.63500
f 605/1805 606/1806 607/1807 608/1808
vt 0.23750 2.04125
vt 0.23750 2.03125
vt 0.66250 2.03125
vt 0.66250 2.04125
f 601/1809 605/1810 608/1811 604/1812
vt 0.23750 2.04125
vt 0.66250 2.04125
vt 0.66250 2.03125
vt 0.23750 2.03125
f 602/1813 603/1814 607/1815 606/1816
vt 0.63500 2.04125
vt 0.63500 2.03125
vt 0.98500 2.03125
vt 0.98500 2.04125
f 604/1817 608/1818 607/1819 603/1820
vt 0.63500 2.04125
vt 0.98500 2.04125
vt 0.98500 2.03125
vt 0.63500 2.03125
f 601/1821 602/1822 606/1823 605/1824
vt 1.01250 -1.45500
vt 1.43750 -1.45500
vt 1.43750 -1.10500
vt 1.01250 -1.10500
f 609/1825 612/1826 611/1827 610/1828
vt 1.01250 -1.45500
vt 1.01250 -1.10500
vt 1.43750 -1.10500
vt 1.43750 -1.45500
f 613/1829 614/1830 615/1831 616/1832
vt 1.01250 -1.54125
vt 1.01250 -1.53125
vt 1.43750 -1.53125
vt 1.43750 -1.54125
f 609/1833 613/1834 616/1835 612/1836
vt 1.01250 -1.54125
vt 1.43750 -1.54125
vt 1.43750 -1.53125
vt 1.01250 -1.53125
f 610/1837 611/1838 615/1839 614/1840
vt -1.45500 -1.54125
vt -1.45500 -1.53125
vt -1.10500 -1.53125
vt -1.10500 -1.54125
f 612/1841 616/1842 615/1843 611/1844
vt -1.45500 -1.54125
vt -1.10500 -1.54125
vt -1.10500 -1.53125
vt -1.45500 -1.53125
f 609/1845 610/1846 614/1847 613/1848
vt 1.01250 -1.10500
vt 1.43750 -1.10500
vt 1.43750 -1.45500
vt 1.01250 -1.45500
f 617/1849 620/1850 619/1851 618/1852
vt 1.01250 -1.10500
vt 1.01250 -1.45500
vt 1.43750 -1.45500
vt 1.43750 -1.10500
f 621/1853 622/1854 623/1855 624/1856
vt 1.01250 1.54125
vt 1.01250 1.53125
vt 1.43750 1.53125
vt 1.43750 1.54125
f 617/1857 621/1858 624/1859 620/1860
vt 1.01250 1.54125
vt 1.43750 1.54125
vt 1.43750 1.53125
vt 1.01250 1.53125
f 618/1861 619/1862 623/1863 622/1864
vt -1.10500 1.54125
vt -1.10500 1.53125
vt -1.45500 1.53125
vt -1.45500 1.54125
f 620/1865 624/1866 623/1867 619/1868
vt -1.10500 1.54125
vt -1.45500 1.54125
vt -1.45500 1.53125
vt -1.10500 1.53125
f 617/1869 618/1870 622/1871 621/1872
vt 1.01250 -0.17500
vt 1.43750 -0.17500
vt 1.43750 0.17500
vt 1.01250 0.17500
f 625/1873 628/1874 627/1875 626/1876
vt 1.01250 -0.17500
vt 1.01250 0.17500
vt 1.43750 0.17500
vt 1.43750 -0.17500
f 629/1877 630/1878 631/1879 632/1880
vt 1.01250 -1.54125
vt 1.01250 -1.53125
vt 1.43750 -1.53125
vt 1.43750 -1.54125
f 625/1881 629/1882 632/1883 628/1884
vt 1.01250 -1.54125
vt 1.43750 -1.54125
vt 1.43750 -1.53125
vt 1.01250 -1.53125
f 626/1885 627/1886 631/1887 630/1888
vt -0.17500 -1.54125
vt -0.17500 -1.53125
vt 0.17500 -1.53125
vt 0.17500 -1.54125
f 628/1889 632/1890 631/1891 627/1892
vt -0.17500 -1.54125
vt 0.17500 -1.54125
vt 0.17500 -1.53125
vt -0.17500 -1.53125
f 625/1893 626/1894 630/1895 629/1896
vt 1.01250 0.17500
vt 1.43750 0.17500
vt 1.43750 -0.17500
vt 1.01250 -0.17500
f 633/1897 636/1898 635/1899 634/1900
vt 1.01250 0.17500
vt 1.01250 -0.17500
vt 1.43750 -0.17500
vt 1.43750 0.17500
f 637/1901 638/1902 639/1903 640/1904
vt 1.01250 1.54125
vt 1.01250 1.53125
vt 1.43750 1.53125
vt 1.43750 1.54125
f 633/1905 637/1906 640/1907 636/1908
vt 1.01250 1.54125
vt 1.43750 1.54125
vt 1.43750 1.53125
vt 1.01250 1.53125
f 634/1909 635/1910 639/1911 638/1912
vt 0.17500 1.54125
vt 0.17500 1.53125
vt -0.17500 1.53125
vt -0.17500 1.54125
f 636/1913 640/1914 639/1915 635/1916
vt 0.17500 1.54125
vt -0.17500 1.54125
vt -0.17500 1.53125
vt 0.17500 1.53125
f 633/1917 634/1918 638/1919 637/1920
vt 1.01250 1.10500
vt 1.43750 1.10500
vt 1.43750 1.45500
vt 1.01250 1.45500
f 641/1921 644/1922 643/1923 642/1924
vt 1.01250 1.10500
vt 1.01250 1.45500
vt 1.43750 1.45500
vt 1.43750 1.10500
f 645/1925 646/1926 647/1927 648/1928
vt 1.01250 -1.54125
vt 1.01250 -1.53125
vt 1.43750 -1.53125
vt 1.43750 -1.54125
f 641/1929 645/1930 648/1931 644/1932
vt 1.01250 -1.54125
vt 1.43750 -1.54125
vt 1.43750 -1.53125
vt 1.01250 -1.53125
f 642/1933 643/1934 647/1935 646/1936
vt 1.10500 -1.54125
vt 1.10500 -1.53125
vt 1.45500 -1.53125
vt 1.45500 -1.54125
f 644/1937 648/1938 647/1939 643/1940
vt 1.10500 -1.54125
vt 1.45500 -1.54125
vt 1.45500 -1.53125
vt 1.10500 -1.53125
f 641/1941 642/1942 646/1943 645/1944
vt 1.01250 1.45500
vt 1.43750 1.45500
vt 1.43750 1.10500
vt 1.01250 1.10500
f 649/1945 652/1946 651/1947 650/1948
vt 1.01250 1.45500
vt 1.01250 1.10500
vt 1.43750 1.10500
vt 1.43750 1.45500
f 653/1949 654/1950 655/1951 656/1952
vt 1.01250 1.54125
vt 1.01250 1.53125
vt 1.43750 1.53125
vt 1.43750 1.54125
f 649/1953 653/1954 656/1955 652/1956
vt 1.01250 1.54125
vt 1.43750 1.54125
vt 1.43750 1.53125
vt 1.01250 1.53125
f 650/1957 651/1958 655/1959 654/1960
vt 1.45500 1.54125
vt 1.45500 1.53125
vt 1.10500 1.53125
vt 1.10500 1.54125
f 652/1961 656/1962 655/1963 651/1964
vt 1.45500 1.54125
vt 1.10500 1.54125
vt 1.10500 1.53125
vt 1.45500 1.53125
f 649/1965 650/1966 654/1967 653/1968
vt 1.01250 -0.63500
vt 1.43750 -0.63500
vt 1.43750 -0.98500
vt 1.01250 -0.98500
f 657/1969 660/1970 659/1971 658/1972
vt 1.01250 -0.63500
vt 1.01250 -0.98500
vt 1.43750 -0.98500
vt 1.43750 -0.63500
f 661/1973 662/1974 663/1975 664/1976
vt 1.01250 -2.04125
vt 1.01250 -2.03125
vt 1.43750 -2.03125
vt 1.43750 -2.04125
f 657/1977 661/1978 664/1979 660/1980
vt 1.01250 -2.04125
vt 1.43750 -2.04125
vt 1.43750 -2.03125
vt 1.01250 -2.03125
f 658/1981 659/1982 663/1983 662/1984
vt -0.63500 -2.04125
vt -0.63500 -2.03125
vt -0.98500 -2.03125
vt -0.98500 -2.04125
f 660/1985 664/1986 663/1987 659/1988
vt -0.63500 -2.04125
vt -0.98500 -2.04125
vt -0.98500 -2.03125
vt -0.63500 -2.03125
f 657/1989 658/1990 662/1991 661/1992
vt 1.01250 0.98500
vt 1.43750 0.98500
vt 1.43750 0.63500
vt 1.01250 0.63500
f 665/1993 668/1994 667/1995 666/1996
vt 1.01250 0.98500
vt 1.01250 0.63500
vt 1.43750 0.63500
vt 1.43750 0.98500
f 669/1997 670/1998 671/1999 672/2000
vt 1.01250 -2.04125
vt 1.01250 -2.03125
vt 1.43750 -2.03125
vt 1.43750 -2.04125
f 665/2001 669/2002 672/2003 668/2004
vt 1.01250 -2.04125
vt 1.43750 -2.04125
vt 1.43750 -2.03125
vt 1.01250 -2.03125
f 666/2005 667/2006 671/2007 670/2008
vt 0.98500 -2.04125
vt 0.98500 -2.03125
vt 0.63500 -2.03125
vt 0.63500 -2.04125
f 668/2009 672/2010 671/2011 667/2012
vt 0.98500 -2.04125
vt 0.63500 -2.04125
vt 0.63500 -2.03125
vt 0.98500 -2.03125
f 665/2013 666/2014 670/2015 669/2016
vt 1.01250 -0.98500
vt 1.43750 -0.98500
vt 1.43750 -0.63500
vt 1.01250 -0.63500
f 673/2017 676/2018 675/2019 674/2020
vt 1.01250 -0.98500
vt 1.01250 -0.63500
vt 1.43750 -0.63500
vt 1.43750 -0.98500
f 677/2021 678/2022 679/2023 680/2024
vt 1.01250 2.04125
vt 1.01250 2.03125
vt 1.43750 2.03125
vt 1.43750 2.04125
f 673/2025 677/2026 680/2027 676/2028
vt 1.01250 2.04125
vt 1.43750 2.04125
vt 1.43750 2.03125
vt 1.01250 2.03125
f 674/2029 675/2030 679/2031 678/2032
vt -0.98500 2.04125
vt -0.98500 2.03125
vt -0.63500 2.03125
vt -0.63500 2.04125
f 676/2033 680/2034 679/2035 675/2036
vt -0.98500 2.04125
vt -0.63500 2.04125
vt -0.63500 2.03125
vt -0.98500 2.03125
f 673/2037 674/2038 678/2039 677/2040
vt 1.01250 0.63500
vt 1.43750 0.63500
vt 1.43750 0.98500
vt 1.01250 0.98500
f 681/2041 684/2042 683/2043 682/2044
vt 1.01250 0.63500
vt 1.01250 0.98500
vt 1.43750 0.98500
vt 1.43750 0.63500
f 685/2045 686/2046 687/2047 688/2048
vt 1.01250 2.04125
vt 1.01250 2.03125
vt 1.43750 2.03125
vt 1.43750 2.04125
f 681/2049 685/2050 688/2051 684/2052
vt 1.01250 2.04125
vt 1.43750 2.04125
vt 1.43750 2.03125
vt 1.01250 2.03125
f 682/2053 683/2054 687/2055 686/2056
vt 0.63500 2.04125
vt 0.63500 2.03125
vt 0.98500 2.03125
vt 0.98500 2.04125
f 684/2057 688/2058 687/2059 683/2060
vt 0.63500 2.04125
vt 0.98500 2.04125
vt 0.98500 2.03125
vt 0.63500 2.03125
f 681/2061 682/2062 686/2063 685/2064
vt 1.78750 -1.45500
vt 2.21250 -1.45500
vt 2.21250 -1.10500
vt 1.78750 -1.10500
f 689/2065 692/2066 691/2067 690/2068
vt 1.78750 -1.45500
vt 1.78750 -1.10500
vt 2.21250 -1.10500
vt 2.21250 -1.45500
f 693/2069 694/2070 695/2071 696/2072
vt 1.78750 -1.54125
vt 1.78750 -1.53125
vt 2.21250 -1.53125
vt 2.21250 -1.54125
f 689/2073 693/2074 696/2075 692/2076
vt 1.78750 -1.54125
vt 2.21250 -1.54125
vt 2.21250 -1.53125
vt 1.78750 -1.53125
f 690/2077 691/2078 695/2079 694/2080
vt -1.45500 -1.54125
vt -1.45500 -1.53125
vt -1.10500 -1.53125
vt -1.10500 -1.54125
f 692/2081 696/2082 695/2083 691/2084
vt -1.45500 -1.54125
vt -1.10500 -1.54125
vt -1.10500 -1.53125
vt -1.45500 -1.53125
f 689/2085 690/2086 694/2087 693/2088
vt 1.78750 -1.10500
vt 2.21250 -1.10500
vt 2.21250 -1.45500
vt 1.78750 -1.45500
f 697/2089 700/2090 699/2091 698/2092
vt 1.78750 -1.10500
vt 1.78750 -1.45500
vt 2.21250 -1.45500
vt 2.21250 -1.10500
f 701/2093 702/2094 703/2095 704/2096
vt 1.78750 1.54125
vt 1.78750 1.53125
vt 2.21250 1.53125
vt 2.21250 1.54125
f 697/2097 701/2098 704/2099 700/2100
vt 1.78750 1.54125
vt 2.21250 1.54125
vt 2.21250 1.53125
vt 1.78750 1.53125
f 698/2101 699/2102 703/2103 702/2104
vt -1.10500 1.54125
vt -1.10500 1.53125
vt -1.45500 1.53125
vt -1.45500 1.54125
f 700/2105 704/2106 703/2107 699/2108
vt -1.10500 1.54125
vt -1.45500 1.54125
vt -1.45500 1.53125
vt -1.10500 1.53125
f 697/2109 698/2110 702/2111 701/2112
vt 1.78750 -0.17500
vt 2.21250 -0.17500
vt 2.21250 0.17500
vt 1.78750 0.17500
f 705/2113 708/2114 707/2115 706/2116
vt 1.78750 -0.17500
vt 1.78750 0.17500
vt 2.21250 0.17500
vt 2.21250 -0.17500
f 709/2117 710/2118 711/2119 712/2120
vt 1.78750 -1.54125
vt 1.78750 -1.53125
vt 2.21250 -1.53125
vt 2.21250 -1.54125
f 705/2121 709/2122 712/2123 708/2124
vt 1.78750 -1.54125
vt 2.21250 -1.54125
vt 2.21250 -1.53125
vt 1.78750 -1.53125
f 706/2125 707/2126 711/2127 710/2128
vt -0.17500 -1.54125
vt -0.17500 -1.53125
vt 0.17500 -1.53125
vt 0.17500 -1.54125
f 708/2129 712/2130 711/2131 707/2132
vt -0.17500 -1.54125
vt 0.17500 -1.54125
vt 0.17500 -1.53125
vt -0.17500 -1.53125
f 705/2133 706/2134 710/2135 709/2136
vt 1.78750 0.17500
vt 2.21250 0.17500
vt 2.21250 -0.17500
vt 1.78750 -0.17500
f 713/2137 716/2138 715/2139 714/2140
vt 1.78750 0.17500
vt 1.78750 -0.17500
vt 2.21250 -0.17500
vt 2.21250 0.17500
f 717/2141 718/2142 719/2143 720/2144
vt 1.78750 1.54125
vt 1.78750 1.53125
vt 2.21250 1.53125
vt 2.21250 1.54125
f 713/2145 717/2146 720/2147 716/2148
vt 1.78750 1.54125
vt 2.21250 1.54125
vt 2.21250 1.53125
vt 1.78750 1.53125
f 714/2149 715/2150 719/2151 718/2152
vt 0.17500 1.54125
vt 0.17500 1.53125
vt -0.17500 1.53125
vt -0.17500 1.54125
f 716/2153 720/2154 719/2155 715/2156
vt 0.17500 1.54125
vt -0.17500 1.54125
vt -0.17500 1.53125
vt 0.17500 1.53125
f 713/2157 714/2158 718/2159 717/2160
vt 1.78750 1.10500
vt 2.21250 1.10500
vt 2.21250 1.45500
vt 1.78750 1.45500
f 721/2161 724/2162 723/2163 722/2164
vt 1.78750 1.10500
vt 1.78750 1.45500
vt 2.21250 1.45500
vt 2.21250 1.10500
f 725/2165 726/2166 727/2167 728/2168
vt 1.78750 -1.54125
vt 1.78750 -1.53125
vt 2.21250 -1.53125
vt 2.21250 -1.54125
f 721/2169 725/2170 728/2171 724/2172
vt 1.78750 -1.54125
vt 2.21250 -1.54125
vt 2.21250 -1.53125
vt 1.78750 -1.53125
f 722/2173 723/2174 727/2175 726/2176
vt 1.10500 -1.54125
vt 1.10500 -1.53125
vt 1.45500 -1.53125
vt 1.45500 -1.54125
f 724/2177 728/2178 727/2179 723/2180
vt 1.10500 -1.54125
vt 1.45500 -1.54125
vt 1.45500 -1.53125
vt 1.10500 -1.53125
f 721/2181 722/2182 726/2183 725/2184
vt 1.78750 1.45500
vt 2.21250 1.45500
vt 2.21250 1.10500
vt 1.78750 1.10500
f 729/2185 732/2186 731/2187 730/2188
vt 1.78750 1.45500
vt 1.78750 1.10500
vt 2.21250 1.10500
vt 2.21250 1.45500
f 733/2189 734/2190 735/2191 736/2192
vt 1.78750 1.54125
vt 1.78750 1.53125
vt 2.21250 1.53125
vt 2.21250 1.54125
f 729/2193 733/2194 736/2195 732/2196
vt 1.78750 1.54125
vt 2.21250 1.54125
vt 2.21250 1.53125
vt 1.78750 1.53125
f 730/2197 731/2198 735/2199 734/2200
vt 1.45500 1.54125
vt 1.45500 1.53125
vt 1.10500 1.53125
vt 1.10500 1.54125
f 732/2201 736/2202 735/2203 731/2204
vt 1.45500 1.54125
vt 1.10500 1.54125
vt 1.10500 1.53125
vt 1.45500 1.53125
f 729/2205 730/2206 734/2207 733/2208
vt 1.78750 -0.63500
vt 2.21250 -0.63500
vt 2.21250 -0.98500
vt 1.78750 -0.98500
f 737/2209 740/2210 739/2211 738/2212
vt 1.78750 -0.63500
vt 1.78750 -0.98500
vt 2.21250 -0.98500
vt 2.21250 -0.63500
f 741/2213 742/2214 743/2215 744/2216
vt 1.78750 -2.04125
vt 1.78750 -2.03125
vt 2.21250 -2.03125
vt 2.21250 -2.04125
f 737/2217 741/2218 744/2219 740/2220
vt 1.78750 -2.04125
vt 2.21250 -2.04125
vt 2.21250 -2.03125
vt 1.78750 -2.03125
f 738/2221 739/2222 743/2223 742/2224
vt -0.63500 -2.04125
vt -0.63500 -2.03125
vt -0.98500 -2.03125
vt -0.98500 -2.04125
f 740/2225 744/2226 743/2227 739/2228
vt -0.63500 -2.04125
vt -0.98500 -2.04125
vt -0.98500 -2.03125
vt -0.63500 -2.03125
f 737/2229 738/2230 742/2231 741/2232
vt 1.78750 0.98500
vt 2.21250 0.98500
vt 2.21250 0.63500
vt 1.78750 0.63500
f 745/2233 748/2234 747/2235 746/2236
vt 1.78750 0.98500
vt 1.78750 0.63500
vt 2.21250 0.63500
vt 2.21250 0.98500
f 749/2237 750/2238 751/2239 752/2240
vt 1.78750 -2.04125
vt 1.78750 -2.03125
vt 2.21250 -2.03125
vt 2.21250 -2.04125
f 745/2241 749/2242 752/2243 748/2244
vt 1.78750 -2.04125
vt 2.21250 -2.04125
vt 2.21250 -2.03125
vt 1.78750 -2.03125
f 746/2245 747/2246 751/2247 750/2248
vt 0.98500 -2.04125
vt 0.98500 -2.03125
vt 0.63500 -2.03125
vt 0.63500 -2.04125
f 748/2249 752/2250 751/2251 747/2252
vt 0.98500 -2.04125
vt 0.63500 -2.04125
vt 0.63500 -2.03125
vt 0.98500 -2.03125
f 745/2253 746/2254 750/2255 749/2256
vt 1.78750 -0.98500
vt 2.21250 -0.98500
vt 2.21250 -0.63500
vt 1.78750 -0.63500
f 753/2257 756/2258 755/2259 754/2260
vt 1.78750 -0.98500
vt 1.78750 -0.63500
vt 2.21250 -0.63500
vt 2.21250 -0.98500
f 757/2261 758/2262 759/2263 760/2264
vt 1.78750 2.04125
vt 1.78750 2.03125
vt 2.21250 2.03125
vt 2.21250 2.04125
f 753/2265 757/2266 760/2267 756/2268
vt 1.78750 2.04125
vt 2.21250 2.04125
vt 2.21250 2.03125
vt 1.78750 2.03125
f 754/2269 755/2270 759/2271 758/2272
vt -0.98500 2.04125
vt -0.98500 2.03125
vt -0.63500 2.03125
vt -0.63500 2.04125
f 756/2273 760/2274 759/2275 755/2276
vt -0.98500 2.04125
vt -0.63500 2.04125
vt -0.63500 2.03125
vt -0.98500 2.03125
f 753/2277 754/2278 758/2279 757/2280
vt 1.78750 0.63500
vt 2.21250 0.63500
vt 2.21250 0.98500
vt 1.78750 0.98500
f 761/2281 764/2282 763/2283 762/2284
vt 1.78750 0.63500
vt 1.78750 0.98500
vt 2.21250 0.98500
vt 2.21250 0.63500
f 765/2285 766/2286 767/2287 768/2288
vt 1.78750 2.04125
vt 1.78750 2.03125
vt 2.21250 2.03125
vt 2.21250 2.04125
f 761/2289 765/2290 768/2291 764/2292
vt 1.78750 2.04125
vt 2.21250 2.04125
vt 2.21250 2.03125
vt 1.78750 2.03125
f 762/2293 763/2294 767/2295 766/2296
vt 0.63500 2.04125
vt 0.63500 2.03125
vt 0.98500 2.03125
vt 0.98500 2.04125
f 764/2297 768/2298 767/2299 763/2300
vt 0.63500 2.04125
vt 0.98500 2.04125
vt 0.98500 2.03125
vt 0.63500 2.03125
f 761/2301 762/2302 766/2303 765/2304
vt 0.00000 -0.17500
vt 0.62500 -0.17500
vt 0.62500 0.17500
vt 0.00000 0.17500
f 769/2305 772/2306 771/2307 770/2308
vt 0.00000 -0.17500
vt 0.00000 0.17500
vt 0.62500 0.17500
vt 0.62500 -0.17500
f 773/2309 774/2310 775/2311 776/2312
vt 0.00000 -1.56500
vt 0.00000 -1.55000
vt 0.62500 -1.55000
vt 0.62500 -1.56500
f 769/2313 773/2314 776/2315 772/2316
vt 0.00000 -1.56500
vt 0.62500 -1.56500
vt 0.62500 -1.55000
vt 0.00000 -1.55000
f 770/2317 771/2318 775/2319 774/2320
vt -0.17500 -1.56500
vt -0.17500 -1.55000
vt 0.17500 -1.55000
vt 0.17500 -1.56500
f 772/2321 776/2322 775/2323 771/2324
vt -0.17500 -1.56500
vt 0.17500 -1.56500
vt 0.17500 -1.55000
vt -0.17500 -1.55000
f 769/2325 770/2326 774/2327 773/2328
o Metal
usemtl Metal
v -5.14750 0.95000 -6.20500
v -5.09250 0.95000 -6.20500
v -5.09250 2.65000 -6.20500
v -5.14750 2.65000 -6.20500
v -5.14750 0.95000 -6.15500
v -5.09250 0.95000 -6.15500
v -5.09250 2.65000 -6.15500
v -5.14750 2.65000 -6.15500
v -5.09250 0.95000 6.20500
v -5.14750 0.95000 6.20500
v -5.14750 2.65000 6.20500
v -5.09250 2.65000 6.20500
v -5.09250 0.95000 6.15500
v -5.14750 0.95000 6.15500
v -5.14750 2.65000 6.15500
v -5.09250 2.65000 6.15500
v 5.09250 0.95000 -6.20500
v 5.14750 0.95000 -6.20500
v 5.14750 2.65000 -6.20500
v 5.09250 2.65000 -6.20500
v 5.09250 0.95000 -6.15500
v 5.14750 0.95000 -6.15500
v 5.14750 2.65000 -6.15500
v 5.09250 2.65000 -6.15500
v 5.14750 0.95000 6.20500
v 5.09250 0.95000 6.20500
v 5.09250 2.65000 6.20500
v 5.14750 2.65000 6.20500
v 5.14750 0.95000 6.15500
v 5.09250 0.95000 6.15500
v 5.09250 2.65000 6.15500
v 5.14750 2.65000 6.15500
v -8.20500 0.95000 -3.21250
v -8.20500 0.95000 -3.26750
v -8.20500 2.65000 -3.26750
v -8.20500 2.65000 -3.21250
v -8.15500 0.95000 -3.21250
v -8.15500 0.95000 -3.26750
v -8.15500 2.65000 -3.26750
v -8.15500 2.65000 -3.21250
v -8.20500 0.95000 3.26750
v -8.20500 0.95000 3.21250
v -8.20500 2.65000 3.21250
v -8.20500 2.65000 3.26750
v -8.15500 0.95000 3.26750
v -8.15500 0.95000 3.21250
v -8.15500 2.65000 3.21250
v -8.15500 2.65000 3.26750
v 8.20500 0.95000 -3.26750
v 8.20500 0.95000 -3.21250
v 8.20500 2.65000 -3.21250
v 8.20500 2.65000 -3.26750
v 8.15500 0.95000 -3.26750
v 8.15500 0.95000 -3.21250
v 8.15500 2.65000 -3.21250
v 8.15500 2.65000 -3.26750
v 8.20500 0.95000 3.21250
v 8.20500 0.95000 3.26750
v 8.20500 2.65000 3.26750
v 8.20500 2.65000 3.21250
v 8.15500 0.95000 3.21250
v 8.15500 0.95000 3.26750
v 8.15500 2.65000 3.26750
v 8.15500 2.65000 3.21250
v -5.14750 4.05000 -6.20500
v -5.09250 4.05000 -6.20500
v -5.09250 5.75000 -6.20500
v -5.14750 5.75000 -6.20500
v -5.14750 4.05000 -6.15500
v -5.09250 4.05000 -6.15500
v -5.09250 5.75000 -6.15500
v -5.14750 5.75000 -6.15500
v -5.09250 4.05000 6.20500
v -5.14750 4.05000 6.20500
v -5.14750 5.75000 6.20500
v -5.09250 5.75000 6.20500
v -5.09250 4.05000 6.15500
v -5.14750 4.05000 6.15500
v -5.14750 5.75000 6.15500
v -5.09250 5.75000 6.15500
v -0.02750 4.05000 -6.20500
v 0.02750 4.05000 -6.20500
v 0.02750 5.75000 -6.20500
v -0.02750 5.75000 -6.20500
v -0.02750 4.05000 -6.15500
v 0.02750 4.05000 -6.15500
v 0.02750 5.75000 -6.15500
v -0.02750 5.75000 -6.15500
v 0.02750 4.05000 6.20500
v -0.02750 4.05000 6.20500
v -0.02750 5.75000 6.20500
v 0.02750 5.75000 6.20500
v 0.02750 4.05000 6.15500
v -0.02750 4.05000 6.15500
v -0.02750 5.75000 6.15500
v 0.02750 5.75000 6.15500
v 5.09250 4.05000 -6.20500
v 5.14750 4.05000 -6.20500
v 5.14750 5.75000 -6.20500
v 5.09250 5.75000 -6.20500
v 5.09250 4.05000 -6.15500
v 5.14750 4.05000 -6.15500
v 5.14750 5.75000 -6.15500
v 5.09250 5.75000 -6.15500
v 5.14750 4.05000 6.20500
v 5.09250 4.05000 6.20500
v 5.09250 5.75000 6.20500
v 5.14750 5.75000 6.20500
v 5.14750 4.05000 6.15500
v 5.09250 4.05000 6.15500
v 5.09250 5.75000 6.15500
v 5.14750 5.75000 6.15500
v -8.20500 4.05000 -3.21250
v -8.20500 4.05000 -3.26750
v -8.20500 5.75000 -3.26750
v -8.20500 5.75000 -3.21250
v -8.15500 4.05000 -3.21250
v -8.15500 4.05000 -3.26750
v -8.15500 5.75000 -3.26750
v -8.15500 5.75000 -3.21250
v -8.20500 4.05000 3.26750
v -8.20500 4.05000 3.21250
v -8.20500 5.75000 3.21250
v -8.20500 5.75000 3.26750
v -8.15500 4.05000 3.26750
v -8.15500 4.05000 3.21250
v -8.15500 5.75000 3.21250
v -8.15500 5.75000 3.26750
v 8.20500 4.05000 -3.26750
v 8.20500 4.05000 -3.21250
v 8.20500 5.75000 -3.21250
v 8.20500 5.75000 -3.26750
v 8.15500 4.05000 -3.26750
v 8.15500 4.05000 -3.21250
v 8.15500 5.75000 -3.21250
v 8.15500 5.75000 -3.26750
v 8.20500 4.05000 3.21250
v 8.20500 4.05000 3.26750
v 8.20500 5.75000 3.26750
v 8.20500 5.75000 3.21250
v 8.15500 4.05000 3.21250
v 8.15500 4.05000 3.26750
v 8.15500 5.75000 3.26750
v 8.15500 5.75000 3.21250
v -5.14750 7.15000 -6.20500
v -5.09250 7.15000 -6.20500
v -5.09250 8.85000 -6.20500
v -5.14750 8.85000 -6.20500
v -5.14750 7.15000 -6.15500
v -5.09250 7.15000 -6.15500
v -5.09250 8.85000 -6.15500
v -5.14750 8.85000 -6.15500
v -5.09250 7.15000 6.20500
v -5.14750 7.15000 6.20500
v -5.14750 8.85000 6.20500
v -5.09250 8.85000 6.20500
v -5.09250 7.15000 6.15500
v -5.14750 7.15000 6.15500
v -5.14750 8.85000 6.15500
v -5.09250 8.85000 6.15500
v -0.02750 7.15000 -6.20500
v 0.02750 7.15000 -6.20500
v 0.02750 8.85000 -6.20500
v -0.02750 8.85000 -6.20500
v -0.02750 7.15000 -6.15500
v 0.02750 7.15000 -6.15500
v 0.02750 8.85000 -6.15500
v -0.02750 8.85000 -6.15500
v 0.02750 7.15000 6.20500
v -0.02750 7.15000 6.20500
v -0.02750 8.85000 6.20500
v 0.02750 8.85000 6.20500
v 0.02750 7.15000 6.15500
v -0.02750 7.15000 6.15500
v -0.02750 8.85000 6.15500
v 0.02750 8.85000 6.15500
v 5.09250 7.15000 -6.20500
v 5.14750 7.15000 -6.20500
v 5.14750 8.85000 -6.20500
v 5.09250 8.85000 -6.20500
v 5.09250 7.15000 -6.15500
v 5.14750 7.15000 -6.15500
v 5.14750 8.85000 -6.15500
v 5.09250 8.85000 -6.15500
v 5.14750 7.15000 6.20500
v 5.09250 7.15000 6.20500
v 5.09250 8.85000 6.20500
v 5.14750 8.85000 6.20500
v 5.14750 7.15000 6.15500
v 5.09250 7.15000 6.15500
v 5.09250 8.85000 6.15500
v 5.14750 8.85000 6.15500
v -8.20500 7.15000 -3.21250
v -8.20500 7.15000 -3.26750
v -8.20500 8.85000 -3.26750
v -8.20500 8.85000 -3.21250
v -8.15500 7.15000 -3.21250
v -8.15500 7.15000 -3.26750
v -8.15500 8.85000 -3.26750
v -8.15500 8.85000 -3.21250
v -8.20500 7.15000 3.26750
v -8.20500 7.15000 3.21250
v -8.20500 8.85000 3.21250
v -8.20500 8.85000 3.26750
v -8.15500 7.15000 3.26750
v -8.15500 7.15000 3.21250
v -8.15500 8.85000 3.21250
v -8.15500 8.85000 3.26750
v 8.20500 7.15000 -3.26750
v 8.20500 7.15000 -3.21250
v 8.20500 8.85000 -3.21250
v 8.20500 8.85000 -3.26750
v 8.15500 7.15000 -3.26750
v 8.15500 7.15000 -3.21250
v 8.15500 8.85000 -3.21250
v 8.15500 8.85000 -3.26750
v 8.20500 7.15000 3.21250
v 8.20500 7.15000 3.26750
v 8.20500 8.85000 3.26750
v 8.20500 8.85000 3.21250
v 8.15500 7.15000 3.21250
v 8.15500 7.15000 3.26750
v 8.15500 8.85000 3.26750
v 8.15500 8.85000 3.21250
v -0.02750 0.00000 -6.30500
v 0.02750 0.00000 -6.30500
v 0.02750 2.50000 -6.30500
v -0.02750 2.50000 -6.30500
v -0.02750 0.00000 -6.25500
v 0.02750 0.00000 -6.25500
v 0.02750 2.50000 -6.25500
v -0.02750 2.50000 -6.25500
v -1.30000 2.79000 -7.45000
v 1.30000 2.79000 -7.45000
v 1.30000 2.91000 -7.45000
v -1.30000 2.91000 -7.45000
v -1.30000 2.79000 -5.95000
v 1.30000 2.79000 -5.95000
v 1.30000 2.91000 -5.95000
v -1.30000 2.91000 -5.95000
v -6.37000 4.32000 -7.28000
v -3.87000 4.32000 -7.28000
v -3.87000 4.38000 -7.28000
v -6.37000 4.38000 -7.28000
v -6.37000 4.32000 -7.22000
v -3.87000 4.32000 -7.22000
v -3.87000 4.38000 -7.22000
v -6.37000 4.38000 -7.22000
v -6.33750 3.35000 -7.26750
v -6.30250 3.35000 -7.26750
v -6.30250 4.35000 -7.26750
v -6.33750 4.35000 -7.26750
v -6.33750 3.35000 -7.23250
v -6.30250 3.35000 -7.23250
v -6.30250 4.35000 -7.23250
v -6.33750 4.35000 -7.23250
v -6.03750 3.35000 -7.26750
v -6.00250 3.35000 -7.26750
v -6.00250 4.35000 -7.26750
v -6.03750 4.35000 -7.26750
v -6.03750 3.35000 -7.23250
v -6.00250 3.35000 -7.23250
v -6.00250 4.35000 -7.23250
v -6.03750 4.35000 -7.23250
v -5.73750 3.35000 -7.26750
v -5.70250 3.35000 -7.26750
v -5.70250 4.35000 -7.26750
v -5.73750 4.35000 -7.26750
v -5.73750 3.35000 -7.23250
v -5.70250 3.35000 -7.23250
v -5.70250 4.35000 -7.23250
v -5.73750 4.35000 -7.23250
v -5.43750 3.35000 -7.26750
v -5.40250 3.35000 -7.26750
v -5.40250 4.35000 -7.26750
v -5.43750 4.35000 -7.26750
v -5.43750 3.35000 -7.23250
v -5.40250 3.35000 -7.23250
v -5.40250 4.35000 -7.23250
v -5.43750 4.35000 -7.23250
v -5.13750 3.35000 -7.26750
v -5.10250 3.35000 -7.26750
v -5.10250 4.35000 -7.26750
v -5.13750 4.35000 -7.26750
v -5.13750 3.35000 -7.23250
v -5.10250 3.35000 -7.23250
v -5.10250 4.35000 -7.23250
v -5.13750 4.35000 -7.23250
v -4.83750 3.35000 -7.26750
v -4.80250 3.35000 -7.26750
v -4.80250 4.35000 -7.26750
v -4.83750 4.35000 -7.26750
v -4.83750 3.35000 -7.23250
v -4.80250 3.35000 -7.23250
v -4.80250 4.35000 -7.23250
v -4.83750 4.35000 -7.23250
v -4.53750 3.35000 -7.26750
v -4.50250 3.35000 -7.26750
v -4.50250 4.35000 -7.26750
v -4.53750 4.35000 -7.26750
v -4.53750 3.35000 -7.23250
v -4.50250 3.35000 -7.23250
v -4.50250 4.35000 -7.23250
v -4.53750 4.35000 -7.23250
v -4.23750 3.35000 -7.26750
v -4.20250 3.35000 -7.26750
v -4.20250 4.35000 -7.26750
v -4.23750 4.35000 -7.26750
v -4.23750 3.35000 -7.23250
v -4.20250 3.35000 -7.23250
v -4.20250 4.35000 -7.23250
v -4.23750 4.35000 -7.23250
v -3.93750 3.35000 -7.26750
v -3.90250 3.35000 -7.26750
v -3.90250 4.35000 -7.26750
v -3.93750 4.35000 -7.26750
v -3.93750 3.35000 -7.23250
v -3.90250 3.35000 -7.23250
v -3.90250 4.35000 -7.23250
v -3.93750 4.35000 -7.23250
v -6.36750 4.32250 -7.27500
v -6.31250 4.32250 -7.27500
v -6.31250 4.37750 -7.27500
v -6.36750 4.37750 -7.27500
v -6.36750 4.32250 -6.02500
v -6.31250 4.32250 -6.02500
v -6.31250 4.37750 -6.02500
v -6.36750 4.37750 -6.02500
v -3.92750 4.32250 -7.27500
v -3.87250 4.32250 -7.27500
v -3.87250 4.37750 -7.27500
v -3.92750 4.37750 -7.27500
v -3.92750 4.32250 -6.02500
v -3.87250 4.32250 -6.02500
v -3.87250 4.37750 -6.02500
v -3.92750 4.37750 -6.02500
v 3.87000 4.32000 -7.28000
v 6.37000 4.32000 -7.28000
v 6.37000 4.38000 -7.28000
v 3.87000 4.38000 -7.28000
v 3.87000 4.32000 -7.22000
v 6.37000 4.32000 -7.22000
v 6.37000 4.38000 -7.22000
v 3.87000 4.38000 -7.22000
v 3.90250 3.35000 -7.26750
v 3.93750 3.35000 -7.26750
v 3.93750 4.35000 -7.26750
v 3.90250 4.35000 -7.26750
v 3.90250 3.35000 -7.23250
v 3.93750 3.35000 -7.23250
v 3.93750 4.35000 -7.23250
v 3.90250 4.35000 -7.23250
v 4.20250 3.35000 -7.26750
v 4.23750 3.35000 -7.26750
v 4.23750 4.35000 -7.26750
v 4.20250 4.35000 -7.26750
v 4.20250 3.35000 -7.23250
v 4.23750 3.35000 -7.23250
v 4.23750 4.35000 -7.23250
v 4.20250 4.35000 -7.23250
v 4.50250 3.35000 -7.26750
v 4.53750 3.35000 -7.26750
v 4.53750 4.35000 -7.26750
v 4.50250 4.35000 -7.26750
v 4.50250 3.35000 -7.23250
v 4.53750 3.35000 -7.23250
v 4.53750 4.35000 -7.23250
v 4.50250 4.35000 -7.23250
v 4.80250 3.35000 -7.26750
v 4.83750 3.35000 -7.26750
v 4.83750 4.35000 -7.26750
v 4.80250 4.35000 -7.26750
v 4.80250 3.35000 -7.23250
v 4.83750 3.35000 -7.23250
v 4.83750 4.35000 -7.23250
v 4.80250 4.35000 -7.23250
v 5.10250 3.35000 -7.26750
v 5.13750 3.35000 -7.26750
v 5.13750 4.35000 -7.26750
v 5.10250 4.35000 -7.26750
v 5.10250 3.35000 -7.23250
v 5.13750 3.35000 -7.23250
v 5.13750 4.35000 -7.23250
v 5.10250 4.35000 -7.23250
v 5.40250 3.35000 -7.26750
v 5.43750 3.35000 -7.26750
v 5.43750 4.35000 -7.26750
v 5.40250 4.35000 -7.26750
v 5.40250 3.35000 -7.23250
v 5.43750 3.35000 -7.23250
v 5.43750 4.35000 -7.23250
v 5.40250 4.35000 -7.23250
v 5.70250 3.35000 -7.26750
v 5.73750 3.35000 -7.26750
v 5.73750 4.35000 -7.26750
v 5.70250 4.35000 -7.26750
v 5.70250 3.35000 -7.23250
v 5.73750 3.35000 -7.23250
v 5.73750 4.35000 -7.23250
v 5.70250 4.35000 -7.23250
v 6.00250 3.35000 -7.26750
v 6.03750 3.35000 -7.26750
v 6.03750 4.35000 -7.26750
v 6.00250 4.35000 -7.26750
v 6.00250 3.35000 -7.23250
v 6.03750 3.35000 -7.23250
v 6.03750 4.35000 -7.23250
v 6.00250 4.35000 -7.23250
v 6.30250 3.35000 -7.26750
v 6.33750 3.35000 -7.26750
v 6.33750 4.35000 -7.26750
v 6.30250 4.35000 -7.26750
v 6.30250 3.35000 -7.23250
v 6.33750 3.35000 -7.23250
v 6.33750 4.35000 -7.23250
v 6.30250 4.35000 -7.23250
v 3.87250 4.32250 -7.27500
v 3.92750 4.32250 -7.27500
v 3.92750 4.37750 -7.27500
v 3.87250 4.37750 -7.27500
v 3.87250 4.32250 -6.02500
v 3.92750 4.32250 -6.02500
v 3.92750 4.37750 -6.02500
v 3.87250 4.37750 -6.02500
v 6.31250 4.32250 -7.27500
v 6.36750 4.32250 -7.27500
v 6.36750 4.37750 -7.27500
v 6.31250 4.37750 -7.27500
v 6.31250 4.32250 -6.02500
v 6.36750 4.32250 -6.02500
v 6.36750 4.37750 -6.02500
v 6.31250 4.37750 -6.02500
v -7.91750 0.00000 -6.15750
v -7.84250 0.00000 -6.15750
v -7.84250 9.30000 -6.15750
v -7.91750 9.30000 -6.15750
v -7.91750 0.00000 -6.08250
v -7.84250 0.00000 -6.08250
v -7.84250 9.30000 -6.08250
v -7.91750 9.30000 -6.08250
v 7.84250 0.00000 -6.15750
v 7.91750 0.00000 -6.15750
v 7.91750 9.30000 -6.15750
v 7.84250 9.30000 -6.15750
v 7.84250 0.00000 -6.08250
v 7.91750 0.00000 -6.08250
v 7.91750 9.30000 -6.08250
v 7.84250 9.30000 -6.08250
v 2.10000 9.47500 -0.90000
v 4.30000 9.47500 -0.90000
v 4.30000 10.32500 -0.90000
v 2.10000 10.32500 -0.90000
v 2.10000 9.47500 0.90000
v 4.30000 9.47500 0.90000
v 4.30000 10.32500 0.90000
v 2.10000 10.32500 0.90000
vt 0.23750 -1.28687
vt 0.66250 -1.28687
vt 0.66250 -1.27313
vt 0.23750 -1.27313
f 777/2329 780/2330 779/2331 778/2332
vt 0.23750 -1.28687
vt 0.23750 -1.27313
vt 0.66250 -1.27313
vt 0.66250 -1.28687
f 781/2333 782/2334 783/2335 784/2336
vt 0.23750 -1.55125
vt 0.23750 -1.53875
vt 0.66250 -1.53875
vt 0.66250 -1.55125
f 777/2337 781/2338 784/2339 780/2340
vt 0.23750 -1.55125
vt 0.66250 -1.55125
vt 0.66250 -1.53875
vt 0.23750 -1.53875
f 778/2341 779/2342 783/2343 782/2344
vt -1.28687 -1.55125
vt -1.28687 -1.53875
vt -1.27313 -1.53875
vt -1.27313 -1.55125
f 780/2345 784/2346 783/2347 779/2348
vt -1.28687 -1.55125
vt -1.27313 -1.55125
vt -1.27313 -1.53875
vt -1.28687 -1.53875
f 777/2349 778/2350 782/2351 781/2352
vt 0.23750 -1.27313
vt 0.66250 -1.27313
vt 0.66250 -1.28687
vt 0.23750 -1.28687
f 785/2353 788/2354 787/2355 786/2356
vt 0.23750 -1.27313
vt 0.23750 -1.28687
vt 0.66250 -1.28687
vt 0.66250 -1.27313
f 789/2357 790/2358 791/2359 792/2360
vt 0.23750 1.55125
vt 0.23750 1.53875
vt 0.66250 1.53875
vt 0.66250 1.55125
f 785/2361 789/2362 792/2363 788/2364
vt 0.23750 1.55125
vt 0.66250 1.55125
vt 0.66250 1.53875
vt 0.23750 1.53875
f 786/2365 787/2366 791/2367 790/2368
vt -1.27313 1.55125
vt -1.27313 1.53875
vt -1.28687 1.53875
vt -1.28687 1.55125
f 788/2369 792/2370 791/2371 787/2372
vt -1.27313 1.55125
vt -1.28687 1.55125
vt -1.28687 1.53875
vt -1.27313 1.53875
f 785/2373 786/2374 790/2375 789/2376
vt 0.23750 1.27313
vt 0.66250 1.27313
vt 0.66250 1.28687
vt 0.23750 1.28687
f 793/2377 796/2378 795/2379 794/2380
vt 0.23750 1.27313
vt 0.23750 1.28687
vt 0.66250 1.28687
vt 0.66250 1.27313
f 797/2381 798/2382 799/2383 800/2384
vt 0.23750 -1.55125
vt 0.23750 -1.53875
vt 0.66250 -1.53875
vt 0.66250 -1.55125
f 793/2385 797/2386 800/2387 796/2388
vt 0.23750 -1.55125
vt 0.66250 -1.55125
vt 0.66250 -1.53875
vt 0.23750 -1.53875
f 794/2389 795/2390 799/2391 798/2392
vt 1.27313 -1.55125
vt 1.27313 -1.53875
vt 1.28687 -1.53875
vt 1.28687 -1.55125
f 796/2393 800/2394 799/2395 795/2396
vt 1.27313 -1.55125
vt 1.28687 -1.55125
vt 1.28687 -1.53875
vt 1.27313 -1.53875
f 793/2397 794/2398 798/2399 797/2400
vt 0.23750 1.28687
vt 0.66250 1.28687
vt 0.66250 1.27313
vt 0.23750 1.27313
f 801/2401 804/2402 803/2403 802/2404
vt 0.23750 1.28687
vt 0.23750 1.27313
vt 0.66250 1.27313
vt 0.66250 1.28687
f 805/2405 806/2406 807/2407 808/2408
vt 0.23750 1.55125
vt 0.23750 1.53875
vt 0.66250 1.53875
vt 0.66250 1.55125
f 801/2409 805/2410 808/2411 804/2412
vt 0.23750 1.55125
vt 0.66250 1.55125
vt 0.66250 1.53875
vt 0.23750 1.53875
f 802/2413 803/2414 807/2415 806/2416
vt 1.28687 1.55125
vt 1.28687 1.53875
vt 1.27313 1.53875
vt 1.27313 1.55125
f 804/2417 808/2418 807/2419 803/2420
vt 1.28687 1.55125
vt 1.27313 1.55125
vt 1.27313 1.53875
vt 1.28687 1.53875
f 801/2421 802/2422 806/2423 805/2424
vt 0.23750 -0.80313
vt 0.66250 -0.80313
vt 0.66250 -0.81688
vt 0.23750 -0.81688
f 809/2425 812/2426 811/2427 810/2428
vt 0.23750 -0.80313
vt 0.23750 -0.81688
vt 0.66250 -0.81688
vt 0.66250 -0.80313
f 813/2429 814/2430 815/2431 816/2432
vt 0.23750 -2.05125
vt 0.23750 -2.03875
vt 0.66250 -2.03875
vt 0.66250 -2.05125
f 809/2433 813/2434 816/2435 812/2436
vt 0.23750 -2.05125
vt 0.66250 -2.05125
vt 0.66250 -2.03875
vt 0.23750 -2.03875
f 810/2437 811/2438 815/2439 814/2440
vt -0.80313 -2.05125
vt -0.80313 -2.03875
vt -0.81688 -2.03875
vt -0.81688 -2.05125
f 812/2441 816/2442 815/2443 811/2444
vt -0.80313 -2.05125
vt -0.81688 -2.05125
vt -0.81688 -2.03875
vt -0.80313 -2.03875
f 809/2445 810/2446 814/2447 813/2448
vt 0.23750 0.81688
vt 0.66250 0.81688
vt 0.66250 0.80313
vt 0.23750 0.80313
f 817/2449 820/2450 819/2451 818/2452
vt 0.23750 0.81688
vt 0.23750 0.80313
vt 0.66250 0.80313
vt 0.66250 0.81688
f 821/2453 822/2454 823/2455 824/2456
vt 0.23750 -2.05125
vt 0.23750 -2.03875
vt 0.66250 -2.03875
vt 0.66250 -2.05125
f 817/2457 821/2458 824/2459 820/2460
vt 0.23750 -2.05125
vt 0.66250 -2.05125
vt 0.66250 -2.03875
vt 0.23750 -2.03875
f 818/2461 819/2462 823/2463 822/2464
vt 0.81688 -2.05125
vt 0.81688 -2.03875
vt 0.80313 -2.03875
vt 0.80313 -2.05125
f 820/2465 824/2466 823/2467 819/2468
vt 0.81688 -2.05125
vt 0.80313 -2.05125
vt 0.80313 -2.03875
vt 0.81688 -2.03875
f 817/2469 818/2470 822/2471 821/2472
vt 0.23750 -0.81688
vt 0.66250 -0.81688
vt 0.66250 -0.80313
vt 0.23750 -0.80313
f 825/2473 828/2474 827/2475 826/2476
vt 0.23750 -0.81688
vt 0.23750 -0.80313
vt 0.66250 -0.80313
vt 0.66250 -0.81688
f 829/2477 830/2478 831/2479 832/2480
vt 0.23750 2.05125
vt 0.23750 2.03875
vt 0.66250 2.03875
vt 0.66250 2.05125
f 825/2481 829/2482 832/2483 828/2484
vt 0.23750 2.05125
vt 0.66250 2.05125
vt 0.66250 2.03875
vt 0.23750 2.03875
f 826/2485 827/2486 831/2487 830/2488
vt -0.81688 2.05125
vt -0.81688 2.03875
vt -0.80313 2.03875
vt -0.80313 2.05125
f 828/2489 832/2490 831/2491 827/2492
vt -0.81688 2.05125
vt -0.80313 2.05125
vt -0.80313 2.03875
vt -0.81688 2.03875
f 825/2493 826/2494 830/2495 829/2496
vt 0.23750 0.80313
vt 0.66250 0.80313
vt 0.66250 0.81688
vt 0.23750 0.81688
f 833/2497 836/2498 835/2499 834/2500
vt 0.23750 0.80313
vt 0.23750 0.81688
vt 0.66250 0.81688
vt 0.66250 0.80313
f 837/2501 838/2502 839/2503 840/2504
vt 0.23750 2.05125
vt 0.23750 2.03875
vt 0.66250 2.03875
vt 0.66250 2.05125
f 833/2505 837/2506 840/2507 836/2508
vt 0.23750 2.05125
vt 0.66250 2.05125
vt 0.66250 2.03875
vt 0.23750 2.03875
f 834/2509 835/2510 839/2511 838/2512
vt 0.80313 2.05125
vt 0.80313 2.03875
vt 0.81688 2.03875
vt 0.81688 2.05125
f 836/2513 840/2514 839/2515 835/2516
vt 0.80313 2.05125
vt 0.81688 2.05125
vt 0.81688 2.03875
vt 0.80313 2.03875
f 833/2517 834/2518 838/2519 837/2520
vt 1.01250 -1.28687
vt 1.43750 -1.28687
vt 1.43750 -1.27313
vt 1.01250 -1.27313
f 841/2521 844/2522 843/2523 842/2524
vt 1.01250 -1.28687
vt 1.01250 -1.27313
vt 1.43750 -1.27313
vt 1.43750 -1.28687
f 845/2525 846/2526 847/2527 848/2528
vt 1.01250 -1.55125
vt 1.01250 -1.53875
vt 1.43750 -1.53875
vt 1.43750 -1.55125
f 841/2529 845/2530 848/2531 844/2532
vt 1.01250 -1.55125
vt 1.43750 -1.55125
vt 1.43750 -1.53875
vt 1.01250 -1.53875
f 842/2533 843/2534 847/2535 846/2536
vt -1.28687 -1.55125
vt -1.28687 -1.53875
vt -1.27313 -1.53875
vt -1.27313 -1.55125
f 844/2537 848/2538 847/2539 843/2540
vt -1.28687 -1.55125
vt -1.27313 -1.55125
vt -1.27313 -1.53875
vt -1.28687 -1.53875
f 841/2541 842/2542 846/2543 845/2544
vt 1.01250 -1.27313
vt 1.43750 -1.27313
vt 1.43750 -1.28687
vt 1.01250 -1.28687
f 849/2545 852/2546 851/2547 850/2548
vt 1.01250 -1.27313
vt 1.01250 -1.28687
vt 1.43750 -1.28687
vt 1.43750 -1.27313
f 853/2549 854/2550 855/2551 856/2552
vt 1.01250 1.55125
vt 1.01250 1.53875
vt 1.43750 1.53875
vt 1.43750 1.55125
f 849/2553 853/2554 856/2555 852/2556
vt 1.01250 1.55125
vt 1.43750 1.55125
vt 1.43750 1.53875
vt 1.01250 1.53875
f 850/2557 851/2558 855/2559 854/2560
vt -1.27313 1.55125
vt -1.27313 1.53875
vt -1.28687 1.53875
vt -1.28687 1.55125
f 852/2561 856/2562 855/2563 851/2564
vt -1.27313 1.55125
vt -1.28687 1.55125
vt -1.28687 1.53875
vt -1.27313 1.53875
f 849/2565 850/2566 854/2567 853/2568
vt 1.01250 -0.00688
vt 1.43750 -0.00688
vt 1.43750 0.00688
vt 1.01250 0.00688
f 857/2569 860/2570 859/2571 858/2572
vt 1.01250 -0.00688
vt 1.01250 0.00688
vt 1.43750 0.00688
vt 1.43750 -0.00688
f 861/2573 862/2574 863/2575 864/2576
vt 1.01250 -1.55125
vt 1.01250 -1.53875
vt 1.43750 -1.53875
vt 1.43750 -1.55125
f 857/2577 861/2578 864/2579 860/2580
vt 1.01250 -1.55125
vt 1.43750 -1.55125
vt 1.43750 -1.53875
vt 1.01250 -1.53875
f 858/2581 859/2582 863/2583 862/2584
vt -0.00688 -1.55125
vt -0.00688 -1.53875
vt 0.00688 -1.53875
vt 0.00688 -1.55125
f 860/2585 864/2586 863/2587 859/2588
vt -0.00688 -1.55125
vt 0.00688 -1.55125
vt 0.00688 -1.53875
vt -0.00688 -1.53875
f 857/2589 858/2590 862/2591 861/2592
vt 1.01250 0.00687
vt 1.43750 0.00687
vt 1.43750 -0.00688
vt 1.01250 -0.00688
f 865/2593 868/2594 867/2595 866/2596
vt 1.01250 0.00687
vt 1.01250 -0.00688
vt 1.43750 -0.00688
vt 1.43750 0.00687
f 869/2597 870/2598 871/2599 872/2600
vt 1.01250 1.55125
vt 1.01250 1.53875
vt 1.43750 1.53875
vt 1.43750 1.55125
f 865/2601 869/2602 872/2603 868/2604
vt 1.01250 1.55125
vt 1.43750 1.55125
vt 1.43750 1.53875
vt 1.01250 1.53875
f 866/2605 867/2606 871/2607 870/2608
vt 0.00687 1.55125
vt 0.00687 1.53875
vt -0.00688 1.53875
vt -0.00688 1.55125
f 868/2609 872/2610 871/2611 867/2612
vt 0.00687 1.55125
vt -0.00688 1.55125
vt -0.00688 1.53875
vt 0.00687 1.53875
f 865/2613 866/2614 870/2615 869/2616
vt 1.01250 1.27313
vt 1.43750 1.27313
vt 1.43750 1.28687
vt 1.01250 1.28687
f 873/2617 876/2618 875/2619 874/2620
vt 1.01250 1.27313
vt 1.01250 1.28687
vt 1.43750 1.28687
vt 1.43750 1.27313
f 877/2621 878/2622 879/2623 880/2624
vt 1.01250 -1.55125
vt 1.01250 -1.53875
vt 1.43750 -1.53875
vt 1.43750 -1.55125
f 873/2625 877/2626 880/2627 876/2628
vt 1.01250 -1.55125
vt 1.43750 -1.55125
vt 1.43750 -1.53875
vt 1.01250 -1.53875
f 874/2629 875/2630 879/2631 878/2632
vt 1.27313 -1.55125
vt 1.27313 -1.53875
vt 1.28687 -1.53875
vt 1.28687 -1.55125
f 876/2633 880/2634 879/2635 875/2636
vt 1.27313 -1.55125
vt 1.28687 -1.55125
vt 1.28687 -1.53875
vt 1.27313 -1.53875
f 873/2637 874/2638 878/2639 877/2640
vt 1.01250 1.28687
vt 1.43750 1.28687
vt 1.43750 1.27313
vt 1.01250 1.27313
f 881/2641 884/2642 883/2643 882/2644
vt 1.01250 1.28687
vt 1.01250 1.27313
vt 1.43750 1.27313
vt 1.43750 1.28687
f 885/2645 886/2646 887/2647 888/2648
vt 1.01250 1.55125
vt 1.01250 1.53875
vt 1.43750 1.53875
vt 1.43750 1.55125
f 881/2649 885/2650 888/2651 884/2652
vt 1.01250 1.55125
vt 1.43750 1.55125
vt 1.43750 1.53875
vt 1.01250 1.53875
f 882/2653 883/2654 887/2655 886/2656
vt 1.28687 1.55125
vt 1.28687 1.53875
vt 1.27313 1.53875
vt 1.27313 1.55125
f 884/2657 888/2658 887/2659 883/2660
vt 1.28687 1.55125
vt 1.27313 1.55125
vt 1.27313 1.53875
vt 1.28687 1.53875
f 881/2661 882/2662 886/2663 885/2664
vt 1.01250 -0.80313
vt 1.43750 -0.80313
vt 1.43750 -0.81688
vt 1.01250 -0.81688
f 889/2665 892/2666 891/2667 890/2668
vt 1.01250 -0.80313
vt 1.01250 -0.81688
vt 1.43750 -0.81688
vt 1.43750 -0.80313
f 893/2669 894/2670 895/2671 896/2672
vt 1.01250 -2.05125
vt 1.01250 -2.03875
vt 1.43750 -2.03875
vt 1.43750 -2.05125
f 889/2673 893/2674 896/2675 892/2676
vt 1.01250 -2.05125
vt 1.43750 -2.05125
vt 1.43750 -2.03875
vt 1.01250 -2.03875
f 890/2677 891/2678 895/2679 894/2680
vt -0.80313 -2.05125
vt -0.80313 -2.03875
vt -0.81688 -2.03875
vt -0.81688 -2.05125
f 892/2681 896/2682 895/2683 891/2684
vt -0.80313 -2.05125
vt -0.81688 -2.05125
vt -0.81688 -2.03875
vt -0.80313 -2.03875
f 889/2685 890/2686 894/2687 893/2688
vt 1.01250 0.81688
vt 1.43750 0.81688
vt 1.43750 0.80313
vt 1.01250 0.80313
f 897/2689 900/2690 899/2691 898/2692
vt 1.01250 0.81688
vt 1.01250 0.80313
vt 1.43750 0.80313
vt 1.43750 0.81688
f 901/2693 902/2694 903/2695 904/2696
vt 1.01250 -2.05125
vt 1.01250 -2.03875
vt 1.43750 -2.03875
vt 1.43750 -2.05125
f 897/2697 901/2698 904/2699 900/2700
vt 1.01250 -2.05125
vt 1.43750 -2.05125
vt 1.43750 -2.03875
vt 1.01250 -2.03875
f 898/2701 899/2702 903/2703 902/2704
vt 0.81688 -2.05125
vt 0.81688 -2.03875
vt 0.80313 -2.03875
vt 0.80313 -2.05125
f 900/2705 904/2706 903/2707 899/2708
vt 0.81688 -2.05125
vt 0.80313 -2.05125
vt 0.80313 -2.03875
vt 0.81688 -2.03875
f 897/2709 898/2710 902/2711 901/2712
vt 1.01250 -0.81688
vt 1.43750 -0.81688
vt 1.43750 -0.80313
vt 1.01250 -0.80313
f 905/2713 908/2714 907/2715 906/2716
vt 1.01250 -0.81688
vt 1.01250 -0.80313
vt 1.43750 -0.80313
vt 1.43750 -0.81688
f 909/2717 910/2718 911/2719 912/2720
vt 1.01250 2.05125
vt 1.01250 2.03875
vt 1.43750 2.03875
vt 1.43750 2.05125
f 905/2721 909/2722 912/2723 908/2724
vt 1.01250 2.05125
vt 1.43750 2.05125
vt 1.43750 2.03875
vt 1.01250 2.03875
f 906/2725 907/2726 911/2727 910/2728
vt -0.81688 2.05125
vt -0.81688 2.03875
vt -0.80313 2.03875
vt -0.80313 2.05125
f 908/2729 912/2730 911/2731 907/2732
vt -0.81688 2.05125
vt -0.80313 2.05125
vt -0.80313 2.03875
vt -0.81688 2.03875
f 905/2733 906/2734 910/2735 909/2736
vt 1.01250 0.80313
vt 1.43750 0.80313
vt 1.43750 0.81688
vt 1.01250 0.81688
f 913/2737 916/2738 915/2739 914/2740
vt 1.01250 0.80313
vt 1.01250 0.81688
vt 1.43750 0.81688
vt 1.43750 0.80313
f 917/2741 918/2742 919/2743 920/2744
vt 1.01250 2.05125
vt 1.01250 2.03875
vt 1.43750 2.03875
vt 1.43750 2.05125
f 913/2745 917/2746 920/2747 916/2748
vt 1.01250 2.05125
vt 1.43750 2.05125
vt 1.43750 2.03875
vt 1.01250 2.03875
f 914/2749 915/2750 919/2751 918/2752
vt 0.80313 2.05125
vt 0.80313 2.03875
vt 0.81688 2.03875
vt 0.81688 2.05125
f 916/2753 920/2754 919/2755 915/2756
vt 0.80313 2.05125
vt 0.81688 2.05125
vt 0.81688 2.03875
vt 0.80313 2.03875
f 913/2757 914/2758 918/2759 917/2760
vt 1.78750 -1.28687
vt 2.21250 -1.28687
vt 2.21250 -1.27313
vt 1.78750 -1.27313
f 921/2761 924/2762 923/2763 922/2764
vt 1.78750 -1.28687
vt 1.78750 -1.27313
vt 2.21250 -1.27313
vt 2.21250 -1.28687
f 925/2765 926/2766 927/2767 928/2768
vt 1.78750 -1.55125
vt 1.78750 -1.53875
vt 2.21250 -1.53875
vt 2.21250 -1.55125
f 921/2769 925/2770 928/2771 924/2772
vt 1.78750 -1.55125
vt 2.21250 -1.55125
vt 2.21250 -1.53875
vt 1.78750 -1.53875
f 922/2773 923/2774 927/2775 926/2776
vt -1.28687 -1.55125
vt -1.28687 -1.53875
vt -1.27313 -1.53875
vt -1.27313 -1.55125
f 924/2777 928/2778 927/2779 923/2780
vt -1.28687 -1.55125
vt -1.27313 -1.55125
vt -1.27313 -1.53875
vt -1.28687 -1.53875
f 921/2781 922/2782 926/2783 925/2784
vt 1.78750 -1.27313
vt 2.21250 -1.27313
vt 2.21250 -1.28687
vt 1.78750 -1.28687
f 929/2785 932/2786 931/2787 930/2788
vt 1.78750 -1.27313
vt 1.78750 -1.28687
vt 2.21250 -1.28687
vt 2.21250 -1.27313
f 933/2789 934/2790 935/2791 936/2792
vt 1.78750 1.55125
vt 1.78750 1.53875
vt 2.21250 1.53875
vt 2.21250 1.55125
f 929/2793 933/2794 936/2795 932/2796
vt 1.78750 1.55125
vt 2.21250 1.55125
vt 2.21250 1.53875
vt 1.78750 1.53875
f 930/2797 931/2798 935/2799 934/2800
vt -1.27313 1.55125
vt -1.27313 1.53875
vt -1.28687 1.53875
vt -1.28687 1.55125
f 932/2801 936/2802 935/2803 931/2804
vt -1.27313 1.55125
vt -1.28687 1.55125
vt -1.28687 1.53875
vt -1.27313 1.53875
f 929/2805 930/2806 934/2807 933/2808
vt 1.78750 -0.00688
vt 2.21250 -0.00688
vt 2.21250 0.00688
vt 1.78750 0.00688
f 937/2809 940/2810 939/2811 938/2812
vt 1.78750 -0.00688
vt 1.78750 0.00688
vt 2.21250 0.00688
vt 2.21250 -0.00688
f 941/2813 942/2814 943/2815 944/2816
vt 1.78750 -1.55125
vt 1.78750 -1.53875
vt 2.21250 -1.53875
vt 2.21250 -1.55125
f 937/2817 941/2818 944/2819 940/2820
vt 1.78750 -1.55125
vt 2.21250 -1.55125
vt 2.21250 -1.53875
vt 1.78750 -1.53875
f 938/2821 939/2822 943/2823 942/2824
vt -0.00688 -1.55125
vt -0.00688 -1.53875
vt 0.00688 -1.53875
vt 0.00688 -1.55125
f 940/2825 944/2826 943/2827 939/2828
vt -0.00688 -1.55125
vt 0.00688 -1.55125
vt 0.00688 -1.53875
vt -0.00688 -1.53875
f 937/2829 938/2830 942/2831 941/2832
vt 1.78750 0.00687
vt 2.21250 0.00687
vt 2.21250 -0.00688
vt 1.78750 -0.00688
f 945/2833 948/2834 947/2835 946/2836
vt 1.78750 0.00687
vt 1.78750 -0.00688
vt 2.21250 -0.00688
vt 2.21250 0.00687
f 949/2837 950/2838 951/2839 952/2840
vt 1.78750 1.55125
vt 1.78750 1.53875
vt 2.21250 1.53875
vt 2.21250 1.55125
f 945/2841 949/2842 952/2843 948/2844
vt 1.78750 1.55125
vt 2.21250 1.55125
vt 2.21250 1.53875
vt 1.78750 1.53875
f 946/2845 947/2846 951/2847 950/2848
vt 0.00687 1.55125
vt 0.00687 1.53875
vt -0.00688 1.53875
vt -0.00688 1.55125
f 948/2849 952/2850 951/2851 947/2852
vt 0.00687 1.55125
vt -0.00688 1.55125
vt -0.00688 1.53875
vt 0.00687 1.53875
f 945/2853 946/2854 950/2855 949/2856
vt 1.78750 1.27313
vt 2.21250 1.27313
vt 2.21250 1.28687
vt 1.78750 1.28687
f 953/2857 956/2858 955/2859 954/2860
vt 1.78750 1.27313
vt 1.78750 1.28687
vt 2.21250 1.28687
vt 2.21250 1.27313
f 957/2861 958/2862 959/2863 960/2864
vt 1.78750 -1.55125
vt 1.78750 -1.53875
vt 2.21250 -1.53875
vt 2.21250 -1.55125
f 953/2865 957/2866 960/2867 956/2868
vt 1.78750 -1.55125
vt 2.21250 -1.55125
vt 2.21250 -1.53875
vt 1.78750 -1.53875
f 954/2869 955/2870 959/2871 958/2872
vt 1.27313 -1.55125
vt 1.27313 -1.53875
vt 1.28687 -1.53875
vt 1.28687 -1.55125
f 956/2873 960/2874 959/2875 955/2876
vt 1.27313 -1.55125
vt 1.28687 -1.55125
vt 1.28687 -1.53875
vt 1.27313 -1.53875
f 953/2877 954/2878 958/2879 957/2880
vt 1.78750 1.28687
vt 2.21250 1.28687
vt 2.21250 1.27313
vt 1.78750 1.27313
f 961/2881 964/2882 963/2883 962/2884
vt 1.78750 1.28687
vt 1.78750 1.27313
vt 2.21250 1.27313
vt 2.21250 1.28687
f 965/2885 966/2886 967/2887 968/2888
vt 1.78750 1.55125
vt 1.78750 1.53875
vt 2.21250 1.53875
vt 2.21250 1.55125
f 961/2889 965/2890 968/2891 964/2892
vt 1.78750 1.55125
vt 2.21250 1.55125
vt 2.21250 1.53875
vt 1.78750 1.53875
f 962/2893 963/2894 967/2895 966/2896
vt 1.28687 1.55125
vt 1.28687 1.53875
vt 1.27313 1.53875
vt 1.27313 1.55125
f 964/2897 968/2898 967/2899 963/2900
vt 1.28687 1.55125
vt 1.27313 1.55125
vt 1.27313 1.53875
vt 1.28687 1.53875
f 961/2901 962/2902 966/2903 965/2904
vt 1.78750 -0.80313
vt 2.21250 -0.80313
vt 2.21250 -0.81688
vt 1.78750 -0.81688
f 969/2905 972/2906 971/2907 970/2908
vt 1.78750 -0.80313
vt 1.78750 -0.81688
vt 2.21250 -0.81688
vt 2.21250 -0.80313
f 973/2909 974/2910 975/2911 976/2912
vt 1.78750 -2.05125
vt 1.78750 -2.03875
vt 2.21250 -2.03875
vt 2.21250 -2.05125
f 969/2913 973/2914 976/2915 972/2916
vt 1.78750 -2.05125
vt 2.21250 -2.05125
vt 2.21250 -2.03875
vt 1.78750 -2.03875
f 970/2917 971/2918 975/2919 974/2920
vt -0.80313 -2.05125
vt -0.80313 -2.03875
vt -0.81688 -2.03875
vt -0.81688 -2.05125
f 972/2921 976/2922 975/2923 971/2924
vt -0.80313 -2.05125
vt -0.81688 -2.05125
vt -0.81688 -2.03875
vt -0.80313 -2.03875
f 969/2925 970/2926 974/2927 973/2928
vt 1.78750 0.81688
vt 2.21250 0.81688
vt 2.21250 0.80313
vt 1.78750 0.80313
f 977/2929 980/2930 979/2931 978/2932
vt 1.78750 0.81688
vt 1.78750 0.80313
vt 2.21250 0.80313
vt 2.21250 0.81688
f 981/2933 982/2934 983/2935 984/2936
vt 1.78750 -2.05125
vt 1.78750 -2.03875
vt 2.21250 -2.03875
vt 2.21250 -2.05125
f 977/2937 981/2938 984/2939 980/2940
vt 1.78750 -2.05125
vt 2.21250 -2.05125
vt 2.21250 -2.03875
vt 1.78750 -2.03875
f 978/2941 979/2942 983/2943 982/2944
vt 0.81688 -2.05125
vt 0.81688 -2.03875
vt 0.80313 -2.03875
vt 0.80313 -2.05125
f 980/2945 984/2946 983/2947 979/2948
vt 0.81688 -2.05125
vt 0.80313 -2.05125
vt 0.80313 -2.03875
vt 0.81688 -2.03875
f 977/2949 978/2950 982/2951 981/2952
vt 1.78750 -0.81688
vt 2.21250 -0.81688
vt 2.21250 -0.80313
vt 1.78750 -0.80313
f 985/2953 988/2954 987/2955 986/2956
vt 1.78750 -0.81688
vt 1.78750 -0.80313
vt 2.21250 -0.80313
vt 2.21250 -0.81688
f 989/2957 990/2958 991/2959 992/2960
vt 1.78750 2.05125
vt 1.78750 2.03875
vt 2.21250 2.03875
vt 2.21250 2.05125
f 985/2961 989/2962 992/2963 988/2964
vt 1.78750 2.05125
vt 2.21250 2.05125
vt 2.21250 2.03875
vt 1.78750 2.03875
f 986/2965 987/2966 991/2967 990/2968
vt -0.81688 2.05125
vt -0.81688 2.03875
vt -0.80313 2.03875
vt -0.80313 2.05125
f 988/2969 992/2970 991/2971 987/2972
vt -0.81688 2.05125
vt -0.80313 2.05125
vt -0.80313 2.03875
vt -0.81688 2.03875
f 985/2973 986/2974 990/2975 989/2976
vt 1.78750 0.80313
vt 2.21250 0.80313
vt 2.21250 0.81688
vt 1.78750 0.81688
f 993/2977 996/2978 995/2979 994/2980
vt 1.78750 0.80313
vt 1.78750 0.81688
vt 2.21250 0.81688
vt 2.21250 0.80313
f 997/2981 998/2982 999/2983 1000/2984
vt 1.78750 2.05125
vt 1.78750 2.03875
vt 2.21250 2.03875
vt 2.21250 2.05125
f 993/2985 997/2986 1000/2987 996/2988
vt 1.78750 2.05125
vt 2.21250 2.05125
vt 2.21250 2.03875
vt 1.78750 2.03875
f 994/2989 995/2990 999/2991 998/2992
vt 0.80313 2.05125
vt 0.80313 2.03875
vt 0.81688 2.03875
vt 0.81688 2.05125
f 996/2993 1000/2994 999/2995 995/2996
vt 0.80313 2.05125
vt 0.81688 2.05125
vt 0.81688 2.03875
vt 0.80313 2.03875
f 993/2997 994/2998 998/2999 997/3000
vt 0.00000 -0.00688
vt 0.62500 -0.00688
vt 0.62500 0.00688
vt 0.00000 0.00688
f 1001/3001 1004/3002 1003/3003 1002/3004
vt 0.00000 -0.00688
vt 0.00000 0.00688
vt 0.62500 0.00688
vt 0.62500 -0.00688
f 1005/3005 1006/3006 1007/3007 1008/3008
vt 0.00000 -1.57625
vt 0.00000 -1.56375
vt 0.62500 -1.56375
vt 0.62500 -1.57625
f 1001/3009 1005/3010 1008/3011 1004/3012
vt 0.00000 -1.57625
vt 0.62500 -1.57625
vt 0.62500 -1.56375
vt 0.00000 -1.56375
f 1002/3013 1003/3014 1007/3015 1006/3016
vt -0.00688 -1.57625
vt -0.00688 -1.56375
vt 0.00688 -1.56375
vt 0.00688 -1.57625
f 1004/3017 1008/3018 1007/3019 1003/3020
vt -0.00688 -1.57625
vt 0.00688 -1.57625
vt 0.00688 -1.56375
vt -0.00688 -1.56375
f 1001/3021 1002/3022 1006/3023 1005/3024
vt -0.32500 0.69750
vt -0.32500 0.72750
vt 0.32500 0.72750
vt 0.32500 0.69750
f 1009/3025 1012/3026 1011/3027 1010/3028
vt -0.32500 0.69750
vt 0.32500 0.69750
vt 0.32500 0.72750
vt -0.32500 0.72750
f 1013/3029 1014/3030 1015/3031 1016/3032
vt -1.86250 0.69750
vt -1.48750 0.69750
vt -1.48750 0.72750
vt -1.86250 0.72750
f 1009/3033 1013/3034 1016/3035 1012/3036
vt -1.86250 0.69750
vt -1.86250 0.72750
vt -1.48750 0.72750
vt -1.48750 0.69750
f 1010/3037 1011/3038 1015/3039 1014/3040
vt -0.32500 -1.86250
vt -0.32500 -1.48750
vt 0.32500 -1.48750
vt 0.32500 -1.86250
f 1012/3041 1016/3042 1015/3043 1011/3044
vt -0.32500 -1.86250
vt 0.32500 -1.86250
vt 0.32500 -1.48750
vt -0.32500 -1.48750
f 1009/3045 1010/3046 1014/3047 1013/3048
vt -1.59250 1.08000
vt -1.59250 1.09500
vt -0.96750 1.09500
vt -0.96750 1.08000
f 1017/3049 1020/3050 1019/3051 1018/3052
vt -1.59250 1.08000
vt -0.96750 1.08000
vt -0.96750 1.09500
vt -1.59250 1.09500
f 1021/3053 1022/3054 1023/3055 1024/3056
vt 1.08000 -1.82000
vt 1.08000 -1.80500
vt 1.09500 -1.80500
vt 1.09500 -1.82000
f 1017/3057 1021/3058 1024/3059 1020/3060
vt 1.08000 -1.82000
vt 1.09500 -1.82000
vt 1.09500 -1.80500
vt 1.08000 -1.80500
f 1018/3061 1019/3062 1023/3063 1022/3064
vt -1.59250 -1.82000
vt -1.59250 -1.80500
vt -0.96750 -1.80500
vt -0.96750 -1.82000
f 1020/3065 1024/3066 1023/3067 1019/3068
vt -1.59250 -1.82000
vt -0.96750 -1.82000
vt -0.96750 -1.80500
vt -1.59250 -1.80500
f 1017/3069 1018/3070 1022/3071 1021/3072
vt 0.83750 -1.58438
vt 1.08750 -1.58438
vt 1.08750 -1.57563
vt 0.83750 -1.57563
f 1025/3073 1028/3074 1027/3075 1026/3076
vt 0.83750 -1.58438
vt 0.83750 -1.57563
vt 1.08750 -1.57563
vt 1.08750 -1.58438
f 1029/3077 1030/3078 1031/3079 1032/3080
vt 0.83750 -1.81688
vt 0.83750 -1.80812
vt 1.08750 -1.80812
vt 1.08750 -1.81688
f 1025/3081 1029/3082 1032/3083 1028/3084
vt 0.83750 -1.81688
vt 1.08750 -1.81688
vt 1.08750 -1.80812
vt 0.83750 -1.80812
f 1026/3085 1027/3086 1031/3087 1030/3088
vt -1.58438 -1.81688
vt -1.58438 -1.80812
vt -1.57563 -1.80812
vt -1.57563 -1.81688
f 1028/3089 1032/3090 1031/3091 1027/3092
vt -1.58438 -1.81688
vt -1.57563 -1.81688
vt -1.57563 -1.80812
vt -1.58438 -1.80812
f 1025/3093 1026/3094 1030/3095 1029/3096
vt 0.83750 -1.50938
vt 1.08750 -1.50938
vt 1.08750 -1.50063
vt 0.83750 -1.50063
f 1033/3097 1036/3098 1035/3099 1034/3100
vt 0.83750 -1.50938
vt 0.83750 -1.50063
vt 1.08750 -1.50063
vt 1.08750 -1.50938
f 1037/3101 1038/3102 1039/3103 1040/3104
vt 0.83750 -1.81688
vt 0.83750 -1.80812
vt 1.08750 -1.80812
vt 1.08750 -1.81688
f 1033/3105 1037/3106 1040/3107 1036/3108
vt 0.83750 -1.81688
vt 1.08750 -1.81688
vt 1.08750 -1.80812
vt 0.83750 -1.80812
f 1034/3109 1035/3110 1039/3111 1038/3112
vt -1.50938 -1.81688
vt -1.50938 -1.80812
vt -1.50063 -1.80812
vt -1.50063 -1.81688
f 1036/3113 1040/3114 1039/3115 1035/3116
vt -1.50938 -1.81688
vt -1.50063 -1.81688
vt -1.50063 -1.80812
vt -1.50938 -1.80812
f 1033/3117 1034/3118 1038/3119 1037/3120
vt 0.83750 -1.43438
vt 1.08750 -1.43438
vt 1.08750 -1.42563
vt 0.83750 -1.42563
f 1041/3121 1044/3122 1043/3123 1042/3124
vt 0.83750 -1.43438
vt 0.83750 -1.42563
vt 1.08750 -1.42563
vt 1.08750 -1.43438
f 1045/3125 1046/3126 1047/3127 1048/3128
vt 0.83750 -1.81688
vt 0.83750 -1.80812
vt 1.08750 -1.80812
vt 1.08750 -1.81688
f 1041/3129 1045/3130 1048/3131 1044/3132
vt 0.83750 -1.81688
vt 1.08750 -1.81688
vt 1.08750 -1.80812
vt 0.83750 -1.80812
f 1042/3133 1043/3134 1047/3135 1046/3136
vt -1.43438 -1.81688
vt -1.43438 -1.80812
vt -1.42563 -1.80812
vt -1.42563 -1.81688
f 1044/3137 1048/3138 1047/3139 1043/3140
vt -1.43438 -1.81688
vt -1.42563 -1.81688
vt -1.42563 -1.80812
vt -1.43438 -1.80812
f 1041/3141 1042/3142 1046/3143 1045/3144
vt 0.83750 -1.35938
vt 1.08750 -1.35938
vt 1.08750 -1.35062
vt 0.83750 -1.35062
f 1049/3145 1052/3146 1051/3147 1050/3148
vt 0.83750 -1.35938
vt 0.83750 -1.35062
vt 1.08750 -1.35062
vt 1.08750 -1.35938
f 1053/3149 1054/3150 1055/3151 1056/3152
vt 0.83750 -1.81688
vt 0.83750 -1.80812
vt 1.08750 -1.80812
vt 1.08750 -1.81688
f 1049/3153 1053/3154 1056/3155 1052/3156
vt 0.83750 -1.81688
vt 1.08750 -1.81688
vt 1.08750 -1.80812
vt 0.83750 -1.80812
f 1050/3157 1051/3158 1055/3159 1054/3160
vt -1.35938 -1.81688
vt -1.35938 -1.80812
vt -1.35062 -1.80812
vt -1.35062 -1.81688
f 1052/3161 1056/3162 1055/3163 1051/3164
vt -1.35938 -1.81688
vt -1.35062 -1.81688
vt -1.35062 -1.80812
vt -1.35938 -1.80812
f 1049/3165 1050/3166 1054/3167 1053/3168
vt 0.83750 -1.28438
vt 1.08750 -1.28438
vt 1.08750 -1.27563
vt 0.83750 -1.27563
f 1057/3169 1060/3170 1059/3171 1058/3172
vt 0.83750 -1.28438
vt 0.83750 -1.27563
vt 1.08750 -1.27563
vt 1.08750 -1.28438
f 1061/3173 1062/3174 1063/3175 1064/3176
vt 0.83750 -1.81688
vt 0.83750 -1.80812
vt 1.08750 -1.80812
vt 1.08750 -1.81688
f 1057/3177 1061/3178 1064/3179 1060/3180
vt 0.83750 -1.81688
vt 1.08750 -1.81688
vt 1.08750 -1.80812
vt 0.83750 -1.80812
f 1058/3181 1059/3182 1063/3183 1062/3184
vt -1.28438 -1.81688
vt -1.28438 -1.80812
vt -1.27563 -1.80812
vt -1.27563 -1.81688
f 1060/3185 1064/3186 1063/3187 1059/3188
vt -1.28438 -1.81688
vt -1.27563 -1.81688
vt -1.27563 -1.80812
vt -1.28438 -1.80812
f 1057/3189 1058/3190 1062/3191 1061/3192
vt 0.83750 -1.20938
vt 1.08750 -1.20938
vt 1.08750 -1.20063
vt 0.83750 -1.20063
f 1065/3193 1068/3194 1067/3195 1066/3196
vt 0.83750 -1.20938
vt 0.83750 -1.20063
vt 1.08750 -1.20063
vt 1.08750 -1.20938
f 1069/3197 1070/3198 1071/3199 1072/3200
vt 0.83750 -1.81688
vt 0.83750 -1.80812
vt 1.08750 -1.80812
vt 1.08750 -1.81688
f 1065/3201 1069/3202 1072/3203 1068/3204
vt 0.83750 -1.81688
vt 1.08750 -1.81688
vt 1.08750 -1.80812
vt 0.83750 -1.80812
f 1066/3205 1067/3206 1071/3207 1070/3208
vt -1.20938 -1.81688
vt -1.20938 -1.80812
vt -1.20063 -1.80812
vt -1.20063 -1.81688
f 1068/3209 1072/3210 1071/3211 1067/3212
vt -1.20938 -1.81688
vt -1.20063 -1.81688
vt -1.20063 -1.80812
vt -1.20938 -1.80812
f 1065/3213 1066/3214 1070/3215 1069/3216
vt 0.83750 -1.13438
vt 1.08750 -1.13438
vt 1.08750 -1.12563
vt 0.83750 -1.12563
f 1073/3217 1076/3218 1075/3219 1074/3220
vt 0.83750 -1.13438
vt 0.83750 -1.12563
vt 1.08750 -1.12563
vt 1.08750 -1.13438
f 1077/3221 1078/3222 1079/3223 1080/3224
vt 0.83750 -1.81688
vt 0.83750 -1.80812
vt 1.08750 -1.80812
vt 1.08750 -1.81688
f 1073/3225 1077/3226 1080/3227 1076/3228
vt 0.83750 -1.81688
vt 1.08750 -1.81688
vt 1.08750 -1.80812
vt 0.83750 -1.80812
f 1074/3229 1075/3230 1079/3231 1078/3232
vt -1.13438 -1.81688
vt -1.13438 -1.80812
vt -1.12563 -1.80812
vt -1.12563 -1.81688
f 1076/3233 1080/3234 1079/3235 1075/3236
vt -1.13438 -1.81688
vt -1.12563 -1.81688
vt -1.12563 -1.80812
vt -1.13438 -1.80812
f 1073/3237 1074/3238 1078/3239 1077/3240
vt 0.83750 -1.05938
vt 1.08750 -1.05938
vt 1.08750 -1.05063
vt 0.83750 -1.05063
f 1081/3241 1084/3242 1083/3243 1082/3244
vt 0.83750 -1.05938
vt 0.83750 -1.05063
vt 1.08750 -1.05063
vt 1.08750 -1.05938
f 1085/3245 1086/3246 1087/3247 1088/3248
vt 0.83750 -1.81688
vt 0.83750 -1.80812
vt 1.08750 -1.80812
vt 1.08750 -1.81688
f 1081/3249 1085/3250 1088/3251 1084/3252
vt 0.83750 -1.81688
vt 1.08750 -1.81688
vt 1.08750 -1.80812
vt 0.83750 -1.80812
f 1082/3253 1083/3254 1087/3255 1086/3256
vt -1.05938 -1.81688
vt -1.05938 -1.80812
vt -1.05063 -1.80812
vt -1.05063 -1.81688
f 1084/3257 1088/3258 1087/3259 1083/3260
vt -1.05938 -1.81688
vt -1.05063 -1.81688
vt -1.05063 -1.80812
vt -1.05938 -1.80812
f 1081/3261 1082/3262 1086/3263 1085/3264
vt 0.83750 -0.98438
vt 1.08750 -0.98438
vt 1.08750 -0.97563
vt 0.83750 -0.97563
f 1089/3265 1092/3266 1091/3267 1090/3268
vt 0.83750 -0.98438
vt 0.83750 -0.97563
vt 1.08750 -0.97563
vt 1.08750 -0.98438
f 1093/3269 1094/3270 1095/3271 1096/3272
vt 0.83750 -1.81688
vt 0.83750 -1.80812
vt 1.08750 -1.80812
vt 1.08750 -1.81688
f 1089/3273 1093/3274 1096/3275 1092/3276
vt 0.83750 -1.81688
vt 1.08750 -1.81688
vt 1.08750 -1.80812
vt 0.83750 -1.80812
f 1090/3277 1091/3278 1095/3279 1094/3280
vt -0.98438 -1.81688
vt -0.98438 -1.80812
vt -0.97563 -1.80812
vt -0.97563 -1.81688
f 1092/3281 1096/3282 1095/3283 1091/3284
vt -0.98438 -1.81688
vt -0.97563 -1.81688
vt -0.97563 -1.80812
vt -0.98438 -1.80812
f 1089/3285 1090/3286 1094/3287 1093/3288
vt -1.59187 1.08062
vt -1.59187 1.09437
vt -1.57812 1.09437
vt -1.57812 1.08062
f 1097/3289 1100/3290 1099/3291 1098/3292
vt -1.59187 1.08062
vt -1.57812 1.08062
vt -1.57812 1.09437
vt -1.59187 1.09437
f 1101/3293 1102/3294 1103/3295 1104/3296
vt -1.81875 1.08062
vt -1.50625 1.08062
vt -1.50625 1.09437
vt -1.81875 1.09437
f 1097/3297 1101/3298 1104/3299 1100/3300
vt -1.81875 1.08062
vt -1.81875 1.09437
vt -1.50625 1.09437
vt -1.50625 1.08062
f 1098/3301 1099/3302 1103/3303 1102/3304
vt -1.81875 -1.59187
vt -1.50625 -1.59187
vt -1.50625 -1.57812
vt -1.81875 -1.57812
f 1100/3305 1104/3306 1103/3307 1099/3308
vt -1.81875 -1.59187
vt -1.81875 -1.57812
vt -1.50625 -1.57812
vt -1.50625 -1.59187
f 1097/3309 1098/3310 1102/3311 1101/3312
vt -0.98188 1.08062
vt -0.98188 1.09437
vt -0.96813 1.09437
vt -0.96813 1.08062
f 1105/3313 1108/3314 1107/3315 1106/3316
vt -0.98188 1.08062
vt -0.96813 1.08062
vt -0.96813 1.09437
vt -0.98188 1.09437
f 1109/3317 1110/3318 1111/3319 1112/3320
vt -1.81875 1.08062
vt -1.50625 1.08062
vt -1.50625 1.09437
vt -1.81875 1.09437
f 1105/3321 1109/3322 1112/3323 1108/3324
vt -1.81875 1.08062
vt -1.81875 1.09437
vt -1.50625 1.09437
vt -1.50625 1.08062
f 1106/3325 1107/3326 1111/3327 1110/3328
vt -1.81875 -0.98188
vt -1.50625 -0.98188
vt -1.50625 -0.96813
vt -1.81875 -0.96813
f 1108/3329 1112/3330 1111/3331 1107/3332
vt -1.81875 -0.98188
vt -1.81875 -0.96813
vt -1.50625 -0.96813
vt -1.50625 -0.98188
f 1105/3333 1106/3334 1110/3335 1109/3336
vt 0.96750 1.08000
vt 0.96750 1.09500
vt 1.59250 1.09500
vt 1.59250 1.08000
f 1113/3337 1116/3338 1115/3339 1114/3340
vt 0.96750 1.08000
vt 1.59250 1.08000
vt 1.59250 1.09500
vt 0.96750 1.09500
f 1117/3341 1118/3342 1119/3343 1120/3344
vt 1.08000 -1.82000
vt 1.08000 -1.80500
vt 1.09500 -1.80500
vt 1.09500 -1.82000
f 1113/3345 1117/3346 1120/3347 1116/3348
vt 1.08000 -1.82000
vt 1.09500 -1.82000
vt 1.09500 -1.80500
vt 1.08000 -1.80500
f 1114/3349 1115/3350 1119/3351 1118/3352
vt 0.96750 -1.82000
vt 0.96750 -1.80500
vt 1.59250 -1.80500
vt 1.59250 -1.82000
f 1116/3353 1120/3354 1119/3355 1115/3356
vt 0.96750 -1.82000
vt 1.59250 -1.82000
vt 1.59250 -1.80500
vt 0.96750 -1.80500
f 1113/3357 1114/3358 1118/3359 1117/3360
vt 0.83750 0.97562
vt 1.08750 0.97562
vt 1.08750 0.98438
vt 0.83750 0.98438
f 1121/3361 1124/3362 1123/3363 1122/3364
vt 0.83750 0.97562
vt 0.83750 0.98438
vt 1.08750 0.98438
vt 1.08750 0.97562
f 1125/3365 1126/3366 1127/3367 1128/3368
vt 0.83750 -1.81688
vt 0.83750 -1.80812
vt 1.08750 -1.80812
vt 1.08750 -1.81688
f 1121/3369 1125/3370 1128/3371 1124/3372
vt 0.83750 -1.81688
vt 1.08750 -1.81688
vt 1.08750 -1.80812
vt 0.83750 -1.80812
f 1122/3373 1123/3374 1127/3375 1126/3376
vt 0.97562 -1.81688
vt 0.97562 -1.80812
vt 0.98438 -1.80812
vt 0.98438 -1.81688
f 1124/3377 1128/3378 1127/3379 1123/3380
vt 0.97562 -1.81688
vt 0.98438 -1.81688
vt 0.98438 -1.80812
vt 0.97562 -1.80812
f 1121/3381 1122/3382 1126/3383 1125/3384
vt 0.83750 1.05062
vt 1.08750 1.05062
vt 1.08750 1.05937
vt 0.83750 1.05937
f 1129/3385 1132/3386 1131/3387 1130/3388
vt 0.83750 1.05062
vt 0.83750 1.05937
vt 1.08750 1.05937
vt 1.08750 1.05062
f 1133/3389 1134/3390 1135/3391 1136/3392
vt 0.83750 -1.81688
vt 0.83750 -1.80812
vt 1.08750 -1.80812
vt 1.08750 -1.81688
f 1129/3393 1133/3394 1136/3395 1132/3396
vt 0.83750 -1.81688
vt 1.08750 -1.81688
vt 1.08750 -1.80812
vt 0.83750 -1.80812
f 1130/3397 1131/3398 1135/3399 1134/3400
vt 1.05062 -1.81688
vt 1.05062 -1.80812
vt 1.05937 -1.80812
vt 1.05937 -1.81688
f 1132/3401 1136/3402 1135/3403 1131/3404
vt 1.05062 -1.81688
vt 1.05937 -1.81688
vt 1.05937 -1.80812
vt 1.05062 -1.80812
f 1129/3405 1130/3406 1134/3407 1133/3408
vt 0.83750 1.12562
vt 1.08750 1.12562
vt 1.08750 1.13437
vt 0.83750 1.13437
f 1137/3409 1140/3410 1139/3411 1138/3412
vt 0.83750 1.12562
vt 0.83750 1.13437
vt 1.08750 1.13437
vt 1.08750 1.12562
f 1141/3413 1142/3414 1143/3415 1144/3416
vt 0.83750 -1.81688
vt 0.83750 -1.80812
vt 1.08750 -1.80812
vt 1.08750 -1.81688
f 1137/3417 1141/3418 1144/3419 1140/3420
vt 0.83750 -1.81688
vt 1.08750 -1.81688
vt 1.08750 -1.80812
vt 0.83750 -1.80812
f 1138/3421 1139/3422 1143/3423 1142/3424
vt 1.12562 -1.81688
vt 1.12562 -1.80812
vt 1.13437 -1.80812
vt 1.13437 -1.81688
f 1140/3425 1144/3426 1143/3427 1139/3428
vt 1.12562 -1.81688
vt 1.13437 -1.81688
vt 1.13437 -1.80812
vt 1.12562 -1.80812
f 1137/3429 1138/3430 1142/3431 1141/3432
vt 0.83750 1.20063
vt 1.08750 1.20063
vt 1.08750 1.20938
vt 0.83750 1.20938
f 1145/3433 1148/3434 1147/3435 1146/3436
vt 0.83750 1.20063
vt 0.83750 1.20938
vt 1.08750 1.20938
vt 1.08750 1.20063
f 1149/3437 1150/3438 1151/3439 1152/3440
vt 0.83750 -1.81688
vt 0.83750 -1.80812
vt 1.08750 -1.80812
vt 1.08750 -1.81688
f 1145/3441 1149/3442 1152/3443 1148/3444
vt 0.83750 -1.81688
vt 1.08750 -1.81688
vt 1.08750 -1.80812
vt 0.83750 -1.80812
f 1146/3445 1147/3446 1151/3447 1150/3448
vt 1.20063 -1.81688
vt 1.20063 -1.80812
vt 1.20938 -1.80812
vt 1.20938 -1.81688
f 1148/3449 1152/3450 1151/3451 1147/3452
vt 1.20063 -1.81688
vt 1.20938 -1.81688
vt 1.20938 -1.80812
vt 1.20063 -1.80812
f 1145/3453 1146/3454 1150/3455 1149/3456
vt 0.83750 1.27563
vt 1.08750 1.27563
vt 1.08750 1.28438
vt 0.83750 1.28438
f 1153/3457 1156/3458 1155/3459 1154/3460
vt 0.83750 1.27563
vt 0.83750 1.28438
vt 1.08750 1.28438
vt 1.08750 1.27563
f 1157/3461 1158/3462 1159/3463 1160/3464
vt 0.83750 -1.81688
vt 0.83750 -1.80812
vt 1.08750 -1.80812
vt 1.08750 -1.81688
f 1153/3465 1157/3466 1160/3467 1156/3468
vt 0.83750 -1.81688
vt 1.08750 -1.81688
vt 1.08750 -1.80812
vt 0.83750 -1.80812
f 1154/3469 1155/3470 1159/3471 1158/3472
vt 1.27563 -1.81688
vt 1.27563 -1.80812
vt 1.28438 -1.80812
vt 1.28438 -1.81688
f 1156/3473 1160/3474 1159/3475 1155/3476
vt 1.27563 -1.81688
vt 1.28438 -1.81688
vt 1.28438 -1.80812
vt 1.27563 -1.80812
f 1153/3477 1154/3478 1158/3479 1157/3480
vt 0.83750 1.35062
vt 1.08750 1.35062
vt 1.08750 1.35938
vt 0.83750 1.35938
f 1161/3481 1164/3482 1163/3483 1162/3484
vt 0.83750 1.35062
vt 0.83750 1.35938
vt 1.08750 1.35938
vt 1.08750 1.35062
f 1165/3485 1166/3486 1167/3487 1168/3488
vt 0.83750 -1.81688
vt 0.83750 -1.80812
vt 1.08750 -1.80812
vt 1.08750 -1.81688
f 1161/3489 1165/3490 1168/3491 1164/3492
vt 0.83750 -1.81688
vt 1.08750 -1.81688
vt 1.08750 -1.80812
vt 0.83750 -1.80812
f 1162/3493 1163/3494 1167/3495 1166/3496
vt 1.35062 -1.81688
vt 1.35062 -1.80812
vt 1.35938 -1.80812
vt 1.35938 -1.81688
f 1164/3497 1168/3498 1167/3499 1163/3500
vt 1.35062 -1.81688
vt 1.35938 -1.81688
vt 1.35938 -1.80812
vt 1.35062 -1.80812
f 1161/3501 1162/3502 1166/3503 1165/3504
vt 0.83750 1.42562
vt 1.08750 1.42562
vt 1.08750 1.43437
vt 0.83750 1.43437
f 1169/3505 1172/3506 1171/3507 1170/3508
vt 0.83750 1.42562
vt 0.83750 1.43437
vt 1.08750 1.43437
vt 1.08750 1.42562
f 1173/3509 1174/3510 1175/3511 1176/3512
vt 0.83750 -1.81688
vt 0.83750 -1.80812
vt 1.08750 -1.80812
vt 1.08750 -1.81688
f 1169/3513 1173/3514 1176/3515 1172/3516
vt 0.83750 -1.81688
vt 1.08750 -1.81688
vt 1.08750 -1.80812
vt 0.83750 -1.80812
f 1170/3517 1171/3518 1175/3519 1174/3520
vt 1.42562 -1.81688
vt 1.42562 -1.80812
vt 1.43437 -1.80812
vt 1.43437 -1.81688
f 1172/3521 1176/3522 1175/3523 1171/3524
vt 1.42562 -1.81688
vt 1.43437 -1.81688
vt 1.43437 -1.80812
vt 1.42562 -1.80812
f 1169/3525 1170/3526 1174/3527 1173/3528
vt 0.83750 1.50062
vt 1.08750 1.50062
vt 1.08750 1.50937
vt 0.83750 1.50937
f 1177/3529 1180/3530 1179/3531 1178/3532
vt 0.83750 1.50062
vt 0.83750 1.50937
vt 1.08750 1.50937
vt 1.08750 1.50062
f 1181/3533 1182/3534 1183/3535 1184/3536
vt 0.83750 -1.81688
vt 0.83750 -1.80812
vt 1.08750 -1.80812
vt 1.08750 -1.81688
f 1177/3537 1181/3538 1184/3539 1180/3540
vt 0.83750 -1.81688
vt 1.08750 -1.81688
vt 1.08750 -1.80812
vt 0.83750 -1.80812
f 1178/3541 1179/3542 1183/3543 1182/3544
vt 1.50062 -1.81688
vt 1.50062 -1.80812
vt 1.50937 -1.80812
vt 1.50937 -1.81688
f 1180/3545 1184/3546 1183/3547 1179/3548
vt 1.50062 -1.81688
vt 1.50937 -1.81688
vt 1.50937 -1.80812
vt 1.50062 -1.80812
f 1177/3549 1178/3550 1182/3551 1181/3552
vt 0.83750 1.57563
vt 1.08750 1.57563
vt 1.08750 1.58438
vt 0.83750 1.58438
f 1185/3553 1188/3554 1187/3555 1186/3556
vt 0.83750 1.57563
vt 0.83750 1.58438
vt 1.08750 1.58438
vt 1.08750 1.57563
f 1189/3557 1190/3558 1191/3559 1192/3560
vt 0.83750 -1.81688
vt 0.83750 -1.80812
vt 1.08750 -1.80812
vt 1.08750 -1.81688
f 1185/3561 1189/3562 1192/3563 1188/3564
vt 0.83750 -1.81688
vt 1.08750 -1.81688
vt 1.08750 -1.80812
vt 0.83750 -1.80812
f 1186/3565 1187/3566 1191/3567 1190/3568
vt 1.57563 -1.81688
vt 1.57563 -1.80812
vt 1.58438 -1.80812
vt 1.58438 -1.81688
f 1188/3569 1192/3570 1191/3571 1187/3572
vt 1.57563 -1.81688
vt 1.58438 -1.81688
vt 1.58438 -1.80812
vt 1.57563 -1.80812
f 1185/3573 1186/3574 1190/3575 1189/3576
vt 0.96813 1.08062
vt 0.96813 1.09437
vt 0.98188 1.09437
vt 0.98188 1.08062
f 1193/3577 1196/3578 1195/3579 1194/3580
vt 0.96813 1.08062
vt 0.98188 1.08062
vt 0.98188 1.09437
vt 0.96813 1.09437
f 1197/3581 1198/3582 1199/3583 1200/3584
vt -1.81875 1.08062
vt -1.50625 1.08062
vt -1.50625 1.09437
vt -1.81875 1.09437
f 1193/3585 1197/3586 1200/3587 1196/3588
vt -1.81875 1.08062
vt -1.81875 1.09437
vt -1.50625 1.09437
vt -1.50625 1.08062
f 1194/3589 1195/3590 1199/3591 1198/3592
vt -1.81875 0.96813
vt -1.50625 0.96813
vt -1.50625 0.98188
vt -1.81875 0.98188
f 1196/3593 1200/3594 1199/3595 1195/3596
vt -1.81875 0.96813
vt -1.81875 0.98188
vt -1.50625 0.98188
vt -1.50625 0.96813
f 1193/3597 1194/3598 1198/3599 1197/3600
vt 1.57812 1.08062
vt 1.57812 1.09437
vt 1.59187 1.09437
vt 1.59187 1.08062
f 1201/3601 1204/3602 1203/3603 1202/3604
vt 1.57812 1.08062
vt 1.59187 1.08062
vt 1.59187 1.09437
vt 1.57812 1.09437
f 1205/3605 1206/3606 1207/3607 1208/3608
vt -1.81875 1.08062
vt -1.50625 1.08062
vt -1.50625 1.09437
vt -1.81875 1.09437
f 1201/3609 1205/3610 1208/3611 1204/3612
vt -1.81875 1.08062
vt -1.81875 1.09437
vt -1.50625 1.09437
vt -1.50625 1.08062
f 1202/3613 1203/3614 1207/3615 1206/3616
vt -1.81875 1.57812
vt -1.50625 1.57812
vt -1.50625 1.59187
vt -1.81875 1.59187
f 1204/3617 1208/3618 1207/3619 1203/3620
vt -1.81875 1.57812
vt -1.81875 1.59187
vt -1.50625 1.59187
vt -1.50625 1.57812
f 1201/3621 1202/3622 1206/3623 1205/3624
vt 0.00000 -1.97937
vt 2.32500 -1.97937
vt 2.32500 -1.96063
vt 0.00000 -1.96063
f 1209/3625 1212/3626 1211/3627 1210/3628
vt 0.00000 -1.97937
vt 0.00000 -1.96063
vt 2.32500 -1.96063
vt 2.32500 -1.97937
f 1213/3629 1214/3630 1215/3631 1216/3632
vt 0.00000 -1.53937
vt 0.00000 -1.52063
vt 2.32500 -1.52063
vt 2.32500 -1.53937
f 1209/3633 1213/3634 1216/3635 1212/3636
vt 0.00000 -1.53937
vt 2.32500 -1.53937
vt 2.32500 -1.52063
vt 0.00000 -1.52063
f 1210/3637 1211/3638 1215/3639 1214/3640
vt -1.97937 -1.53937
vt -1.97937 -1.52063
vt -1.96063 -1.52063
vt -1.96063 -1.53937
f 1212/3641 1216/3642 1215/3643 1211/3644
vt -1.97937 -1.53937
vt -1.96063 -1.53937
vt -1.96063 -1.52063
vt -1.97937 -1.52063
f 1209/3645 1210/3646 1214/3647 1213/3648
vt 0.00000 1.96063
vt 2.32500 1.96063
vt 2.32500 1.97937
vt 0.00000 1.97937
f 1217/3649 1220/3650 1219/3651 1218/3652
vt 0.00000 1.96063
vt 0.00000 1.97937
vt 2.32500 1.97937
vt 2.32500 1.96063
f 1221/3653 1222/3654 1223/3655 1224/3656
vt 0.00000 -1.53937
vt 0.00000 -1.52063
vt 2.32500 -1.52063
vt 2.32500 -1.53937
f 1217/3657 1221/3658 1224/3659 1220/3660
vt 0.00000 -1.53937
vt 2.32500 -1.53937
vt 2.32500 -1.52063
vt 0.00000 -1.52063
f 1218/3661 1219/3662 1223/3663 1222/3664
vt 1.96063 -1.53937
vt 1.96063 -1.52063
vt 1.97937 -1.52063
vt 1.97937 -1.53937
f 1220/3665 1224/3666 1223/3667 1219/3668
vt 1.96063 -1.53937
vt 1.97937 -1.53937
vt 1.97937 -1.52063
vt 1.96063 -1.52063
f 1217/3669 1218/3670 1222/3671 1221/3672
vt 0.52500 2.36875
vt 0.52500 2.58125
vt 1.07500 2.58125
vt 1.07500 2.36875
f 1225/3673 1228/3674 1227/3675 1226/3676
vt 0.52500 2.36875
vt 1.07500 2.36875
vt 1.07500 2.58125
vt 0.52500 2.58125
f 1229/3677 1230/3678 1231/3679 1232/3680
vt -0.22500 2.36875
vt 0.22500 2.36875
vt 0.22500 2.58125
vt -0.22500 2.58125
f 1225/3681 1229/3682 1232/3683 1228/3684
vt -0.22500 2.36875
vt -0.22500 2.58125
vt 0.22500 2.58125
vt 0.22500 2.36875
f 1226/3685 1227/3686 1231/3687 1230/3688
vt 0.52500 -0.22500
vt 0.52500 0.22500
vt 1.07500 0.22500
vt 1.07500 -0.22500
f 1228/3689 1232/3690 1231/3691 1227/3692
vt 0.52500 -0.22500
vt 1.07500 -0.22500
vt 1.07500 0.22500
vt 0.52500 0.22500
f 1225/3693 1226/3694 1230/3695 1229/3696
o Roof
usemtl Roof
v -8.12500 9.30000 -6.12500
v 8.12500 9.30000 -6.12500
v 8.12500 9.50000 -6.12500
v -8.12500 9.50000 -6.12500
v -8.12500 9.30000 6.12500
v 8.12500 9.30000 6.12500
v 8.12500 9.50000 6.12500
v -8.12500 9.50000 6.12500
vt -2.03125 2.32500
vt -2.03125 2.37500
vt 2.03125 2.37500
vt 2.03125 2.32500
f 1233/3697 1236/3698 1235/3699 1234/3700
vt -2.03125 2.32500
vt 2.03125 2.32500
vt 2.03125 2.37500
vt -2.03125 2.37500
f 1237/3701 1238/3702 1239/3703 1240/3704
vt -1.53125 2.32500
vt 1.53125 2.32500
vt 1.53125 2.37500
vt -1.53125 2.37500
f 1233/3705 1237/3706 1240/3707 1236/3708
vt -1.53125 2.32500
vt -1.53125 2.37500
vt 1.53125 2.37500
vt 1.53125 2.32500
f 1234/3709 1235/3710 1239/3711 1238/3712
vt -2.03125 -1.53125
vt -2.03125 1.53125
vt 2.03125 1.53125
vt 2.03125 -1.53125
f 1236/3713 1240/3714 1239/3715 1235/3716
vt -2.03125 -1.53125
vt 2.03125 -1.53125
vt 2.03125 1.53125
vt -2.03125 1.53125
f 1233/3717 1234/3718 1238/3719 1237/3720
